cluster,lag_s,sum_player,sum_centroid,sum_relative,sum_cross,n_pairs
2020-07-03__1H__rosenborg__A,1.0,140246.58434102553,80755.74135871249,63973.027176095326,-4482.18419378228,32898
2020-07-03__1H__rosenborg__A,2.0,522851.6262603426,306117.89059105096,225001.9896288914,-8268.253959599782,32877
2020-07-03__1H__rosenborg__A,3.0,1084368.9529890113,649586.517759405,446480.0898482888,-11697.65461868235,32858
2020-07-03__1H__rosenborg__A,4.0,1768080.198292158,1081975.2096293706,702024.2153585262,-15919.226695739228,32839
2020-07-03__1H__rosenborg__A,5.0,2529222.031181803,1575356.3414739647,973399.4798556312,-19533.790147793632,32820
2020-07-03__1H__rosenborg__A,6.0,3334026.9779108386,2106704.9786618883,1249712.7178860866,-22390.71863713509,32801
2020-07-03__1H__rosenborg__A,7.0,4157811.607260219,2657941.728020417,1524409.8293358034,-24539.950096001685,32782
2020-07-03__1H__rosenborg__A,8.0,4982866.800269157,3215772.6269289046,1792946.6495166628,-25852.47617641108,32763
2020-07-03__1H__rosenborg__A,9.0,5797316.27702715,3771327.105687199,2052202.3920472062,-26213.22070725461,32744
2020-07-03__1H__rosenborg__A,10.0,6595470.991322241,4319428.623042635,2301181.3911692817,-25139.02288967673,32725
2020-07-03__1H__rosenborg__A,11.0,7375045.780217206,4858035.33333109,2539541.32631927,-22530.87943315452,32706
2020-07-03__1H__rosenborg__A,12.0,8136951.305232413,5387259.180253642,2768272.4003251093,-18580.275346337963,32687
2020-07-03__1H__rosenborg__A,13.0,8883322.310263779,5908222.220528291,2988776.5713455635,-13676.48161007378,32668
2020-07-03__1H__rosenborg__A,14.0,9615833.30867934,6422177.59548642,3201523.14277766,-7867.429584741811,32649
2020-07-03__1H__rosenborg__A,15.0,10335893.473565226,6930286.40335433,3407593.277463467,-1986.2072525699623,32630
2020-07-03__1H__rosenborg__A,16.0,11043845.106020128,7433140.76548775,3606993.135533367,3711.2049990145897,32611
2020-07-03__1H__rosenborg__A,17.0,11739677.655514788,7930580.06215683,3799636.710048934,9460.883309022407,32592
2020-07-03__1H__rosenborg__A,18.0,12423795.43741513,8422675.009893987,3985933.828650451,15186.598870694259,32573
2020-07-03__1H__rosenborg__A,19.0,13097249.058736876,8909812.354989175,4166574.590284245,20862.113463456393,32554
2020-07-03__1H__rosenborg__A,20.0,13760882.828956833,9391862.697437793,4342034.660913802,26985.470605237177,32535
2020-07-03__1H__rosenborg__A,21.0,14415249.128677636,9868923.465120975,4512889.503136567,33436.16042009031,32516
2020-07-03__1H__rosenborg__A,22.0,15060464.26465074,10340744.919313204,4679244.649132214,40474.69620532493,32497
2020-07-03__1H__rosenborg__A,23.0,15696702.99894612,10807206.930355016,4841353.443432217,48142.62515888302,32478
2020-07-03__1H__rosenborg__A,24.0,16324257.584841205,11268393.799634919,4999315.064483027,56548.720723258215,32459
2020-07-03__1H__rosenborg__A,25.0,16943583.951030497,11724933.543253822,5153036.625755296,65613.78202137779,32440
2020-07-03__1H__rosenborg__A,26.0,17554595.373306286,12177815.698115127,5301951.994345391,74827.68084576473,32421
2020-07-03__1H__rosenborg__A,27.0,18157043.71140415,12627640.00526465,5445487.1888873335,83916.51725216198,32402
2020-07-03__1H__rosenborg__A,28.0,18750613.11896859,13074394.521601524,5583433.260893867,92785.33647319881,32383
2020-07-03__1H__rosenborg__A,29.0,19334407.968748137,13517398.149630034,5715576.099251219,101433.71986688115,32364
2020-07-03__1H__rosenborg__A,30.0,19907197.94996168,13955741.536026258,5841707.205217863,109749.20871755839,32345
2020-07-03__1H__rosenborg__A,31.0,20468347.439636525,14387959.707264999,5962214.222204234,118173.5101672895,32326
2020-07-03__1H__rosenborg__A,32.0,21016755.896754596,14812155.550123248,6077809.871100966,126790.47553037893,32307
2020-07-03__1H__rosenborg__A,33.0,21551080.106937613,15226565.288331376,6189411.27935721,135103.53924902584,32288
2020-07-03__1H__rosenborg__A,34.0,22069978.493478198,15629124.718453644,6297069.491890398,143784.2831341579,32269
2020-07-03__1H__rosenborg__A,35.0,22571095.009665083,16017982.311054861,6400304.981739226,152807.71687099768,32250
2020-07-03__1H__rosenborg__A,36.0,23052296.17217369,16391514.38052193,6498820.524686217,161961.26696553518,32231
2020-07-03__1H__rosenborg__A,37.0,23512055.29764551,16748682.332168214,6592348.895393542,171024.0700837557,32212
2020-07-03__1H__rosenborg__A,38.0,23949298.18291172,17088711.396182228,6680460.974682567,180125.81204693456,32193
2020-07-03__1H__rosenborg__A,39.0,24363384.447050147,17411462.948714316,6762887.049252609,189034.44908322248,32174
2020-07-03__1H__rosenborg__A,40.0,24754774.654322013,17717272.371080827,6839755.197514946,197747.08572624618,32155
2020-07-03__1H__rosenborg__A,41.0,25123977.093104057,18006613.523149766,6911131.467756117,206232.10219817335,32136
2020-07-03__1H__rosenborg__A,42.0,25471630.128099486,18280100.206595063,6977274.304423311,214255.61708111374,32117
2020-07-03__1H__rosenborg__A,43.0,25798199.170510072,18538213.103453945,7038502.968714747,221483.0983413789,32098
2020-07-03__1H__rosenborg__A,44.0,26104260.75791948,18781498.116756678,7094944.308428965,227818.33273384284,32079
2020-07-03__1H__rosenborg__A,45.0,26390399.440057546,19010508.79303423,7146573.174633469,233317.47238984692,32060
2020-07-03__1H__rosenborg__A,46.0,26658788.48075627,19225823.552604225,7194793.368683981,238171.55946806498,32041
2020-07-03__1H__rosenborg__A,47.0,26910600.02111098,19428031.123022247,7239956.737801747,242612.16028698633,32022
2020-07-03__1H__rosenborg__A,48.0,27147466.7251561,19617905.792529184,7282705.946739863,246854.98588705028,32003
2020-07-03__1H__rosenborg__A,49.0,27370432.632121608,19796308.60896902,7323219.453115693,250904.57003688742,31984
2020-07-03__1H__rosenborg__A,50.0,27579292.24424181,19963521.126185194,7361027.481902369,254743.6361542499,31965
2020-07-03__1H__rosenborg__A,51.0,27772827.45036124,20119240.086884163,7395825.950553763,257761.4129233196,31946
2020-07-03__1H__rosenborg__A,52.0,27949549.274765138,20262349.14193534,7427395.934714591,259804.19811520155,31927
2020-07-03__1H__rosenborg__A,53.0,28108215.69497827,20391894.684219815,7455450.533243397,260870.47751506255,31908
2020-07-03__1H__rosenborg__A,54.0,28248643.194511343,20507892.147919726,7479757.733758397,260993.31283322693,31889
2020-07-03__1H__rosenborg__A,55.0,28371763.71446119,20610735.665299065,7500419.461013186,260608.5881489364,31870
2020-07-03__1H__rosenborg__A,56.0,28478593.65452635,20700710.767642707,7517892.731741456,259990.15514218214,31851
2020-07-03__1H__rosenborg__A,57.0,28570138.03035922,20778421.74945318,7532620.541844192,259095.73906184803,31832
2020-07-03__1H__rosenborg__A,58.0,28647392.729070973,20843990.791750167,7545381.30047084,258020.63684995787,31813
2020-07-03__1H__rosenborg__A,59.0,28711871.09733327,20897828.496266045,7557210.18431516,256832.4167520696,31794
2020-07-03__1H__rosenborg__A,60.0,28765269.315192223,20941108.50229256,7568704.927509887,255455.88538977754,31775
2020-07-03__2H__rosenborg__A,1.0,131396.6974846459,80468.40522050172,54251.84011340514,-3323.547849260951,30793
2020-07-03__2H__rosenborg__A,2.0,488841.96833172586,305016.3668138059,190292.82157064328,-6467.220052723345,30776
2020-07-03__2H__rosenborg__A,3.0,1008703.4084967859,644241.0108478661,373647.32811161835,-9184.930462698565,30759
2020-07-03__2H__rosenborg__A,4.0,1634363.665721152,1066409.810873882,579375.1300696647,-11421.275222394612,30742
2020-07-03__2H__rosenborg__A,5.0,2322371.774760464,1543418.576521747,792200.4610718561,-13247.262833138695,30725
2020-07-03__2H__rosenborg__A,6.0,3041105.6009990107,2052846.117139332,1003312.0739001584,-15052.59004048018,30708
2020-07-03__2H__rosenborg__A,7.0,3769337.3217126797,2578190.1875063744,1208229.3084075218,-17082.174201217218,30691
2020-07-03__2H__rosenborg__A,8.0,4493716.431980896,3107985.546549538,1405089.5124594786,-19358.627028120638,30674
2020-07-03__2H__rosenborg__A,9.0,5206915.30214845,3635103.1107447473,1593661.9950605934,-21849.80365688933,30657
2020-07-03__2H__rosenborg__A,10.0,5906831.990450831,4155953.8394607664,1775260.0778407026,-24381.926850638294,30640
2020-07-03__2H__rosenborg__A,11.0,6593245.799699556,4669517.8834046405,1950810.907957379,-27082.99166246556,30623
2020-07-03__2H__rosenborg__A,12.0,7266830.987588945,5176107.532106365,2120876.938556297,-30153.483073718395,30606
2020-07-03__2H__rosenborg__A,13.0,7927972.619055204,5676628.888693176,2285070.989374713,-33727.259012683586,30589
2020-07-03__2H__rosenborg__A,14.0,8577088.825115835,6172133.735390387,2442896.171523319,-37941.08179786976,30572
2020-07-03__2H__rosenborg__A,15.0,9214531.398986513,6663821.106932379,2593546.0447200877,-42835.752665952925,30555
2020-07-03__2H__rosenborg__A,16.0,9841485.81935185,7152832.7642218955,2736949.979976133,-48296.924846177804,30538
2020-07-03__2H__rosenborg__A,17.0,10459704.397720624,7640243.06488207,2873486.833606956,-54025.50076840265,30521
2020-07-03__2H__rosenborg__A,18.0,11070505.503293542,8126500.137988563,3003934.166426267,-59928.801121288765,30504
2020-07-03__2H__rosenborg__A,19.0,11674026.701025426,8611179.95153124,3128811.5784111987,-65964.82891701141,30487
2020-07-03__2H__rosenborg__A,20.0,12270031.789518094,9093071.128128197,3249196.995455262,-72236.33406536278,30470
2020-07-03__2H__rosenborg__A,21.0,12857783.016430218,9570593.753583228,3365810.5288269627,-78621.2659799754,30453
2020-07-03__2H__rosenborg__A,22.0,13436304.754790597,10042318.955426076,3479214.5400441154,-85228.74067959617,30436
2020-07-03__2H__rosenborg__A,23.0,14004891.066107994,10507190.57738508,3589582.4592396542,-91881.9705167406,30419
2020-07-03__2H__rosenborg__A,24.0,14562639.699026987,10964272.465422437,3696954.009057565,-98586.77545301284,30402
2020-07-03__2H__rosenborg__A,25.0,15108153.853164548,11412492.597930523,3800980.4443866494,-105319.18915262981,30385
2020-07-03__2H__rosenborg__A,26.0,15640034.514869384,11850992.600720176,3900961.1560841664,-111919.24193495564,30368
2020-07-03__2H__rosenborg__A,27.0,16158074.599597879,12279596.876961084,3996718.63626232,-118240.91362551937,30351
2020-07-03__2H__rosenborg__A,28.0,16663376.159702288,12698730.520323284,4088776.044063649,-124130.40468464477,30334
2020-07-03__2H__rosenborg__A,29.0,17157511.688300636,13109307.318323204,4178138.301164497,-129933.93118706829,30317
2020-07-03__2H__rosenborg__A,30.0,17641694.882704634,13512381.045881826,4265222.82956048,-135908.99273766798,30300
2020-07-03__2H__rosenborg__A,31.0,18117153.24470089,13909050.762943048,4350160.180602154,-142057.69884430832,30283
2020-07-03__2H__rosenborg__A,32.0,18585541.350945972,14300812.961981477,4433098.36205501,-148369.97309052135,30266
2020-07-03__2H__rosenborg__A,33.0,19048190.373557158,14688523.234170452,4514186.114314011,-154518.97492730874,30249
2020-07-03__2H__rosenborg__A,34.0,19505702.142954133,15072871.478381567,4593368.7952223895,-160538.13064982498,30232
2020-07-03__2H__rosenborg__A,35.0,19957421.18113005,15453278.232546179,4670533.064125266,-166390.1155413952,30215
2020-07-03__2H__rosenborg__A,36.0,20401759.24477639,15828219.290943334,4745613.599148137,-172073.64531507983,30198
2020-07-03__2H__rosenborg__A,37.0,20837453.240528945,16196129.988813546,4818847.9614693085,-177524.70975391142,30181
2020-07-03__2H__rosenborg__A,38.0,21264460.788302466,16556292.803318674,4890299.930980715,-182131.9459969208,30164
2020-07-03__2H__rosenborg__A,39.0,21681400.55070265,16907837.82857106,4960141.757974015,-186579.03584242746,30147
2020-07-03__2H__rosenborg__A,40.0,22086678.815000333,17249156.32581363,5028295.217352317,-190772.728165605,30130
2020-07-03__2H__rosenborg__A,41.0,22479474.840763096,17579521.390979502,5094715.013753507,-194761.56396991631,30113
2020-07-03__2H__rosenborg__A,42.0,22859044.859967083,17898404.29970007,5159387.824281197,-198747.26401418855,30096
2020-07-03__2H__rosenborg__A,43.0,23224324.519966412,18205465.508184988,5221897.781544257,-203038.76976283698,30079
2020-07-03__2H__rosenborg__A,44.0,23575832.258934945,18501547.77104921,5282240.589726569,-207956.1018408403,30062
2020-07-03__2H__rosenborg__A,45.0,23914358.572574697,18787470.51387458,5340533.315974507,-213645.2572743909,30045
2020-07-03__2H__rosenborg__A,46.0,24239330.504684225,19063037.62917794,5396258.637874038,-219965.7623677525,30028
2020-07-03__2H__rosenborg__A,47.0,24550652.91733121,19328094.425822657,5449382.274172982,-226823.7826644276,30011
2020-07-03__2H__rosenborg__A,48.0,24849404.178496007,19583204.143533148,5500343.842684808,-234143.80772194825,29994
2020-07-03__2H__rosenborg__A,49.0,25136211.975502893,19828295.416555293,5549641.570735898,-241725.0117882943,29977
2020-07-03__2H__rosenborg__A,50.0,25410525.660454713,20062160.699413687,5597556.082408203,-249191.12136717758,29960
2020-07-03__2H__rosenborg__A,51.0,25670904.12018493,20283439.91562103,5643669.666797176,-256205.4622332799,29943
2020-07-03__2H__rosenborg__A,52.0,25917052.24678583,20491739.27479178,5687915.615725737,-262602.64373168815,29926
2020-07-03__2H__rosenborg__A,53.0,26150838.753620006,20688646.33015881,5730458.994603088,-268266.57114189403,29909
2020-07-03__2H__rosenborg__A,54.0,26375174.28363193,20876721.30277861,5771753.975264433,-273300.994411112,29892
2020-07-03__2H__rosenborg__A,55.0,26593290.729246132,21058591.693241913,5812509.219518771,-277810.1835145575,29875
2020-07-03__2H__rosenborg__A,56.0,26808338.831364445,21237202.182387013,5852902.236118842,-281765.58714140864,29858
2020-07-03__2H__rosenborg__A,57.0,27021536.737587463,21414245.44788084,5892728.943311889,-285437.6536052666,29841
2020-07-03__2H__rosenborg__A,58.0,27231595.32326367,21589141.079961516,5931421.096205315,-288966.8529031613,29824
2020-07-03__2H__rosenborg__A,59.0,27437019.23224561,21760321.148521833,5968965.148247792,-292267.0645240203,29807
2020-07-03__2H__rosenborg__A,60.0,27637052.065223157,21926571.113862656,6005946.76807719,-295465.816716696,29790
2020-07-11__1H__rosenborg__A,1.0,123117.83171731542,75350.19517699446,48031.60332714328,-263.9667868223137,28823
2020-07-11__1H__rosenborg__A,2.0,460118.44760195765,289225.86242293793,171282.50421749114,-389.9190384714675,28812
2020-07-11__1H__rosenborg__A,3.0,952631.5649420278,615568.4000721473,337484.5718548355,-421.40698495484685,28801
2020-07-11__1H__rosenborg__A,4.0,1548906.7507416648,1026078.2278076112,523245.2892132895,-416.76627923616616,28790
2020-07-11__1H__rosenborg__A,5.0,2210282.592106456,1495691.0548164127,714942.1632572651,-350.62596722191665,28779
2020-07-11__1H__rosenborg__A,6.0,2909168.4548149025,2004249.8059874242,905094.1454263665,-175.49659888719907,28768
2020-07-11__1H__rosenborg__A,7.0,3626395.7976679313,2536351.2601827253,1089947.3597188995,97.1777663071698,28757
2020-07-11__1H__rosenborg__A,8.0,4348264.643532926,3080330.100873974,1267538.9944097053,395.5482492456795,28746
2020-07-11__1H__rosenborg__A,9.0,5064838.28887599,3627488.5567395017,1436688.5573917397,661.1747447476955,28735
2020-07-11__1H__rosenborg__A,10.0,5769060.055018256,4171505.0907410346,1596674.8478889675,880.1163882551191,28724
2020-07-11__1H__rosenborg__A,11.0,6455862.012517791,4707724.248896891,1747069.6191152986,1068.1445056002412,28713
2020-07-11__1H__rosenborg__A,12.0,7121336.360545356,5232624.929193021,1887515.9536093,1195.4777430351824,28702
2020-07-11__1H__rosenborg__A,13.0,7762984.834766189,5743573.557587285,2018094.5543224062,1316.7228564979741,28691
2020-07-11__1H__rosenborg__A,14.0,8380022.097320864,6238822.275884165,2139582.5069020335,1617.314534664154,28680
2020-07-11__1H__rosenborg__A,15.0,8972270.488217864,6717355.187899744,2252806.7806376964,2108.5196804214793,28669
2020-07-11__1H__rosenborg__A,16.0,9539545.651860712,7178574.279863814,2358337.180701958,2634.191294941498,28658
2020-07-11__1H__rosenborg__A,17.0,10082253.405921264,7622433.315256928,2456800.563397382,3019.5272669545375,28647
2020-07-11__1H__rosenborg__A,18.0,10601796.779193666,8049428.36228075,2549231.8481193916,3136.5687935228343,28636
2020-07-11__1H__rosenborg__A,19.0,11100373.126061799,8460231.194822127,2637117.8058464825,3024.125393189548,28625
2020-07-11__1H__rosenborg__A,20.0,11579961.737429045,8855395.16263106,2721783.275494854,2783.299303125008,28614
2020-07-11__1H__rosenborg__A,21.0,12041730.482054697,9235225.615311703,2804014.726341013,2490.1404019769107,28603
2020-07-11__1H__rosenborg__A,22.0,12486055.174307412,9600070.068019696,2883875.4621665264,2109.64412118998,28592
2020-07-11__1H__rosenborg__A,23.0,12913433.675679822,9950565.799049377,2961261.542488803,1606.3341416442127,28581
2020-07-11__1H__rosenborg__A,24.0,13325336.189002784,10287848.225064814,3036507.0908110924,980.8731268768897,28570
2020-07-11__1H__rosenborg__A,25.0,13723325.6573453,10613089.3321491,3110018.204404154,218.12079204598558,28559
2020-07-11__1H__rosenborg__A,26.0,14108707.779200237,10927355.848239576,3182066.6341797384,-714.7032190781902,28548
2020-07-11__1H__rosenborg__A,27.0,14482232.645485735,11231226.002388256,3252721.181177738,-1714.5380802595173,28537
2020-07-11__1H__rosenborg__A,28.0,14844375.24210481,11525155.791414235,3321837.899708975,-2618.4490184015012,28526
2020-07-11__1H__rosenborg__A,29.0,15195361.702550257,11809656.637059411,3389115.3198525165,-3410.2543616693,28515
2020-07-11__1H__rosenborg__A,30.0,15535039.699573044,12085154.93874218,3454083.1069733594,-4198.346142496157,28504
2020-07-11__1H__rosenborg__A,31.0,15863740.843739675,12352122.856910542,3516539.615585245,-4921.628756111837,28493
2020-07-11__1H__rosenborg__A,32.0,16182479.238170367,12611237.058630992,3576739.2572972225,-5497.07775785093,28482
2020-07-11__1H__rosenborg__A,33.0,16492861.241171807,12863759.641011512,3635039.6255271314,-5938.025366830232,28471
2020-07-11__1H__rosenborg__A,34.0,16796047.379345782,13110897.956679514,3691429.680821239,-6280.258154967974,28460
2020-07-11__1H__rosenborg__A,35.0,17092811.60641448,13353531.679877039,3745837.4654315687,-6557.538894133177,28449
2020-07-11__1H__rosenborg__A,36.0,17383436.531983048,13592171.031985171,3798089.5538299046,-6824.053832029516,28438
2020-07-11__1H__rosenborg__A,37.0,17667786.450430818,13827105.18034007,3847820.785435963,-7139.515345216554,28427
2020-07-11__1H__rosenborg__A,38.0,17945736.200442184,14058595.226455402,3894631.9423368117,-7490.9683500278625,28416
2020-07-11__1H__rosenborg__A,39.0,18217626.185738117,14287026.457571369,3938476.3492502887,-7876.6210835393285,28405
2020-07-11__1H__rosenborg__A,40.0,18483696.081889242,14512564.845027577,3979463.631571199,-8332.394709535583,28394
2020-07-11__1H__rosenborg__A,41.0,18743793.729145456,14734861.266226768,4017845.5073785614,-8913.044459881028,28383
2020-07-11__1H__rosenborg__A,42.0,18997580.873638645,14953319.706225041,4053860.4611709835,-9599.29375737661,28372
2020-07-11__1H__rosenborg__A,43.0,19244825.918716524,15167543.625242868,4087598.085208313,-10315.79173466051,28361
2020-07-11__1H__rosenborg__A,44.0,19485984.30100115,15377751.214138357,4119187.829884075,-10954.743021277885,28350
2020-07-11__1H__rosenborg__A,45.0,19722229.645935137,15584694.645291885,4148931.381207842,-11396.380564590276,28339
2020-07-11__1H__rosenborg__A,46.0,19955210.24361079,15789653.590067431,4177122.5966974036,-11565.94315404282,28328
2020-07-11__1H__rosenborg__A,47.0,20185708.686805893,15993243.773416866,4204011.114717564,-11546.201328535797,28317
2020-07-11__1H__rosenborg__A,48.0,20413230.905587576,16195070.56758519,4229570.545154573,-11410.207152189338,28306
2020-07-11__1H__rosenborg__A,49.0,20637028.095363855,16395331.653212806,4253340.823951421,-11644.381800367031,28295
2020-07-11__1H__rosenborg__A,50.0,20855820.005359776,16592331.707406169,4275262.733543215,-11774.435589607921,28284
2020-07-11__1H__rosenborg__A,51.0,21067171.1156444,16783779.67680324,4295302.464649941,-11911.025808784761,28273
2020-07-11__1H__rosenborg__A,52.0,21268549.513711665,16967092.995251473,4313547.991931035,-12091.4734708459,28262
2020-07-11__1H__rosenborg__A,53.0,21457958.325153627,17140476.89263022,4329791.946020502,-12310.51349709509,28251
2020-07-11__1H__rosenborg__A,54.0,21634744.295132324,17303414.402373467,4343935.740262203,-12605.847503345809,28240
2020-07-11__1H__rosenborg__A,55.0,21799775.853250958,17456517.92972803,4356202.556088673,-12944.6325657501,28229
2020-07-11__1H__rosenborg__A,56.0,21955383.700445645,17601343.808308262,4367270.389139281,-13230.49700189376,28218
2020-07-11__1H__rosenborg__A,57.0,22104353.67111902,17739691.80191704,4378078.402306256,-13416.53310427611,28207
2020-07-11__1H__rosenborg__A,58.0,22248497.83129113,17872646.505762696,4389331.863137232,-13480.537608795159,28196
2020-07-11__1H__rosenborg__A,59.0,22387985.607239388,17999913.29870314,4401369.501884068,-13297.193347827124,28185
2020-07-11__1H__rosenborg__A,60.0,22521113.327900156,18120115.73205531,4413789.949743126,-12792.353898285539,28174
2020-07-11__2H__rosenborg__A,1.0,131418.19844483183,78755.7344838564,54203.810462418776,-1541.3465014433366,30683
2020-07-11__2H__rosenborg__A,2.0,493073.6555795405,301595.2821313425,193922.177028447,-2443.803580249163,30667
2020-07-11__2H__rosenborg__A,3.0,1025825.3575625839,643168.4306801128,385344.34847502294,-2687.421592551933,30651
2020-07-11__2H__rosenborg__A,4.0,1676599.1443117927,1075792.510920624,603136.0493677309,-2329.4159765624154,30635
2020-07-11__2H__rosenborg__A,5.0,2404680.8487907387,1574485.6827625611,831656.1874828066,-1461.0214546283642,30619
2020-07-11__2H__rosenborg__A,6.0,3179534.2973478585,2118230.568945646,1061483.356539249,-179.62813703615393,30603
2020-07-11__2H__rosenborg__A,7.0,3978671.926246086,2690802.516091288,1287392.7895944137,476.6205603846538,30587
2020-07-11__2H__rosenborg__A,8.0,4786583.8370886585,3279616.9085395015,1506095.7291308763,871.1994182807684,30571
2020-07-11__2H__rosenborg__A,9.0,5593324.150876209,3875952.7072962294,1716079.2397190542,1292.2038609266529,30555
2020-07-11__2H__rosenborg__A,10.0,6392178.76378852,4473662.720048396,1916791.876674575,1724.167065548816,30539
2020-07-11__2H__rosenborg__A,11.0,7178406.361814571,5067965.381073643,2108333.63935803,2107.3413828964694,30523
2020-07-11__2H__rosenborg__A,12.0,7949121.498818702,5655175.806990856,2291357.7196866185,2587.972141229635,30507
2020-07-11__2H__rosenborg__A,13.0,8703210.754848111,6233257.281256658,2466718.538159707,3234.935431748301,30491
2020-07-11__2H__rosenborg__A,14.0,9440716.154028205,6801298.673455594,2635177.689169772,4239.791402838993,30475
2020-07-11__2H__rosenborg__A,15.0,10162216.222065464,7359400.899657612,2797289.3963020397,5525.926105813334,30459
2020-07-11__2H__rosenborg__A,16.0,10867961.534835195,7907349.538281167,2953600.183802947,7011.812751082667,30443
2020-07-11__2H__rosenborg__A,17.0,11556688.29598796,8443849.916983856,3104447.201253193,8391.1777509143,30427
2020-07-11__2H__rosenborg__A,18.0,12225646.966980666,8966534.09434298,3249595.2324025016,9517.640235184976,30411
2020-07-11__2H__rosenborg__A,19.0,12872696.426255219,9473575.05908791,3388889.1404389534,10232.226728351176,30395
2020-07-11__2H__rosenborg__A,20.0,13497494.317992983,9963954.954764925,3522778.698721964,10760.664506095374,30379
2020-07-11__2H__rosenborg__A,21.0,14100835.611518629,10437565.41264175,3652078.7863948243,11191.412482055937,30363
2020-07-11__2H__rosenborg__A,22.0,14683509.179969044,10894793.96934155,3777184.5381185827,11530.67250890968,30347
2020-07-11__2H__rosenborg__A,23.0,15245909.996920941,11336423.077359885,3897838.7786001177,11648.14096093837,30331
2020-07-11__2H__rosenborg__A,24.0,15788324.067641072,11763324.67452017,4013304.7689432995,11694.624177602804,30315
2020-07-11__2H__rosenborg__A,25.0,16311000.940202255,12176719.64419827,4123399.330616415,10881.965387568482,30299
2020-07-11__2H__rosenborg__A,26.0,16814119.05706416,12577283.87007943,4227658.2470154725,9176.939969259452,30283
2020-07-11__2H__rosenborg__A,27.0,17298281.57776917,12965363.66227438,4325993.5717638,6924.343730992645,30267
2020-07-11__2H__rosenborg__A,28.0,17763991.998274308,13340957.147484431,4418646.694704451,4388.156085427443,30251
2020-07-11__2H__rosenborg__A,29.0,18211672.95697191,13704027.039402626,4506049.671883211,1596.2456860697275,30235
2020-07-11__2H__rosenborg__A,30.0,18642016.08061035,14054480.357508807,4588316.2156317765,-780.4925302326592,30219
2020-07-11__2H__rosenborg__A,31.0,19055626.023263283,14392894.596838562,4665648.426346698,-2916.999921977709,30203
2020-07-11__2H__rosenborg__A,32.0,19453229.144477747,14719909.653724827,4738107.609926149,-4788.119173231724,30187
2020-07-11__2H__rosenborg__A,33.0,19835489.205224607,15036044.236386867,4805924.9877593815,-6480.018921641764,30171
2020-07-11__2H__rosenborg__A,34.0,20202785.001854964,15341595.156476073,4869343.567726754,-8153.722347860887,30155
2020-07-11__2H__rosenborg__A,35.0,20555025.52000524,15636406.478386723,4928566.722382012,-9947.680763495191,30139
2020-07-11__2H__rosenborg__A,36.0,20892001.82067112,15920648.700067611,4983708.514749438,-12355.394145934588,30123
2020-07-11__2H__rosenborg__A,37.0,21213740.42441513,16193663.759283563,5035358.046238005,-15281.381106439803,30107
2020-07-11__2H__rosenborg__A,38.0,21520857.805799115,16455707.148758993,5083951.607076515,-18800.95003638861,30091
2020-07-11__2H__rosenborg__A,39.0,21814199.576699484,16707343.133443536,5129919.042539329,-23062.599283377902,30075
2020-07-11__2H__rosenborg__A,40.0,22094861.283743616,16949187.92555794,5173633.55135829,-27960.193172612824,30059
2020-07-11__2H__rosenborg__A,41.0,22364730.46286486,17182570.94143106,5215565.728316182,-33406.20688237829,30043
2020-07-11__2H__rosenborg__A,42.0,22626215.794138454,17409399.689551037,5256102.943258919,-39286.83867150055,30027
2020-07-11__2H__rosenborg__A,43.0,22881294.646134134,17631080.434272327,5295652.984776462,-45438.77291465126,30011
2020-07-11__2H__rosenborg__A,44.0,23130896.989932887,17848053.240346067,5334533.3724653255,-51689.62287850072,29995
2020-07-11__2H__rosenborg__A,45.0,23375507.538816772,18060360.146348372,5373032.922535825,-57885.53006742642,29979
2020-07-11__2H__rosenborg__A,46.0,23615432.41024845,18268134.443800006,5411358.774445907,-64060.807997457916,29963
2020-07-11__2H__rosenborg__A,47.0,23850723.730275277,18471239.421847217,5449213.278797538,-69728.9703694789,29947
2020-07-11__2H__rosenborg__A,48.0,24080303.788377427,18669301.486437842,5485938.74165032,-74936.43971073555,29931
2020-07-11__2H__rosenborg__A,49.0,24302924.24184681,18861557.136977136,5521119.755089337,-79752.65021966625,29915
2020-07-11__2H__rosenborg__A,50.0,24517859.97052967,19047219.88627057,5554718.2428622395,-84078.1586031458,29899
2020-07-11__2H__rosenborg__A,51.0,24724129.48785556,19225506.091788195,5586664.757315536,-88041.36124817042,29883
2020-07-11__2H__rosenborg__A,52.0,24920191.359813213,19395178.909114983,5616566.195126226,-91553.74442799392,29867
2020-07-11__2H__rosenborg__A,53.0,25104428.85196899,19554808.54536873,5644433.376008371,-94813.0694081109,29851
2020-07-11__2H__rosenborg__A,54.0,25276474.099820297,19703789.858880408,5670670.411178083,-97986.17023819586,29835
2020-07-11__2H__rosenborg__A,55.0,25436686.49249202,19842256.482191727,5695363.26464251,-100933.25434221173,29819
2020-07-11__2H__rosenborg__A,56.0,25585852.78814448,19970935.27513693,5718700.272655798,-103782.75964824567,29803
2020-07-11__2H__rosenborg__A,57.0,25724910.42239499,20090651.31363661,5740659.626467248,-106400.51770886048,29787
2020-07-11__2H__rosenborg__A,58.0,25855114.362729236,20202626.390396018,5761130.344555575,-108642.37222235995,29771
2020-07-11__2H__rosenborg__A,59.0,25977706.312981874,20307788.477884036,5780035.782284652,-110117.94718681157,29755
2020-07-11__2H__rosenborg__A,60.0,26093777.573678907,20407169.42818219,5797695.73493564,-111087.58943892628,29739
2020-07-19__1H__rosenborg__A,1.0,123890.68846250241,74008.04767514138,54178.36483304445,-4295.72404568341,29485
2020-07-19__1H__rosenborg__A,2.0,465597.24487913854,282443.3383101778,192738.76401961592,-9584.857450655234,29468
2020-07-19__1H__rosenborg__A,3.0,973058.1436309477,603716.3722135205,384232.20316556265,-14890.431748135814,29451
2020-07-19__1H__rosenborg__A,4.0,1600967.9041151768,1015503.1402468114,605500.1090539395,-20035.345185573824,29434
2020-07-19__1H__rosenborg__A,5.0,2314820.448661014,1498028.8423228234,841740.8145161454,-24949.2081779551,29417
2020-07-19__1H__rosenborg__A,6.0,3088380.147586617,2034064.586268969,1083870.7211588444,-29555.159841196895,29400
2020-07-19__1H__rosenborg__A,7.0,3901486.475972449,2608757.4144734084,1326369.358589161,-33640.297090120854,29383
2020-07-19__1H__rosenborg__A,8.0,4738370.69337866,3209582.7497693966,1565569.2850904989,-36781.341481235795,29366
2020-07-19__1H__rosenborg__A,9.0,5586590.949505761,3826197.740165607,1799140.6823921916,-38747.4730520375,29349
2020-07-19__1H__rosenborg__A,10.0,6436290.226585025,4450212.945527825,2025644.3532280289,-39567.072170827916,29332
2020-07-19__1H__rosenborg__A,11.0,7279820.905810925,5074839.491245964,2244267.4174925694,-39286.00292760738,29315
2020-07-19__1H__rosenborg__A,12.0,8111254.047351896,5694755.477541132,2454816.6647360395,-38318.09492527337,29298
2020-07-19__1H__rosenborg__A,13.0,8926265.47550645,6305753.661882537,2657100.084582096,-36588.270958184265,29281
2020-07-19__1H__rosenborg__A,14.0,9721884.911915807,6905060.390250356,2851265.4344249237,-34440.91275947448,29264
2020-07-19__1H__rosenborg__A,15.0,10496200.019821573,7490671.808659156,3037462.4215255743,-31934.210363157472,29247
2020-07-19__1H__rosenborg__A,16.0,11246795.181269662,8060243.602711268,3215449.2438158477,-28897.665257452813,29230
2020-07-19__1H__rosenborg__A,17.0,11971572.95194645,8612013.851671027,3384773.542226406,-25214.44195098037,29213
2020-07-19__1H__rosenborg__A,18.0,12669491.577673174,9145171.162364848,3545239.639254743,-20919.223946416052,29196
2020-07-19__1H__rosenborg__A,19.0,13340264.540954165,9659328.010062536,3697088.776531249,-16152.24563962093,29179
2020-07-19__1H__rosenborg__A,20.0,13983718.819860633,10154482.88694441,3840917.8831852404,-11681.95026901632,29162
2020-07-19__1H__rosenborg__A,21.0,14599795.270769456,10630855.712806178,3976856.904121102,-7917.3461578251445,29145
2020-07-19__1H__rosenborg__A,22.0,15189060.06628028,11088751.880680693,4104827.3814159236,-4519.195816334366,29128
2020-07-19__1H__rosenborg__A,23.0,15752223.08570402,11528773.522144256,4225003.140332339,-1553.5767725737533,29111
2020-07-19__1H__rosenborg__A,24.0,16290418.716690108,11951708.264425358,4337692.040516429,1018.411748319515,29094
2020-07-19__1H__rosenborg__A,25.0,16805566.1509408,12358958.223120088,4443410.7538330415,3197.173987667309,29077
2020-07-19__1H__rosenborg__A,26.0,17299739.74880065,12751919.074052554,4542730.891250956,5089.7834971384145,29060
2020-07-19__1H__rosenborg__A,27.0,17774198.127859578,13131223.994182304,4636176.137444729,6797.996232547623,29043
2020-07-19__1H__rosenborg__A,28.0,18229230.391325317,13496838.386110444,4724154.512874997,8237.492339875258,29026
2020-07-19__1H__rosenborg__A,29.0,18664971.074631616,13848402.246477274,4807057.8009437015,9511.027210643515,29009
2020-07-19__1H__rosenborg__A,30.0,19082192.23648009,14186012.599406013,4885661.172100533,10518.464973543072,28992
2020-07-19__1H__rosenborg__A,31.0,19481584.949952163,14509844.521792516,4960598.928912639,11141.499247009866,28975
2020-07-19__1H__rosenborg__A,32.0,19863760.328710813,14820379.56061487,5032033.547330228,11347.220765717444,28958
2020-07-19__1H__rosenborg__A,33.0,20229123.495521136,15118150.365387151,5099814.374252703,11158.755881285295,28941
2020-07-19__1H__rosenborg__A,34.0,20578172.86420474,15403821.760745969,5163588.802187142,10762.301271629927,28924
2020-07-19__1H__rosenborg__A,35.0,20911737.49504009,15678067.726871785,5223178.526538352,10491.24162995466,28907
2020-07-19__1H__rosenborg__A,36.0,21231137.096692946,15941677.172942858,5278843.919890518,10616.003859568707,28890
2020-07-19__1H__rosenborg__A,37.0,21538091.573444333,16195745.109151956,5331002.788500103,11343.675792276103,28873
2020-07-19__1H__rosenborg__A,38.0,21834586.078980006,16441679.342625266,5380267.452509033,12639.283845706726,28856
2020-07-19__1H__rosenborg__A,39.0,22122624.836950313,16681069.952349951,5427418.762578327,14136.122022034659,28839
2020-07-19__1H__rosenborg__A,40.0,22403762.977759667,16914942.665169124,5472979.367328835,15840.945261708664,28822
2020-07-19__1H__rosenborg__A,41.0,22678770.471166465,17143807.946187764,5517003.06718404,17959.457794656075,28805
2020-07-19__1H__rosenborg__A,42.0,22948231.411095697,17368516.154968306,5559248.962688159,20466.29343923423,28788
2020-07-19__1H__rosenborg__A,43.0,23213068.72817062,17590204.65875111,5599431.6246575555,23432.44476195422,28771
2020-07-19__1H__rosenborg__A,44.0,23474381.835283477,17810046.036379717,5637458.801876629,26876.9970271372,28754
2020-07-19__1H__rosenborg__A,45.0,23732896.000221472,18028627.750169918,5673543.208498717,30725.041552836832,28737
2020-07-19__1H__rosenborg__A,46.0,23988887.199471496,18245628.59003069,5708286.309813143,34972.29962766392,28720
2020-07-19__1H__rosenborg__A,47.0,24242363.26289012,18460177.39610556,5742319.985670141,39865.8811144167,28703
2020-07-19__1H__rosenborg__A,48.0,24493030.55332521,18671569.66191193,5775825.593288571,45635.29812470649,28686
2020-07-19__1H__rosenborg__A,49.0,24740161.770127825,18879128.344333127,5808646.090147852,52387.33564684476,28669
2020-07-19__1H__rosenborg__A,50.0,24982913.604468785,19082296.81637442,5840353.107779447,60263.6803149131,28652
2020-07-19__1H__rosenborg__A,51.0,25220618.354221422,19280898.96887414,5870601.004763598,69118.3805836839,28635
2020-07-19__1H__rosenborg__A,52.0,25452877.591754317,19474912.20643352,5899257.264500993,78708.12081980598,28618
2020-07-19__1H__rosenborg__A,53.0,25679632.11710612,19664558.986323725,5926383.549843647,88689.58093875198,28601
2020-07-19__1H__rosenborg__A,54.0,25900822.531096615,19849825.565388873,5952112.137406279,98884.82830146316,28584
2020-07-19__1H__rosenborg__A,55.0,26115942.96568377,20030249.5517972,5976649.836604172,109043.57728239929,28567
2020-07-19__1H__rosenborg__A,56.0,26323836.221516907,20204964.350201458,5999894.215841078,118977.65547437163,28550
2020-07-19__1H__rosenborg__A,57.0,26523358.866996948,20373135.8250143,6021614.374012906,128608.6679697386,28533
2020-07-19__1H__rosenborg__A,58.0,26714029.58333462,20534126.1933764,6042017.686767898,137885.7031903215,28516
2020-07-19__1H__rosenborg__A,59.0,26895977.976678617,20687405.251703292,6061740.212273266,146832.5127020643,28499
2020-07-19__1H__rosenborg__A,60.0,27069176.89380171,20832447.529993046,6081141.495577059,155587.86823161307,28482
2020-07-19__2H__rosenborg__A,1.0,151116.57005406622,63333.61835610624,95495.40293783935,-7712.451239879426,42512
2020-07-19__2H__rosenborg__A,2.0,558287.235979195,234725.82048507882,333701.8850287775,-10140.469534661372,42485
2020-07-19__2H__rosenborg__A,3.0,1164189.5198892492,500323.9372635301,676147.645649268,-12282.06302354853,42458
2020-07-19__2H__rosenborg__A,4.0,1918995.6109464176,841805.3675221363,1090979.521614662,-13789.278190380173,42431
2020-07-19__2H__rosenborg__A,5.0,2778657.77159883,1241303.8623994172,1551524.8454928838,-14170.936293470302,42405
2020-07-19__2H__rosenborg__A,6.0,3706881.366052191,1682793.7463100485,2037764.2470811892,-13676.627339046332,42379
2020-07-19__2H__rosenborg__A,7.0,4676001.451078571,2152493.5587388906,2535770.295744399,-12262.403404718221,42353
2020-07-19__2H__rosenborg__A,8.0,5665253.38641682,2639973.0997841097,3035666.8583076764,-10386.571674967403,42327
2020-07-19__2H__rosenborg__A,9.0,6660162.933729755,3136866.304071715,3531258.212509146,-7961.582851106148,42301
2020-07-19__2H__rosenborg__A,10.0,7648360.838987863,3636581.0106061827,4016898.3234458487,-5118.495064168121,42275
2020-07-19__2H__rosenborg__A,11.0,8620633.589525674,4134364.879415132,4488499.685489225,-2230.9753786853835,42249
2020-07-19__2H__rosenborg__A,12.0,9570617.291118693,4626630.576695198,4943283.573783091,703.1406404018489,42223
2020-07-19__2H__rosenborg__A,13.0,10494667.160935827,5110758.345403846,5380145.897044038,3762.918487942152,42197
2020-07-19__2H__rosenborg__A,14.0,11390105.715383362,5585013.417082054,5798115.027560549,6977.270740756037,42171
2020-07-19__2H__rosenborg__A,15.0,12255267.991402622,6048293.244197916,6196638.510020986,10336.237183720194,42145
2020-07-19__2H__rosenborg__A,16.0,13090939.992927065,6500243.842633818,6577173.713606054,13522.436687194131,42119
2020-07-19__2H__rosenborg__A,17.0,13898108.520647472,6940417.898592162,6939747.702677242,17942.919378066726,42093
2020-07-19__2H__rosenborg__A,18.0,14680070.035323346,7369732.9162279,7288493.324728522,21843.794366923074,42067
2020-07-19__2H__rosenborg__A,19.0,15435316.42819938,7787976.094241554,7621505.198751335,25835.13520649032,42041
2020-07-19__2H__rosenborg__A,20.0,16166400.314888135,8195185.891298295,7940938.425361794,30275.99822805368,42015
2020-07-19__2H__rosenborg__A,21.0,16876904.59807481,8591943.120505273,8249914.161944129,35047.31562540517,41989
2020-07-19__2H__rosenborg__A,22.0,17568462.456381943,8978345.196488114,8549803.126766369,40314.13312746785,41963
2020-07-19__2H__rosenborg__A,23.0,18243103.70568273,9354490.491989352,8842418.357279139,46194.85641423665,41937
2020-07-19__2H__rosenborg__A,24.0,18902407.320475537,9720723.521562377,9129306.847443279,52376.95146988306,41911
2020-07-19__2H__rosenborg__A,25.0,19547765.379497636,10077061.07517052,9411610.613461545,59093.69086557059,41885
2020-07-19__2H__rosenborg__A,26.0,20179430.63258526,10423134.814154318,9689451.789020823,66844.02941011655,41859
2020-07-19__2H__rosenborg__A,27.0,20795899.894180235,10758315.14726684,9961616.879779853,75967.86713353975,41833
2020-07-19__2H__rosenborg__A,28.0,21397306.286769457,11081949.438672232,10228715.403800894,86641.44429633478,41807
2020-07-19__2H__rosenborg__A,29.0,21982368.901544373,11393254.87628394,10490241.561063293,98872.46419714481,41781
2020-07-19__2H__rosenborg__A,30.0,22550780.243717372,11692040.116364738,10747141.879795415,111598.24755721563,41756
2020-07-19__2H__rosenborg__A,31.0,23101300.730425168,11977903.177448241,10997473.619793229,125923.9331836963,41731
2020-07-19__2H__rosenborg__A,32.0,23635824.50417049,12250926.941053893,11243819.293730069,141078.2693865301,41706
2020-07-19__2H__rosenborg__A,33.0,24151046.59012494,12510852.15235047,11483162.655058691,157031.782715777,41681
2020-07-19__2H__rosenborg__A,34.0,24640825.690081887,12757499.388308367,11709835.192185363,173491.1095881573,41656
2020-07-19__2H__rosenborg__A,35.0,25111062.40278493,12991294.272129942,11930814.110578444,188954.0200765471,41631
2020-07-19__2H__rosenborg__A,36.0,25561453.95117124,13212759.447882164,12145535.51484893,203158.98844014492,41606
2020-07-19__2H__rosenborg__A,37.0,25990908.224698786,13421766.513040395,12352579.517354766,216562.19430362518,41581
2020-07-19__2H__rosenborg__A,38.0,26397988.952744275,13618186.368766274,12550590.339611659,229212.2443663443,41556
2020-07-19__2H__rosenborg__A,39.0,26780625.595297366,13802097.658676393,12737910.748478541,240617.18814242922,41531
2020-07-19__2H__rosenborg__A,40.0,27138682.203089345,13974303.901970284,12913705.575751072,250672.72536798823,41506
2020-07-19__2H__rosenborg__A,41.0,27472534.914420344,14134405.42938977,13078778.24033351,259351.24469705712,41481
2020-07-19__2H__rosenborg__A,42.0,27781391.560387257,14282490.162656335,13231874.058608674,267027.33912225085,41456
2020-07-19__2H__rosenborg__A,43.0,28065670.176844627,14418904.353349099,13372736.461714426,274029.3617811005,41431
2020-07-19__2H__rosenborg__A,44.0,28326705.118837886,14544844.781989224,13501113.353187753,280746.98366091336,41406
2020-07-19__2H__rosenborg__A,45.0,28568002.46392373,14662113.12231802,13618904.187177625,286985.1544280889,41381
2020-07-19__2H__rosenborg__A,46.0,28792434.67142354,14772265.692002298,13726908.05551681,293260.92390442436,41356
2020-07-19__2H__rosenborg__A,47.0,29003116.729411855,14877395.619459992,13826226.909485709,299494.2004661651,41331
2020-07-19__2H__rosenborg__A,48.0,29202547.665741295,14978735.48381732,13917802.932581883,306009.24934208754,41306
2020-07-19__2H__rosenborg__A,49.0,29392896.54682231,15077185.161617545,14002889.375664476,312822.00954029214,41281
2020-07-19__2H__rosenborg__A,50.0,29574576.94779071,15172677.44232348,14081583.468531018,320316.03693621035,41256
2020-07-19__2H__rosenborg__A,51.0,29748641.536597885,15264422.745150225,14155681.553695444,328537.2377522089,41231
2020-07-19__2H__rosenborg__A,52.0,29912522.276776075,15351074.12208956,14223810.945670864,337637.2090156607,41206
2020-07-19__2H__rosenborg__A,53.0,30064878.646067884,15431402.841749365,14286235.408174906,347240.3961436145,41181
2020-07-19__2H__rosenborg__A,54.0,30203513.089273922,15504228.848330632,14341886.767284714,357397.47365857696,41156
2020-07-19__2H__rosenborg__A,55.0,30328749.17401744,15569219.81237201,14391784.376843967,367744.9848014639,41131
2020-07-19__2H__rosenborg__A,56.0,30439872.055154506,15625948.55216639,14435305.154651945,378618.34833616496,41106
2020-07-19__2H__rosenborg__A,57.0,30536820.097279392,15674896.414777935,14472598.755469237,389324.9270322274,41081
2020-07-19__2H__rosenborg__A,58.0,30621212.710383087,15716696.21280777,14505110.392573062,399406.1050022499,41056
2020-07-19__2H__rosenborg__A,59.0,30694544.88041381,15751890.187140847,14533758.53003775,408896.16323521343,41031
2020-07-19__2H__rosenborg__A,60.0,30758181.371402066,15780796.299833376,14559491.095141452,417893.9764272429,41006
2020-07-25__1H__rosenborg__A,1.0,128717.75686908918,78442.13668144014,51559.179945018936,-1283.5597573699229,28102
2020-07-25__1H__rosenborg__A,2.0,482073.5730779796,300903.6589774181,183872.97130272636,-2703.0572021646503,28090
2020-07-25__1H__rosenborg__A,3.0,1000587.2857622709,641488.7519026971,363318.86884778057,-4220.33498820676,28078
2020-07-25__1H__rosenborg__A,4.0,1630717.6127213705,1071410.2191511155,565172.7367868121,-5865.343216556642,28066
2020-07-25__1H__rosenborg__A,5.0,2330752.861902546,1564155.4146913898,774255.843787897,-7658.396576740481,28054
2020-07-25__1H__rosenborg__A,6.0,3069280.000977583,2097423.6385019347,981371.1020802674,-9514.739604618684,28042
2020-07-25__1H__rosenborg__A,7.0,3823154.4899360854,2653455.101226539,1181116.7183357445,-11417.32962619793,28030
2020-07-25__1H__rosenborg__A,8.0,4575615.87477233,3218635.630080755,1370531.3026279225,-13551.057936347293,28018
2020-07-25__1H__rosenborg__A,9.0,5315133.4604176,3782738.641530166,1547875.980685056,-15481.161797620465,28006
2020-07-25__1H__rosenborg__A,10.0,6034452.815551936,4339162.984986334,1713016.6469094092,-17726.81634380622,27994
2020-07-25__1H__rosenborg__A,11.0,6729740.358157977,4883419.729800615,1866509.5867124249,-20188.9583550619,27982
2020-07-25__1H__rosenborg__A,12.0,7399501.77432541,5413021.848435544,2009377.5422747072,-22897.616384841145,27970
2020-07-25__1H__rosenborg__A,13.0,8043781.682290907,5926971.3102782285,2142685.2201602217,-25874.848147543038,27958
2020-07-25__1H__rosenborg__A,14.0,8663768.458162507,6425348.877656572,2267605.7914744373,-29186.210968500578,27946
2020-07-25__1H__rosenborg__A,15.0,9260893.15482164,6908522.728248947,2384861.312551738,-32490.88597904885,27934
2020-07-25__1H__rosenborg__A,16.0,9836243.511792783,7376974.585280104,2495045.1196378116,-35776.19312513483,27922
2020-07-25__1H__rosenborg__A,17.0,10390471.720486002,7830875.36957196,2598733.3546404294,-39137.00372638572,27910
2020-07-25__1H__rosenborg__A,18.0,10924078.634324422,8270032.843377851,2696625.111791772,-42579.32084520046,27898
2020-07-25__1H__rosenborg__A,19.0,11437588.015944175,8694346.362795824,2789309.8547961717,-46068.20164782026,27886
2020-07-25__1H__rosenborg__A,20.0,11930935.521923551,9103215.335146576,2877319.4632374216,-49599.27646044883,27874
2020-07-25__1H__rosenborg__A,21.0,12402760.124402644,9495008.303034961,2961051.326052305,-53299.504684621206,27862
2020-07-25__1H__rosenborg__A,22.0,12850469.13295279,9867490.187128445,3040326.7592438455,-57347.81341949951,27850
2020-07-25__1H__rosenborg__A,23.0,13271929.663479628,10218911.783396197,3114776.49064851,-61758.610565076655,27838
2020-07-25__1H__rosenborg__A,24.0,13665830.484160235,10547944.865626015,3184301.712718845,-66416.09418462517,27826
2020-07-25__1H__rosenborg__A,25.0,14031669.414615354,10853529.07098371,3249243.691688573,-71103.34805692897,27814
2020-07-25__1H__rosenborg__A,26.0,14369759.972066943,11135349.782741675,3309940.8565514935,-75530.66722622734,27802
2020-07-25__1H__rosenborg__A,27.0,14681124.752339955,11394101.852681119,3366561.0122896465,-79538.1126308086,27790
2020-07-25__1H__rosenborg__A,28.0,14967650.097753197,11631324.155619457,3419267.3708123816,-82941.42867864363,27778
2020-07-25__1H__rosenborg__A,29.0,15231770.088812599,11849038.741835745,3468472.3410201585,-85740.99404330691,27766
2020-07-25__1H__rosenborg__A,30.0,15475814.316986393,12049384.366854649,3514554.6263677822,-88124.67623604118,27754
2020-07-25__1H__rosenborg__A,31.0,15702564.141405948,12234759.01126152,3558017.115587865,-90211.98544344003,27742
2020-07-25__1H__rosenborg__A,32.0,15915367.133500626,12408008.590890693,3599436.7749299305,-92078.23231999742,27730
2020-07-25__1H__rosenborg__A,33.0,16117672.95031771,12572015.216920491,3639341.097324984,-93683.36392776572,27718
2020-07-25__1H__rosenborg__A,34.0,16312191.021413757,12729360.609076966,3677882.294634111,-95051.8822973166,27706
2020-07-25__1H__rosenborg__A,35.0,16500643.639197638,12881790.783912977,3714734.1858989084,-95881.33061424806,27694
2020-07-25__1H__rosenborg__A,36.0,16684256.158134775,13030984.3544935,3749782.3845705595,-96510.58092928697,27682
2020-07-25__1H__rosenborg__A,37.0,16864105.305234022,13177749.292483658,3783280.19246328,-96924.17971291984,27670
2020-07-25__1H__rosenborg__A,38.0,17040692.00322142,13322416.662337683,3815361.6653701826,-97086.32448644636,27658
2020-07-25__1H__rosenborg__A,39.0,17213838.91792668,13464774.00420184,3846017.5617931234,-96952.64806828441,27646
2020-07-25__1H__rosenborg__A,40.0,17382789.38208066,13604169.3170814,3875043.8172149276,-96423.75221567028,27634
2020-07-25__1H__rosenborg__A,41.0,17546746.32393962,13739989.537902158,3902244.468542467,-95487.68250501028,27622
2020-07-25__1H__rosenborg__A,42.0,17705399.57118429,13871715.585494846,3927832.690338773,-94148.70464933035,27610
2020-07-25__1H__rosenborg__A,43.0,17858560.5882738,13998860.408178119,3952169.532695122,-92469.35259943758,27598
2020-07-25__1H__rosenborg__A,44.0,18005488.78089605,14120824.017333977,3975277.095992811,-90612.33243073802,27586
2020-07-25__1H__rosenborg__A,45.0,18145018.965481583,14236719.11589342,3997108.6468978957,-88808.79730972864,27574
2020-07-25__1H__rosenborg__A,46.0,18276291.09048556,14345648.72387338,4017694.6589098913,-87052.29229771279,27562
2020-07-25__1H__rosenborg__A,47.0,18398849.9917264,14447029.569317143,4036997.466673756,-85177.04426449497,27550
2020-07-25__1H__rosenborg__A,48.0,18512315.62995004,14540318.625764742,4055183.53754742,-83186.53336212253,27538
2020-07-25__1H__rosenborg__A,49.0,18617021.883777864,14625916.859816816,4072337.9305176046,-81232.90655655327,27526
2020-07-25__1H__rosenborg__A,50.0,18714084.303405985,14704969.310961006,4088601.024230809,-79486.03178582816,27514
2020-07-25__1H__rosenborg__A,51.0,18804868.455166314,14778520.493003655,4104302.5660741907,-77954.60391153439,27502
2020-07-25__1H__rosenborg__A,52.0,18890951.64053191,14847862.924400957,4119716.853522647,-76628.13739169459,27490
2020-07-25__1H__rosenborg__A,53.0,18974123.469904076,14914658.716541281,4134980.429913277,-75515.67655048102,27478
2020-07-25__1H__rosenborg__A,54.0,19056478.972930923,14980758.952803427,4150315.780024184,-74595.75989668854,27466
2020-07-25__1H__rosenborg__A,55.0,19140275.380386427,15048108.697553158,4165921.7689611735,-73755.08612791076,27454
2020-07-25__1H__rosenborg__A,56.0,19227639.059572328,15118608.402852986,4181950.8625079626,-72920.20578862031,27442
2020-07-25__1H__rosenborg__A,57.0,19321026.263838537,15194453.934245946,4198625.273730222,-72052.94413763574,27430
2020-07-25__1H__rosenborg__A,58.0,19422257.569587402,15277607.64645052,4215971.574788857,-71321.65165197554,27418
2020-07-25__1H__rosenborg__A,59.0,19531194.201008838,15368430.510482317,4233636.590091783,-70872.8995652624,27406
2020-07-25__1H__rosenborg__A,60.0,19645809.335323367,15465686.285798533,4250899.725431345,-70776.6759065143,27394
2020-07-25__2H__rosenborg__A,1.0,128187.0367154999,82415.42987133488,47485.88828026353,-1714.281436098524,27645
2020-07-25__2H__rosenborg__A,2.0,482122.5493253224,317891.82466840744,168865.3134404276,-4634.588783512685,27632
2020-07-25__2H__rosenborg__A,3.0,1006791.2610004377,682096.4732302855,332256.38797321485,-7561.600203062417,27619
2020-07-25__2H__rosenborg__A,4.0,1652835.9195868426,1148199.6910475066,514878.02967159107,-10241.801132254957,27606
2020-07-25__2H__rosenborg__A,5.0,2381474.8501049364,1691017.4172856507,703152.1909528938,-12694.758133608459,27593
2020-07-25__2H__rosenborg__A,6.0,3162582.2227298664,2288119.9544121777,889130.0060638827,-14667.737746193217,27580
2020-07-25__2H__rosenborg__A,7.0,3973125.3060470857,2920709.635000863,1068643.5206679099,-16227.849621687677,27567
2020-07-25__2H__rosenborg__A,8.0,4796334.120048629,3574142.5416463353,1239754.869255758,-17563.29085346514,27554
2020-07-25__2H__rosenborg__A,9.0,5621202.605327809,4238054.703487725,1401978.8679327085,-18830.966092624054,27541
2020-07-25__2H__rosenborg__A,10.0,6440976.25098485,4905600.246421357,1555616.0037074946,-20239.99914400085,27528
2020-07-25__2H__rosenborg__A,11.0,7251228.830342731,5571872.069287632,1701175.10286824,-21818.341813139035,27515
2020-07-25__2H__rosenborg__A,12.0,8048253.208338944,6233025.570754873,1839050.3780655216,-23822.740481449466,27502
2020-07-25__2H__rosenborg__A,13.0,8829007.213906879,6885593.416761577,1969695.2540562446,-26281.456910942725,27489
2020-07-25__2H__rosenborg__A,14.0,9591194.943803344,7526630.280460552,2093671.16299538,-29106.499652587983,27476
2020-07-25__2H__rosenborg__A,15.0,10333124.04700524,8153916.9417329095,2211472.3640569486,-32265.258784619524,27463
2020-07-25__2H__rosenborg__A,16.0,11053621.53606727,8765943.59444729,2323395.4130294714,-35717.471409491656,27450
2020-07-25__2H__rosenborg__A,17.0,11752361.97564789,9361984.13125688,2429738.843407807,-39360.999016799055,27437
2020-07-25__2H__rosenborg__A,18.0,12429952.633887667,9941928.469901629,2531030.1060946034,-43005.94210856358,27424
2020-07-25__2H__rosenborg__A,19.0,13087149.264235716,10505829.027459692,2627803.260090815,-46483.023314792394,27411
2020-07-25__2H__rosenborg__A,20.0,13724416.424259545,11053744.161016613,2720363.9307079823,-49691.667465048246,27398
2020-07-25__2H__rosenborg__A,21.0,14341200.554014333,11585267.776424333,2808542.6365206363,-52609.858930640345,27385
2020-07-25__2H__rosenborg__A,22.0,14936309.641956404,12099653.66467337,2892026.742506043,-55370.765223008406,27372
2020-07-25__2H__rosenborg__A,23.0,15508614.643656183,12596033.54151376,2970665.7369569456,-58084.63481452176,27359
2020-07-25__2H__rosenborg__A,24.0,16057289.314939702,13073479.719884753,3044506.2210785532,-60696.62602360445,27346
2020-07-25__2H__rosenborg__A,25.0,16581271.302257903,13530851.473980255,3113631.2936782064,-63211.465400556626,27333
2020-07-25__2H__rosenborg__A,26.0,17079065.322794188,13966742.527299805,3178097.0067454106,-65774.21125102515,27320
2020-07-25__2H__rosenborg__A,27.0,17549091.34658146,14379487.030079655,3237704.3947294215,-68100.07822761625,27307
2020-07-25__2H__rosenborg__A,28.0,17990796.696206484,14768624.848705724,3292665.2386888154,-70493.39118804927,27294
2020-07-25__2H__rosenborg__A,29.0,18404987.78675577,15134166.113394974,3343601.7458220734,-72780.07246127646,27281
2020-07-25__2H__rosenborg__A,30.0,18793323.573834553,15476993.395700999,3391241.17154841,-74910.99341485373,27268
2020-07-25__2H__rosenborg__A,31.0,19157637.164363157,15798545.068211166,3435994.608601008,-76902.51244901452,27255
2020-07-25__2H__rosenborg__A,32.0,19499931.471024983,16100659.210452812,3477972.2842691066,-78700.02369693652,27242
2020-07-25__2H__rosenborg__A,33.0,19822212.718568843,16385153.501455877,3517312.223004923,-80253.00589195685,27229
2020-07-25__2H__rosenborg__A,34.0,20126555.625836644,16653459.185480716,3554549.242086444,-81452.80173051436,27216
2020-07-25__2H__rosenborg__A,35.0,20414678.07760228,16906562.10433384,3590310.484197453,-82194.51092901514,27203
2020-07-25__2H__rosenborg__A,36.0,20687537.38479456,17144706.55800597,3624912.0567594245,-82081.22997084033,27190
2020-07-25__2H__rosenborg__A,37.0,20945934.822436716,17369124.012714427,3658370.849008191,-81560.03928589987,27177
2020-07-25__2H__rosenborg__A,38.0,21190766.08744379,17581161.745614514,3690471.0174757955,-80866.67564651428,27164
2020-07-25__2H__rosenborg__A,39.0,21423400.99787404,17782314.080053788,3721260.6508331797,-80173.73301292775,27151
2020-07-25__2H__rosenborg__A,40.0,21644593.69414377,17973358.75034671,3750812.6909589944,-79577.74716193654,27138
2020-07-25__2H__rosenborg__A,41.0,21854599.776554033,18154650.957936678,3779075.030502857,-79126.2118855032,27125
2020-07-25__2H__rosenborg__A,42.0,22053454.844148465,18326366.279136546,3805954.777091591,-78866.21207967147,27112
2020-07-25__2H__rosenborg__A,43.0,22240720.978388537,18488086.258377343,3831342.9807368834,-78708.26072569087,27099
2020-07-25__2H__rosenborg__A,44.0,22415245.49128867,18638811.375873297,3855014.217538888,-78580.1021235201,27086
2020-07-25__2H__rosenborg__A,45.0,22576057.411558162,18777720.27852436,3876797.847684936,-78460.71465113392,27073
2020-07-25__2H__rosenborg__A,46.0,22722747.67188043,18904586.683483608,3896648.5524036237,-78487.56400680373,27060
2020-07-25__2H__rosenborg__A,47.0,22855009.014844496,19019407.330366895,3914290.120812885,-78688.43633528712,27047
2020-07-25__2H__rosenborg__A,48.0,22972704.330765452,19122157.560240496,3929672.102692219,-79125.33216726646,27034
2020-07-25__2H__rosenborg__A,49.0,23076369.187120654,19213329.298069034,3943083.943015424,-80044.05396380334,27021
2020-07-25__2H__rosenborg__A,50.0,23167232.914185103,19293888.92231348,3954945.760745072,-81601.7688734507,27008
2020-07-25__2H__rosenborg__A,51.0,23246485.51003097,19364926.871111307,3965441.4745486584,-83882.83562899363,26995
2020-07-25__2H__rosenborg__A,52.0,23314734.465517975,19426929.065739278,3974608.9176365156,-86803.51785781805,26982
2020-07-25__2H__rosenborg__A,53.0,23372130.389933266,19480086.036666304,3982314.6330536054,-90270.27978664386,26969
2020-07-25__2H__rosenborg__A,54.0,23418973.874545306,19524692.807801083,3988472.7594706635,-94191.69272644154,26956
2020-07-25__2H__rosenborg__A,55.0,23456282.191641267,19561404.91516619,3993473.9091708153,-98596.6326957391,26943
2020-07-25__2H__rosenborg__A,56.0,23485846.81631493,19591231.718894668,3998028.0165350786,-103412.91911481816,26930
2020-07-25__2H__rosenborg__A,57.0,23509238.12130553,19615266.242858548,4002519.7806902076,-108547.902243232,26917
2020-07-25__2H__rosenborg__A,58.0,23528036.056952015,19634873.108254373,4007098.4879218508,-113935.53922420368,26904
2020-07-25__2H__rosenborg__A,59.0,23544226.304750804,19651740.71929833,4012013.7953518876,-119528.20989941811,26891
2020-07-25__2H__rosenborg__A,60.0,23559796.95721408,19667767.100202046,4017374.580912386,-125344.72390035121,26878
2020-08-02__1H__rosenborg__A,1.0,126076.92185188562,70362.92057456507,58233.268742764936,-2519.2674654443567,30628
2020-08-02__1H__rosenborg__A,2.0,473734.0291579076,269585.4251896418,209206.1411111682,-5057.537142902471,30612
2020-08-02__1H__rosenborg__A,3.0,989264.7612965009,576908.1975811563,419968.9142504588,-7612.350535114398,30596
2020-08-02__1H__rosenborg__A,4.0,1624060.2037359974,968793.8119271459,665316.4122185537,-10050.020409702498,30580
2020-08-02__1H__rosenborg__A,5.0,2339432.033785455,1423331.922916961,928322.8494764584,-12222.738607964886,30564
2020-08-02__1H__rosenborg__A,6.0,3105764.973521622,1921700.1024976196,1198191.0844142025,-14126.21339020066,30548
2020-08-02__1H__rosenborg__A,7.0,3900594.7266415395,2448436.4441164383,1467976.8832620173,-15818.600736916327,30532
2020-08-02__1H__rosenborg__A,8.0,4707082.735007538,2991295.502018807,1732924.9782296433,-17137.745240912045,30516
2020-08-02__1H__rosenborg__A,9.0,5513220.727741936,3541112.0855592927,1990147.1329284473,-18038.4907458034,30500
2020-08-02__1H__rosenborg__A,10.0,6310903.108868616,4091259.280893185,2238180.398857852,-18536.57088242157,30484
2020-08-02__1H__rosenborg__A,11.0,7094867.13439659,4637384.572953476,2476147.8984920965,-18665.33704898099,30468
2020-08-02__1H__rosenborg__A,12.0,7862026.004911371,5176704.282819019,2703896.569814421,-18574.847722067614,30452
2020-08-02__1H__rosenborg__A,13.0,8610906.732279371,5707578.839563972,2921582.918945673,-18255.026230272022,30436
2020-08-02__1H__rosenborg__A,14.0,9340791.855285788,6228992.026076975,3129376.5149004506,-17576.685691635008,30420
2020-08-02__1H__rosenborg__A,15.0,10051728.472581305,6740577.378384383,3327629.938653918,-16478.84445699706,30404
2020-08-02__1H__rosenborg__A,16.0,10745173.393406676,7243053.047627599,3516937.4208181016,-14817.075039025978,30388
2020-08-02__1H__rosenborg__A,17.0,11422968.43979603,7737437.733723134,3697953.548725876,-12422.842652976979,30372
2020-08-02__1H__rosenborg__A,18.0,12086624.507697787,8224463.280221416,3871407.4574202565,-9246.229943884187,30356
2020-08-02__1H__rosenborg__A,19.0,12737158.861286057,8704439.454495523,4037916.1834828183,-5196.7766922871815,30340
2020-08-02__1H__rosenborg__A,20.0,13375167.663292095,9177314.623089716,4198132.6433501365,-279.60314775642473,30324
2020-08-02__1H__rosenborg__A,21.0,14000967.961673966,9642808.118472144,4352714.487294336,5445.355907486752,30308
2020-08-02__1H__rosenborg__A,22.0,14614388.830181155,10100513.428004041,4501883.211060772,11992.191116343718,30292
2020-08-02__1H__rosenborg__A,23.0,15214781.229497561,10549932.052377684,4645458.700053237,19390.477066642256,30276
2020-08-02__1H__rosenborg__A,24.0,15801401.94365533,10990306.42898098,4783468.019030163,27627.495644192444,30260
2020-08-02__1H__rosenborg__A,25.0,16373169.5117585,11420632.719770163,4915765.428800903,36771.36318743508,30244
2020-08-02__1H__rosenborg__A,26.0,16928922.61050932,11840073.033561299,5042148.322661057,46701.25428696326,30228
2020-08-02__1H__rosenborg__A,27.0,17468314.713688005,12248430.318314316,5162627.756128212,57256.639245481696,30212
2020-08-02__1H__rosenborg__A,28.0,17992029.22009593,12645548.35538798,5278407.426729142,68073.4379788111,30196
2020-08-02__1H__rosenborg__A,29.0,18500987.45362494,13031353.43250264,5390381.507601289,79252.51352101378,30180
2020-08-02__1H__rosenborg__A,30.0,18995567.34437716,13405664.617928285,5498941.214493038,90961.51195583818,30164
2020-08-02__1H__rosenborg__A,31.0,19475496.8226248,13768249.142933136,5604285.3158768695,102962.36381478957,30148
2020-08-02__1H__rosenborg__A,32.0,19940100.057768915,14118791.833847415,5706044.596527751,115263.62739375094,30132
2020-08-02__1H__rosenborg__A,33.0,20388537.63503491,14457050.365687266,5803659.815780408,127827.45356723526,30116
2020-08-02__1H__rosenborg__A,34.0,20819929.770325247,14782858.499162082,5896395.200360814,140676.07080235332,30100
2020-08-02__1H__rosenborg__A,35.0,21233426.2432782,15095905.322719647,5983804.277946434,153716.64261211967,30084
2020-08-02__1H__rosenborg__A,36.0,21628211.599116474,15395682.30318508,6065810.570288917,166718.7256424795,30068
2020-08-02__1H__rosenborg__A,37.0,22003257.66497584,15681480.340165133,6142280.990356337,179496.3344543716,30052
2020-08-02__1H__rosenborg__A,38.0,22357709.795921646,15952460.589103889,6213502.74696374,191746.45985401794,30036
2020-08-02__1H__rosenborg__A,39.0,22691871.895023927,16208469.968558535,6280198.902734831,203203.0237305602,30020
2020-08-02__1H__rosenborg__A,40.0,23007408.76198652,16450451.311927384,6343253.225189479,213704.22486965917,30004
2020-08-02__1H__rosenborg__A,41.0,23306723.352041658,16680052.814249268,6403682.549936525,222987.98785586888,29988
2020-08-02__1H__rosenborg__A,42.0,23592026.106761348,16898840.801612105,6462151.274651883,231034.03049735585,29972
2020-08-02__1H__rosenborg__A,43.0,23865016.75380969,17108304.713011947,6518734.338718142,237977.70207960065,29956
2020-08-02__1H__rosenborg__A,44.0,24125831.785607405,17308554.33470539,6573233.64540869,244043.80549333035,29940
2020-08-02__1H__rosenborg__A,45.0,24373655.017737616,17500953.677589662,6625185.169785062,247516.17036288837,29924
2020-08-02__1H__rosenborg__A,46.0,24608166.619437058,17682107.32851137,6675124.159807248,250935.13111843937,29908
2020-08-02__1H__rosenborg__A,47.0,24829305.61223498,17851668.87224291,6723231.837395963,254404.90259610792,29892
2020-08-02__1H__rosenborg__A,48.0,25035893.93396373,18008761.795695774,6769389.135931715,257743.00233623944,29876
2020-08-02__1H__rosenborg__A,49.0,25227058.193131015,18152633.029599622,6813487.662917908,260937.50061348313,29860
2020-08-02__1H__rosenborg__A,50.0,25402193.346548904,18282952.26340675,6855187.504267176,264053.5788749724,29844
2020-08-02__1H__rosenborg__A,51.0,25561844.788532812,18400670.666261062,6894202.341070436,266971.7812013123,29828
2020-08-02__1H__rosenborg__A,52.0,25706867.454501785,18506811.466844864,6930165.137771528,269890.84988539224,29812
2020-08-02__1H__rosenborg__A,53.0,25838071.392010577,18602500.58837966,6962857.132403016,272713.6712279015,29796
2020-08-02__1H__rosenborg__A,54.0,25956016.895504568,18688875.16834098,6992113.607831784,275028.11933180084,29780
2020-08-02__1H__rosenborg__A,55.0,26062247.74841143,18767195.86942382,7018084.887531606,276966.9914560034,29764
2020-08-02__1H__rosenborg__A,56.0,26158519.362571552,18838996.465273563,7040965.077988869,278557.81930912635,29748
2020-08-02__1H__rosenborg__A,57.0,26246560.29095522,18906514.070546784,7061023.935086223,279022.28532222006,29732
2020-08-02__1H__rosenborg__A,58.0,26328022.972907007,18970535.95659405,7078260.654377937,279226.3619350197,29716
2020-08-02__1H__rosenborg__A,59.0,26403752.038870245,19032099.5279802,7092786.850919334,278865.6599707105,29700
2020-08-02__1H__rosenborg__A,60.0,26474312.037134416,19091629.835567866,7104858.854409779,277823.3471567733,29684
2020-08-02__2H__rosenborg__A,1.0,129528.64342678792,78855.9143130381,55393.849433988384,-4721.120320238556,28985
2020-08-02__2H__rosenborg__A,2.0,484786.0643852654,299830.7766274313,192245.07722289395,-7289.789465059833,28969
2020-08-02__2H__rosenborg__A,3.0,1013967.5220056763,642790.7615557603,380784.7743576271,-9608.013907711309,28953
2020-08-02__2H__rosenborg__A,4.0,1669873.3357136017,1084452.552597403,598557.9167393037,-13137.133623105263,28937
2020-08-02__2H__rosenborg__A,5.0,2413420.2619708427,1601314.709513392,829067.5146749744,-16961.962217523534,28921
2020-08-02__2H__rosenborg__A,6.0,3214701.3673187755,2172632.0270967707,1063136.6497485097,-21067.309526504738,28905
2020-08-02__2H__rosenborg__A,7.0,4050888.8010647306,2780861.4615672086,1295373.0678948911,-25345.728397369978,28889
2020-08-02__2H__rosenborg__A,8.0,4903915.747321959,3411647.427197584,1522013.6331897757,-29745.31306540077,28873
2020-08-02__2H__rosenborg__A,9.0,5761013.250544971,4053763.6634314056,1741535.253189346,-34285.666075781366,28857
2020-08-02__2H__rosenborg__A,10.0,6613456.515927678,4699031.989321273,1953393.4302277735,-38968.90362136897,28841
2020-08-02__2H__rosenborg__A,11.0,7454430.344382598,5341564.234521819,2156578.095251813,-43711.985391033566,28825
2020-08-02__2H__rosenborg__A,12.0,8279988.86636871,5977093.560710673,2351644.844056219,-48749.53839818205,28809
2020-08-02__2H__rosenborg__A,13.0,9087216.810538875,6602429.892537326,2538890.8255862007,-54103.90758465245,28793
2020-08-02__2H__rosenborg__A,14.0,9873143.026575206,7214923.0689778915,2718088.3170919684,-59868.359494654025,28777
2020-08-02__2H__rosenborg__A,15.0,10636391.020822126,7812433.602630692,2889541.609672421,-65584.19148098698,28761
2020-08-02__2H__rosenborg__A,16.0,11374845.955741629,8392970.080957765,3053460.744407139,-71584.86962327594,28745
2020-08-02__2H__rosenborg__A,17.0,12086802.915535167,8954489.642563459,3209731.31940095,-77418.04642923786,28729
2020-08-02__2H__rosenborg__A,18.0,12771505.393920664,9495488.257389404,3359343.200465111,-83326.06393384881,28713
2020-08-02__2H__rosenborg__A,19.0,13427614.3573923,10014797.886097826,3501880.422157333,-89063.9508628578,28697
2020-08-02__2H__rosenborg__A,20.0,14054819.329667214,10511957.404726665,3637623.874315231,-94761.94937468086,28681
2020-08-02__2H__rosenborg__A,21.0,14653903.593755357,10986501.939354377,3767484.289924963,-100082.6355239822,28665
2020-08-02__2H__rosenborg__A,22.0,15225088.505770396,11438239.87048513,3891639.0164964767,-104790.38121121273,28649
2020-08-02__2H__rosenborg__A,23.0,15767447.182344474,11867141.171038777,4009689.750869291,-109383.73956359392,28633
2020-08-02__2H__rosenborg__A,24.0,16282116.753106255,12273056.059052281,4122067.5508781015,-113006.85682412545,28617
2020-08-02__2H__rosenborg__A,25.0,16769347.581088603,12656283.334657045,4228913.513866511,-115849.26743495314,28601
2020-08-02__2H__rosenborg__A,26.0,17228895.537901837,13017490.36279951,4329719.816656583,-118314.64155426048,28585
2020-08-02__2H__rosenborg__A,27.0,17662956.910116043,13357424.531454487,4425741.414630302,-120209.03596874818,28569
2020-08-02__2H__rosenborg__A,28.0,18072338.082049932,13677135.398830736,4516485.169115804,-121282.48589660975,28553
2020-08-02__2H__rosenborg__A,29.0,18457896.398999553,13978249.861476367,4601525.023924852,-121878.48640166043,28537
2020-08-02__2H__rosenborg__A,30.0,18821969.8014767,14262539.798684448,4681485.593577092,-122055.59078483946,28521
2020-08-02__2H__rosenborg__A,31.0,19166832.22979636,14532278.231737401,4756933.463998749,-122379.46593979522,28505
2020-08-02__2H__rosenborg__A,32.0,19494595.081071265,14790056.624957178,4827473.082883933,-122934.62676985396,28489
2020-08-02__2H__rosenborg__A,33.0,19809491.88262759,15039003.662031123,4894008.392292874,-123520.17169640827,28473
2020-08-02__2H__rosenborg__A,34.0,20115159.915089816,15282300.500707224,4956887.923482946,-124028.5091003532,28457
2020-08-02__2H__rosenborg__A,35.0,20412244.990444325,15522865.544240491,5014651.743864223,-125272.29766039157,28441
2020-08-02__2H__rosenborg__A,36.0,20706030.030006282,15762805.639159212,5069767.768965645,-126543.37811857046,28425
2020-08-02__2H__rosenborg__A,37.0,20997278.174486868,16003549.198783461,5121267.811853246,-127538.83614983686,28409
2020-08-02__2H__rosenborg__A,38.0,21286407.922474965,16245682.063553493,5169670.518110247,-128944.65918877635,28394
2020-08-02__2H__rosenborg__A,39.0,21573386.679363836,16489261.171447216,5215356.330281668,-131230.82236504694,28379
2020-08-02__2H__rosenborg__A,40.0,21856162.493725516,16733276.077181501,5257252.392805191,-134365.97626117646,28364
2020-08-02__2H__rosenborg__A,41.0,22133258.541508947,16976146.029248275,5295050.111805655,-137937.5995449829,28349
2020-08-02__2H__rosenborg__A,42.0,22403844.590375025,17216860.25560387,5329242.80098401,-142258.46621285574,28334
2020-08-02__2H__rosenborg__A,43.0,22665930.750724558,17454165.921761736,5359360.678243581,-147595.84928075378,28319
2020-08-02__2H__rosenborg__A,44.0,22919776.82623663,17686851.483495086,5386530.467004404,-153605.1242628623,28304
2020-08-02__2H__rosenborg__A,45.0,23165659.75845961,17914469.12248568,5411435.19149291,-160244.5555189788,28289
2020-08-02__2H__rosenborg__A,46.0,23402451.17347672,18137255.626274657,5433060.071803711,-167864.52460165144,28274
2020-08-02__2H__rosenborg__A,47.0,23632344.867295947,18356153.461254336,5452724.700380801,-176533.2943391868,28259
2020-08-02__2H__rosenborg__A,48.0,23855898.503590316,18571535.462570615,5470125.376514143,-185762.33549444843,28244
2020-08-02__2H__rosenborg__A,49.0,24074406.40801374,18783351.331255198,5486364.11082869,-195309.03407015032,28229
2020-08-02__2H__rosenborg__A,50.0,24285991.375313953,18991132.135912377,5500493.571812384,-205634.33241080638,28214
2020-08-02__2H__rosenborg__A,51.0,24491023.98704731,19194283.19856065,5513874.810968347,-217134.02248169464,28199
2020-08-02__2H__rosenborg__A,52.0,24687730.612788573,19391899.83976423,5525485.669917116,-229654.8968927789,28184
2020-08-02__2H__rosenborg__A,53.0,24874674.035724517,19583071.261943236,5534971.576673744,-243368.8028924681,28169
2020-08-02__2H__rosenborg__A,54.0,25051578.62409146,19767271.085093386,5542007.205467212,-257699.66646913835,28154
2020-08-02__2H__rosenborg__A,55.0,25217416.486082777,19943774.253295846,5546272.472033916,-272630.23924699007,28139
2020-08-02__2H__rosenborg__A,56.0,25371302.596029222,20111760.968970463,5547541.472691337,-287999.84563257534,28124
2020-08-02__2H__rosenborg__A,57.0,25512345.859538954,20270082.720904708,5546156.7288292,-303893.59019495285,28109
2020-08-02__2H__rosenborg__A,58.0,25638863.496800765,20417519.241456516,5541579.126522156,-320234.87117790105,28094
2020-08-02__2H__rosenborg__A,59.0,25751583.14302987,20553405.085728824,5534811.220139026,-336633.16283798264,28080
2020-08-02__2H__rosenborg__A,60.0,25850439.396737434,20677776.280449554,5526043.30116955,-353380.1848816704,28066
2020-08-08__1H__rosenborg__A,1.0,116786.45401176017,72351.84313166932,45530.04099054101,-1095.4301104501465,26213
2020-08-08__1H__rosenborg__A,2.0,434100.3737281323,277590.70707571466,159125.92767001226,-2616.261017594525,26202
2020-08-08__1H__rosenborg__A,3.0,898817.534696937,592311.7638434895,311077.80502362346,-4572.03417017594,26191
2020-08-08__1H__rosenborg__A,4.0,1464661.8537451182,989866.4360809438,481287.2126698725,-6491.795005698128,26180
2020-08-08__1H__rosenborg__A,5.0,2093787.0988675002,1445616.4455133444,656770.6259945346,-8599.972640378646,26169
2020-08-08__1H__rosenborg__A,6.0,2757685.745232258,1938065.3727083022,830436.5708480149,-10816.198324060148,26158
2020-08-08__1H__rosenborg__A,7.0,3435549.9893864323,2449588.413365267,998888.8324390618,-12927.256417896328,26147
2020-08-08__1H__rosenborg__A,8.0,4112362.762921054,2966816.677998158,1160450.5346723185,-14904.449749423147,26136
2020-08-08__1H__rosenborg__A,9.0,4778047.439978665,3480551.801374842,1314251.846429875,-16756.207826052952,26125
2020-08-08__1H__rosenborg__A,10.0,5426871.887673873,3985209.0138241565,1460129.914563899,-18467.040714180665,26114
2020-08-08__1H__rosenborg__A,11.0,6056582.430851071,4478003.289153922,1598524.8167450991,-19945.675047950543,26103
2020-08-08__1H__rosenborg__A,12.0,6667344.425349291,4958583.619959967,1730055.7695059634,-21294.964116638086,26092
2020-08-08__1H__rosenborg__A,13.0,7260511.752481619,5428143.5998300165,1855105.5728068154,-22737.42015521307,26081
2020-08-08__1H__rosenborg__A,14.0,7838432.074788979,5888577.332763251,1974221.966124638,-24367.22409890834,26070
2020-08-08__1H__rosenborg__A,15.0,8404248.500126895,6342184.542598708,2088170.7178731058,-26106.76034491843,26059
2020-08-08__1H__rosenborg__A,16.0,8961358.631933287,6791541.371566408,2197721.821384435,-27904.561017557604,26048
2020-08-08__1H__rosenborg__A,17.0,9512964.10119164,7239185.3735356955,2303504.0763303633,-29725.34867441909,26037
2020-08-08__1H__rosenborg__A,18.0,10061417.92986218,7686857.13194204,2405665.414569244,-31104.616649102136,26026
2020-08-08__1H__rosenborg__A,19.0,10607836.235069854,8135664.550591508,2504490.3657921227,-32318.68131377575,26015
2020-08-08__1H__rosenborg__A,20.0,11151924.858366087,8585168.204371976,2600139.014518803,-33382.36052468863,26004
2020-08-08__1H__rosenborg__A,21.0,11692223.877982441,9033729.112436567,2692734.4667500597,-34239.701204185396,25993
2020-08-08__1H__rosenborg__A,22.0,12226497.515605187,9479081.919366954,2782388.641760849,-34973.04552261849,25982
2020-08-08__1H__rosenborg__A,23.0,12752239.417627528,9918537.628027381,2869250.6505163806,-35548.8609162344,25971
2020-08-08__1H__rosenborg__A,24.0,13267412.94979887,10349711.872865051,2953501.407874322,-35800.33094050305,25960
2020-08-08__1H__rosenborg__A,25.0,13770407.923413793,10770896.29863101,3035317.672216316,-35806.04743353601,25949
2020-08-08__1H__rosenborg__A,26.0,14260281.34544702,11181316.845861727,3114696.536157817,-35732.03657252332,25938
2020-08-08__1H__rosenborg__A,27.0,14736743.874245482,11580657.355871892,3191633.7854301655,-35547.26705657813,25927
2020-08-08__1H__rosenborg__A,28.0,15199732.824874777,11969010.64329588,3265910.1661915663,-35187.98461266823,25916
2020-08-08__1H__rosenborg__A,29.0,15649443.083038978,12346722.753768576,3337380.276244864,-34659.94697445583,25905
2020-08-08__1H__rosenborg__A,30.0,16085900.379764143,12714206.853991687,3405805.6935320264,-34112.16775956465,25894
2020-08-08__1H__rosenborg__A,31.0,16509315.030568399,13072015.5791886,3470896.470251088,-33597.018871292334,25883
2020-08-08__1H__rosenborg__A,32.0,16920399.924503334,13420895.504290536,3532681.380950599,-33176.96073779836,25872
2020-08-08__1H__rosenborg__A,33.0,17320350.38234157,13761938.281260023,3591370.097299083,-32957.99621753945,25861
2020-08-08__1H__rosenborg__A,34.0,17710351.22335116,14096055.800325232,3647291.611624523,-32996.18859859783,25850
2020-08-08__1H__rosenborg__A,35.0,18091865.761302236,14423998.902439903,3701086.3869685046,-33219.52810617484,25839
2020-08-08__1H__rosenborg__A,36.0,18466679.354986936,14746505.851546766,3753609.6392689585,-33436.135828788436,25828
2020-08-08__1H__rosenborg__A,37.0,18836401.21991125,15064308.319301259,3805608.1573173413,-33515.25670735203,25817
2020-08-08__1H__rosenborg__A,38.0,19202497.110956185,15378535.479903607,3857401.6674190233,-33440.03636644565,25806
2020-08-08__1H__rosenborg__A,39.0,19566284.75228321,15690503.741511725,3909022.3864617823,-33241.37569029427,25795
2020-08-08__1H__rosenborg__A,40.0,19928478.97939387,16001168.121563327,3960354.3115753946,-33043.4537448491,25784
2020-08-08__1H__rosenborg__A,41.0,20288961.66973506,16310728.77215215,4011234.606601388,-33001.70901848124,25773
2020-08-08__1H__rosenborg__A,42.0,20646781.996331688,16618355.237060152,4061403.6824213504,-32976.923149811584,25762
2020-08-08__1H__rosenborg__A,43.0,21000103.83263257,16922476.80956707,4110672.3990286407,-33045.37596314134,25751
2020-08-08__1H__rosenborg__A,44.0,21347637.068518676,17221889.136519555,4159045.210277452,-33297.278278331156,25740
2020-08-08__1H__rosenborg__A,45.0,21688732.57017063,17516227.440721486,4206227.547950321,-33722.41850117908,25729
2020-08-08__1H__rosenborg__A,46.0,22022948.19254782,17805451.130036388,4251818.8705139505,-34321.80800252028,25718
2020-08-08__1H__rosenborg__A,47.0,22349490.08830532,18089346.561448764,4295260.615051374,-35117.08819481751,25707
2020-08-08__1H__rosenborg__A,48.0,22667575.83810057,18367573.108107723,4336104.719132751,-36101.98913990092,25696
2020-08-08__1H__rosenborg__A,49.0,22976911.751265727,18639758.828572765,4374453.97164597,-37301.04895299967,25685
2020-08-08__1H__rosenborg__A,50.0,23277669.730978705,18905536.65114686,4410816.489817926,-38683.40998608034,25674
2020-08-08__1H__rosenborg__A,51.0,23569419.643845387,19164090.35585724,4445437.220746029,-40107.93275788013,25663
2020-08-08__1H__rosenborg__A,52.0,23851721.409756515,19414602.18345375,4478515.7808401445,-41396.554537374905,25652
2020-08-08__1H__rosenborg__A,53.0,24124481.858146116,19656705.412410386,4510214.5077621145,-42438.06202638574,25641
2020-08-08__1H__rosenborg__A,54.0,24387561.940033626,19890066.38426011,4540684.614135136,-43189.058361623174,25630
2020-08-08__1H__rosenborg__A,55.0,24640750.11824337,20114372.607964616,4570008.450250773,-43630.939972018154,25619
2020-08-08__1H__rosenborg__A,56.0,24884026.511679728,20329624.968044933,4598089.049812548,-43687.506177751406,25608
2020-08-08__1H__rosenborg__A,57.0,25117885.122436143,20536255.921166662,4624843.003851591,-43213.8025821074,25597
2020-08-08__1H__rosenborg__A,58.0,25343400.3611667,20735375.54597187,4650262.785222132,-42237.970027302625,25586
2020-08-08__1H__rosenborg__A,59.0,25562182.44350376,20928605.579771202,4674432.077477261,-40855.21374470668,25575
2020-08-08__1H__rosenborg__A,60.0,25775964.310581464,21117525.689057607,4697525.766134862,-39087.14461101408,25564
2020-08-08__2H__rosenborg__A,1.0,111340.5843127569,74184.54203100363,42418.468974567986,-5262.426692814717,25528
2020-08-08__2H__rosenborg__A,2.0,414378.1495181712,280944.9604109572,143647.4067798954,-10214.217672681389,25500
2020-08-08__2H__rosenborg__A,3.0,859981.7657252379,597885.9912012975,276262.30583420757,-14166.531310267164,25473
2020-08-08__2H__rosenborg__A,4.0,1405706.6481160712,1000337.4911925495,423061.86268907133,-17692.705765549763,25446
2020-08-08__2H__rosenborg__A,5.0,2017736.0227616187,1465052.5625365267,573365.4632956053,-20682.003070513616,25419
2020-08-08__2H__rosenborg__A,6.0,2670639.103872703,1972608.0677115894,721006.1329708225,-22975.09680970898,25392
2020-08-08__2H__rosenborg__A,7.0,3346640.755144266,2508121.945711593,863091.726084493,-24572.91665182105,25365
2020-08-08__2H__rosenborg__A,8.0,4033550.6153809577,3061169.304210685,998261.9199611705,-25880.60879089823,25338
2020-08-08__2H__rosenborg__A,9.0,4723707.900226509,3624253.838970081,1126470.1606009742,-27016.09934454537,25311
2020-08-08__2H__rosenborg__A,10.0,5411891.239219542,4191957.5908138626,1248148.1889159929,-28214.540510314364,25284
2020-08-08__2H__rosenborg__A,11.0,6094541.394020086,4759986.996680373,1363704.4994602995,-29150.102120585827,25257
2020-08-08__2H__rosenborg__A,12.0,6768807.227078066,5325253.00990274,1473167.5872344023,-29613.370059075063,25230
2020-08-08__2H__rosenborg__A,13.0,7432687.393940073,5885989.468230788,1577220.3389858645,-30522.413276579053,25203
2020-08-08__2H__rosenborg__A,14.0,8085209.7108415095,6440463.01973493,1676616.5349208196,-31869.843814239295,25176
2020-08-08__2H__rosenborg__A,15.0,8725574.675724357,6987223.0861599445,1771923.8479332246,-33572.25836881053,25149
2020-08-08__2H__rosenborg__A,16.0,9353316.974533977,7524976.044352432,1863476.2653101026,-35135.33512855748,25122
2020-08-08__2H__rosenborg__A,17.0,9967878.984558988,8052903.957006614,1951751.652885953,-36776.625333578304,25095
2020-08-08__2H__rosenborg__A,18.0,10567854.194646414,8569868.966229213,2036628.600029917,-38643.37161271603,25068
2020-08-08__2H__rosenborg__A,19.0,11151480.589179978,9074499.731294643,2117648.054394955,-40667.19650962212,25041
2020-08-08__2H__rosenborg__A,20.0,11716565.638574174,9564974.424787194,2194212.109744244,-42620.89595726334,25014
2020-08-08__2H__rosenborg__A,21.0,12260665.920835063,10039305.982548919,2265855.775716059,-44495.83742991365,24987
2020-08-08__2H__rosenborg__A,22.0,12781904.999563161,10495682.74608224,2332543.8956608106,-46321.64217988818,24960
2020-08-08__2H__rosenborg__A,23.0,13279498.750545269,10933021.42321742,2394844.377560042,-48367.05023219265,24933
2020-08-08__2H__rosenborg__A,24.0,13753527.387323825,11350487.909427086,2453542.381389182,-50502.90349244192,24906
2020-08-08__2H__rosenborg__A,25.0,14203656.422789235,11747678.917893756,2508863.002735886,-52885.49784040605,24879
2020-08-08__2H__rosenborg__A,26.0,14629186.087514339,12123853.580460545,2560683.7437383304,-55351.23668453765,24852
2020-08-08__2H__rosenborg__A,27.0,15029551.437040731,12478523.46459639,2609155.3284846414,-58127.356040303566,24825
2020-08-08__2H__rosenborg__A,28.0,15404766.960883686,12811521.118813608,2654509.5306177903,-61263.68854771185,24798
2020-08-08__2H__rosenborg__A,29.0,15755267.183457043,13122918.04720974,2696718.707538366,-64369.571291062835,24771
2020-08-08__2H__rosenborg__A,30.0,16081453.778422737,13412976.715687778,2735844.9973037485,-67367.9345687829,24744
2020-08-08__2H__rosenborg__A,31.0,16383963.25350334,13682248.440724973,2771508.1839917516,-69793.37121338536,24717
2020-08-08__2H__rosenborg__A,32.0,16664156.812834507,13932163.2637563,2804018.6835565167,-72025.1344783064,24690
2020-08-08__2H__rosenborg__A,33.0,16923549.989537463,14164528.450823978,2833504.2040145025,-74482.66530102538,24663
2020-08-08__2H__rosenborg__A,34.0,17163982.739945114,14380763.984245226,2860199.583655912,-76980.82795601965,24636
2020-08-08__2H__rosenborg__A,35.0,17387275.945470072,14582229.93360787,2884551.823617959,-79505.81175575504,24609
2020-08-08__2H__rosenborg__A,36.0,17595519.111645933,14770358.3456115,2907481.367856169,-82320.60182173904,24582
2020-08-08__2H__rosenborg__A,37.0,17790308.96199136,14946279.174505591,2929366.0662040887,-85336.27871832819,24555
2020-08-08__2H__rosenborg__A,38.0,17973150.592981584,15111658.496759374,2949930.2595217875,-88438.16329958104,24528
2020-08-08__2H__rosenborg__A,39.0,18144987.966700736,15266669.351929251,2968693.5401626164,-90374.92539113786,24501
2020-08-08__2H__rosenborg__A,40.0,18306511.039096124,15413025.885705786,2985653.926728988,-92168.77333864916,24474
2020-08-08__2H__rosenborg__A,41.0,18458878.636938114,15551308.088701904,3001150.794030122,-93580.24579390662,24447
2020-08-08__2H__rosenborg__A,42.0,18603010.92613845,15682320.201015264,3015502.9144484936,-94812.18932530688,24420
2020-08-08__2H__rosenborg__A,43.0,18739573.40614222,15806561.795482589,3028478.5305124517,-95466.91985282346,24393
2020-08-08__2H__rosenborg__A,44.0,18869612.76171386,15924729.075772267,3040759.5775560904,-95875.89161449633,24366
2020-08-08__2H__rosenborg__A,45.0,18993518.08831372,16037845.428345427,3052800.085814217,-97127.42584592185,24339
2020-08-08__2H__rosenborg__A,46.0,19110606.17121615,16145508.182353951,3063981.7511585304,-98883.762296333,24312
2020-08-08__2H__rosenborg__A,47.0,19219977.474416055,16246408.677096091,3074084.3377090064,-100515.54038905026,24285
2020-08-08__2H__rosenborg__A,48.0,19320020.050965004,16339211.75035438,3082819.697330203,-102011.39671957694,24258
2020-08-08__2H__rosenborg__A,49.0,19409725.958992187,16423176.930687662,3090093.997112855,-103544.96880833403,24231
2020-08-08__2H__rosenborg__A,50.0,19488549.521582544,16498028.658958556,3095761.852175675,-105240.98955168584,24204
2020-08-08__2H__rosenborg__A,51.0,19556366.54319424,16563783.030454313,3099873.4040055443,-107289.89126561768,24177
2020-08-08__2H__rosenborg__A,52.0,19613783.2225341,16620296.998637678,3102998.102353365,-109511.87845694312,24150
2020-08-08__2H__rosenborg__A,53.0,19661822.10170756,16668833.450002126,3105015.683541965,-112027.03183653255,24123
2020-08-08__2H__rosenborg__A,54.0,19702816.527300917,16711372.240933988,3106279.204383145,-114834.91801621823,24096
2020-08-08__2H__rosenborg__A,55.0,19738046.55659645,16748925.143015549,3107259.7208366296,-118138.30725573449,24069
2020-08-08__2H__rosenborg__A,56.0,19767625.59318468,16781133.528684955,3108077.298238619,-121585.23373889836,24042
2020-08-08__2H__rosenborg__A,57.0,19791614.932628218,16807629.089019064,3109108.504871072,-125122.66126191887,24015
2020-08-08__2H__rosenborg__A,58.0,19810335.005845677,16828127.046284925,3110517.232314021,-128309.27275326863,23988
2020-08-08__2H__rosenborg__A,59.0,19824008.951995317,16842827.97797604,3112133.5064307526,-130952.5324114766,23961
2020-08-08__2H__rosenborg__A,60.0,19832786.461043853,16851790.88027642,3114188.8431946384,-133193.26242720772,23934
2020-08-16__1H__rosenborg__A,1.0,130340.34837079812,75997.03686954814,57388.42981656547,-3045.1183153154475,31617
2020-08-16__1H__rosenborg__A,2.0,488659.84943518956,290823.7323105199,204216.07208847255,-6379.95496380276,31600
2020-08-16__1H__rosenborg__A,3.0,1017767.456835736,621720.3480553845,405849.7202671273,-9802.611486775899,31583
2020-08-16__1H__rosenborg__A,4.0,1666986.9253613693,1043315.0431544489,636889.1696594064,-13217.28745248639,31566
2020-08-16__1H__rosenborg__A,5.0,2396648.0094743753,1532118.5107863937,881134.1350320204,-16604.636344039332,31549
2020-08-16__1H__rosenborg__A,6.0,3175910.5046391315,2067499.5487500292,1128227.5444015432,-19816.588512440696,31532
2020-08-16__1H__rosenborg__A,7.0,3981298.5508366646,2632132.3644288527,1371960.0650228634,-22793.87861505131,31515
2020-08-16__1H__rosenborg__A,8.0,4795815.837886976,3212184.4171533124,1609073.6085004427,-25442.187766779432,31498
2020-08-16__1H__rosenborg__A,9.0,5607085.506472362,3797040.2587830294,1837667.2429587077,-27621.995269375628,31481
2020-08-16__1H__rosenborg__A,10.0,6405935.534866728,4378969.168209203,2056380.2127442686,-29413.84608674286,31464
2020-08-16__1H__rosenborg__A,11.0,7185900.161166052,4952119.159419674,2264083.8051305143,-30302.803384136714,31447
2020-08-16__1H__rosenborg__A,12.0,7942857.047165122,5512710.684711392,2460983.266985036,-30836.904531305117,31430
2020-08-16__1H__rosenborg__A,13.0,8674362.349020544,6057689.884114794,2647350.1141760093,-30677.649270259208,31413
2020-08-16__1H__rosenborg__A,14.0,9379070.154179702,6585391.240063388,2824256.4384238273,-30577.52430751486,31396
2020-08-16__1H__rosenborg__A,15.0,10056936.670055278,7094822.66263432,2992679.9532723962,-30565.94585143846,31379
2020-08-16__1H__rosenborg__A,16.0,10708928.201771516,7585997.225524804,3153565.4357272903,-30634.45948057917,31362
2020-08-16__1H__rosenborg__A,17.0,11335635.954412429,8058808.155067976,3307561.307355104,-30733.508010651858,31345
2020-08-16__1H__rosenborg__A,18.0,11937784.387202952,8513439.807555255,3455278.297963327,-30933.718315626058,31328
2020-08-16__1H__rosenborg__A,19.0,12515908.973918404,8949892.849966047,3597168.328397868,-31152.20444551199,31311
2020-08-16__1H__rosenborg__A,20.0,13069746.725339701,9367656.23891606,3733422.5820411267,-31332.095617484345,31294
2020-08-16__1H__rosenborg__A,21.0,13598648.049200095,9766005.603785196,3864045.3580545527,-31402.91263965692,31277
2020-08-16__1H__rosenborg__A,22.0,14101935.795022469,10144717.343148807,3988607.72023735,-31389.268363685376,31260
2020-08-16__1H__rosenborg__A,23.0,14579757.468026092,10504450.575589301,4106470.035888664,-31163.143451871234,31243
2020-08-16__1H__rosenborg__A,24.0,15033042.46111217,10846399.024891103,4217527.46241087,-30884.026189800585,31226
2020-08-16__1H__rosenborg__A,25.0,15463283.879705418,11171892.990176331,4322040.35307476,-30649.463545673367,31209
2020-08-16__1H__rosenborg__A,26.0,15871768.133635987,11482194.264717689,4420050.505210257,-30476.63629195912,31192
2020-08-16__1H__rosenborg__A,27.0,16259583.828270629,11777907.946901076,4511786.934302342,-30111.05293278527,31175
2020-08-16__1H__rosenborg__A,28.0,16627428.288336614,12059779.172718098,4596986.715314884,-29337.599696370802,31158
2020-08-16__1H__rosenborg__A,29.0,16976589.130703505,12328599.04148931,4675744.202448718,-27754.11323452246,31141
2020-08-16__1H__rosenborg__A,30.0,17308875.54972466,12585228.922628723,4748709.8430769695,-25063.215981033485,31124
2020-08-16__1H__rosenborg__A,31.0,17626253.633675482,12830581.698264247,4817020.060057872,-21348.12464663881,31107
2020-08-16__1H__rosenborg__A,32.0,17929911.710013606,13065327.961588312,4881551.049464162,-16967.301038869482,31090
2020-08-16__1H__rosenborg__A,33.0,18220401.96783025,13289986.47761759,4942711.059553255,-12295.569340593793,31073
2020-08-16__1H__rosenborg__A,34.0,18498134.43935042,13504518.834028963,5001352.751411997,-7737.146090542374,31056
2020-08-16__1H__rosenborg__A,35.0,18763432.183295615,13708438.01383193,5058265.686808901,-3271.517345217784,31039
2020-08-16__1H__rosenborg__A,36.0,19016038.616331153,13901461.867928296,5113506.501396175,1070.2470066857059,31022
2020-08-16__1H__rosenborg__A,37.0,19254529.812045008,14082566.118572185,5166752.456565402,5211.236907421262,31005
2020-08-16__1H__rosenborg__A,38.0,19477597.94830145,14250697.333385663,5217492.031146111,9408.583769674355,30988
2020-08-16__1H__rosenborg__A,39.0,19683963.455576357,14405385.572209693,5265020.1746884715,13557.708678198629,30971
2020-08-16__1H__rosenborg__A,40.0,19872864.140742507,14546177.944593836,5308951.895933586,17734.300215085823,30954
2020-08-16__1H__rosenborg__A,41.0,20043747.820176236,14672566.284988543,5349054.768201377,22126.766986321367,30937
2020-08-16__1H__rosenborg__A,42.0,20196882.57387432,14784816.631283473,5385242.37861913,26823.563971719064,30920
2020-08-16__1H__rosenborg__A,43.0,20333091.022079643,14883497.95683459,5417856.751235351,31736.314009702648,30903
2020-08-16__1H__rosenborg__A,44.0,20452870.44629159,14968244.480620498,5447749.45748285,36876.508188241394,30886
2020-08-16__1H__rosenborg__A,45.0,20556828.43233891,15038581.549819702,5475902.178647555,42344.7038716533,30869
2020-08-16__1H__rosenborg__A,46.0,20646100.857736174,15094759.667436503,5503184.048423722,48157.14187594759,30852
2020-08-16__1H__rosenborg__A,47.0,20722078.730863146,15137973.83186705,5529929.476932324,54175.42206377737,30835
2020-08-16__1H__rosenborg__A,48.0,20786582.62941768,15170225.354303708,5556326.800171485,60030.47494248225,30818
2020-08-16__1H__rosenborg__A,49.0,20842259.78833985,15194129.61880137,5582576.757937043,65553.41160143566,30801
2020-08-16__1H__rosenborg__A,50.0,20892280.98434798,15212487.92760973,5608849.48895594,70943.56778231874,30784
2020-08-16__1H__rosenborg__A,51.0,20939530.69902348,15227971.765096243,5635120.42722193,76438.50670530536,30767
2020-08-16__1H__rosenborg__A,52.0,20986039.174513917,15242677.672184495,5661315.034017628,82046.46831179029,30750
2020-08-16__1H__rosenborg__A,53.0,21033407.31497695,15257928.849517418,5687536.378019884,87942.08743964112,30733
2020-08-16__1H__rosenborg__A,54.0,21082779.301939007,15274629.455208298,5713845.286906543,94304.55982416816,30716
2020-08-16__1H__rosenborg__A,55.0,21135256.193373278,15293746.388264043,5740635.475979409,100874.32912982436,30699
2020-08-16__1H__rosenborg__A,56.0,21191140.193828724,15315226.184328597,5767903.934782626,108010.0747175001,30682
2020-08-16__1H__rosenborg__A,57.0,21250219.26139571,15339162.875655765,5795493.642340842,115562.74339910201,30665
2020-08-16__1H__rosenborg__A,58.0,21312145.365071133,15365345.00423944,5823333.936689017,123466.42414267553,30648
2020-08-16__1H__rosenborg__A,59.0,21376973.44264044,15393735.613897134,5851256.047892157,131981.78085114338,30631
2020-08-16__1H__rosenborg__A,60.0,21445632.494003866,15425174.254756577,5879475.02919529,140983.21005199297,30614
2020-08-16__2H__rosenborg__A,1.0,120209.95880658238,72157.61226874133,50167.11885100272,-2114.7723131616735,29712
2020-08-16__2H__rosenborg__A,2.0,450338.9868253216,276049.8294284807,178571.85432034463,-4282.696923503684,29697
2020-08-16__2H__rosenborg__A,3.0,936632.3982517023,589058.6310535683,354082.85079001414,-6509.083591880089,29682
2020-08-16__2H__rosenborg__A,4.0,1531485.084226113,986564.2572266712,553792.4989941521,-8871.67199471066,29667
2020-08-16__2H__rosenborg__A,5.0,2198714.583113921,1446291.0963395708,763718.2826614219,-11294.795887071868,29652
2020-08-16__2H__rosenborg__A,6.0,2911796.9034512555,1949665.490275338,975910.8097073307,-13779.396531413564,29637
2020-08-16__2H__rosenborg__A,7.0,3651613.713698774,2481794.023873871,1186108.6677760524,-16288.977951150096,29622
2020-08-16__2H__rosenborg__A,8.0,4403846.254616795,3030508.3398871063,1392152.7954788534,-18814.880749164207,29607
2020-08-16__2H__rosenborg__A,9.0,5157931.150599924,3586220.434133529,1592931.2058562045,-21220.48938980793,29592
2020-08-16__2H__rosenborg__A,10.0,5905866.048532376,4141544.017218303,1787632.8952666325,-23310.86395255752,29577
2020-08-16__2H__rosenborg__A,11.0,6641378.699934838,4690832.806922706,1975533.976624037,-24988.083611903654,29562
2020-08-16__2H__rosenborg__A,12.0,7360410.5892584985,5230452.30178649,2156156.4806709844,-26198.193198974754,29547
2020-08-16__2H__rosenborg__A,13.0,8059967.24004514,5758025.68863781,2328975.3843635507,-27033.832956221857,29532
2020-08-16__2H__rosenborg__A,14.0,8737932.098227901,6271929.389720817,2493695.277144558,-27692.568637473203,29517
2020-08-16__2H__rosenborg__A,15.0,9392998.676111175,6770780.7748422325,2650350.2207075236,-28132.319438582723,29502
2020-08-16__2H__rosenborg__A,16.0,10024163.415851522,7253464.236509334,2799153.326567254,-28454.1472250629,29487
2020-08-16__2H__rosenborg__A,17.0,10631680.43709103,7719834.136163917,2940474.910350411,-28628.609423301663,29472
2020-08-16__2H__rosenborg__A,18.0,11216843.52170942,8171180.866471247,3074577.6524326038,-28914.997194426687,29457
2020-08-16__2H__rosenborg__A,19.0,11780318.548471857,8608387.139386244,3201490.0546425544,-29558.645556940726,29442
2020-08-16__2H__rosenborg__A,20.0,12322983.01183172,9031778.253579766,3321776.5630658674,-30571.80481391237,29427
2020-08-16__2H__rosenborg__A,21.0,12846747.475879647,9442051.090874698,3436563.563122387,-31867.17811744043,29412
2020-08-16__2H__rosenborg__A,22.0,13353819.445600396,9840485.983257271,3546723.054934824,-33389.592591699504,29397
2020-08-16__2H__rosenborg__A,23.0,13846627.687920686,10229060.707898367,3652586.255645306,-35019.27562298812,29382
2020-08-16__2H__rosenborg__A,24.0,14327201.637071319,10609367.534360068,3754406.108011124,-36572.00529987566,29367
2020-08-16__2H__rosenborg__A,25.0,14797117.457886621,10982732.211008487,3852321.569168676,-37936.322290544515,29352
2020-08-16__2H__rosenborg__A,26.0,15257878.119814396,11349998.722376088,3946798.964804481,-38919.56736617102,29337
2020-08-16__2H__rosenborg__A,27.0,15710856.725782521,11711863.373616604,4038445.3624532227,-39452.01028730691,29322
2020-08-16__2H__rosenborg__A,28.0,16157016.686139692,12069227.068677794,4127913.366123807,-40123.748661914346,29307
2020-08-16__2H__rosenborg__A,29.0,16597264.42300094,12422626.508028992,4215345.533394186,-40707.61842224098,29292
2020-08-16__2H__rosenborg__A,30.0,17032300.80137638,12772754.845079675,4300798.045957603,-41252.089660895144,29277
2020-08-16__2H__rosenborg__A,31.0,17462132.90659774,13120009.50875786,4383974.541015855,-41851.14317597216,29262
2020-08-16__2H__rosenborg__A,32.0,17886291.209610514,13464319.865014037,4464164.181251687,-42192.836655207735,29247
2020-08-16__2H__rosenborg__A,33.0,18304043.46182351,13805373.717391942,4540831.825361937,-42162.08093036973,29232
2020-08-16__2H__rosenborg__A,34.0,18713863.30991748,14141953.310132438,4613697.115681268,-41787.11589622835,29217
2020-08-16__2H__rosenborg__A,35.0,19113830.976805437,14472434.820499714,4682577.694776656,-41181.53847093534,29202
2020-08-16__2H__rosenborg__A,36.0,19502654.39442304,14795265.811639715,4747826.89941421,-40438.31663088399,29187
2020-08-16__2H__rosenborg__A,37.0,19880006.72600877,15109637.73900184,4809972.256826757,-39603.2698198306,29172
2020-08-16__2H__rosenborg__A,38.0,20246368.92055074,15415292.643835291,4869655.447337417,-38579.170621969446,29157
2020-08-16__2H__rosenborg__A,39.0,20602240.90394651,15712350.875068443,4927309.701281738,-37419.67240367108,29142
2020-08-16__2H__rosenborg__A,40.0,20948550.199997358,16001067.040457495,4983281.636780868,-35798.477241006505,29127
2020-08-16__2H__rosenborg__A,41.0,21285949.013589136,16281715.643020684,5037780.001803537,-33546.631235082314,29112
2020-08-16__2H__rosenborg__A,42.0,21614495.27730913,16554560.326101014,5090767.774509608,-30832.823301494645,29097
2020-08-16__2H__rosenborg__A,43.0,21933743.52994986,16819559.78379975,5142142.666195855,-27958.920045749866,29082
2020-08-16__2H__rosenborg__A,44.0,22243394.61974123,17076844.894645035,5191852.685481396,-25302.960385196464,29067
2020-08-16__2H__rosenborg__A,45.0,22543677.04175339,17326796.371904727,5240037.738878488,-23157.06902982769,29052
2020-08-16__2H__rosenborg__A,46.0,22836044.674114812,17570180.62733648,5287366.0178444525,-21501.971066118393,29037
2020-08-16__2H__rosenborg__A,47.0,23121636.63661263,17807598.84499377,5334239.768320432,-20201.976701569394,29022
2020-08-16__2H__rosenborg__A,48.0,23401239.343984958,18039667.290682573,5380740.375325614,-19168.322023232176,29007
2020-08-16__2H__rosenborg__A,49.0,23675808.135810282,18267225.070770532,5426736.942064045,-18153.877024292655,28992
2020-08-16__2H__rosenborg__A,50.0,23946405.145972818,18491163.33714983,5472173.074888537,-16931.266065543285,28977
2020-08-16__2H__rosenborg__A,51.0,24213577.172907334,18711903.795801587,5516964.642430326,-15291.265324580396,28962
2020-08-16__2H__rosenborg__A,52.0,24477899.35607,18929873.39916295,5561203.061925164,-13177.105018113507,28947
2020-08-16__2H__rosenborg__A,53.0,24739589.623792186,19145585.575834997,5604775.47509736,-10771.4271401671,28932
2020-08-16__2H__rosenborg__A,54.0,24998693.739963077,19359658.209681563,5647295.281554499,-8259.751272983704,28917
2020-08-16__2H__rosenborg__A,55.0,25255260.277544785,19572463.44272661,5688572.173617171,-5775.33879899903,28902
2020-08-16__2H__rosenborg__A,56.0,25509205.102451205,19783669.754373036,5728928.344424681,-3392.996346506232,28887
2020-08-16__2H__rosenborg__A,57.0,25760634.241757955,19993070.31159971,5768844.13187115,-1280.2017129020533,28872
2020-08-16__2H__rosenborg__A,58.0,26009037.91675502,20200154.28005625,5808449.029764387,434.6069343801937,28857
2020-08-16__2H__rosenborg__A,59.0,26253251.77128565,20403963.4299256,5847505.617354283,1782.7240057678137,28842
2020-08-16__2H__rosenborg__A,60.0,26492279.621800303,20603546.71172544,5885969.827731077,2763.0823437881772,28827
2020-08-22__1H__rosenborg__A,1.0,130494.39339360043,81297.56344438384,49705.0923303334,-508.2623811167855,28357
2020-08-22__1H__rosenborg__A,2.0,488776.88742149173,313476.1360707239,175908.21451887244,-607.463168104633,28346
2020-08-22__1H__rosenborg__A,3.0,1017096.0794706338,672302.928312656,345115.1906895419,-322.0395315640935,28335
2020-08-22__1H__rosenborg__A,4.0,1664773.7561346092,1130655.3321372536,533749.6563649845,368.7676323712112,28324
2020-08-22__1H__rosenborg__A,5.0,2392587.183087743,1663282.8218558137,728101.0315518336,1203.3296800956086,28313
2020-08-22__1H__rosenborg__A,6.0,3171085.778136922,2248123.628741235,920834.1391888256,2128.0102068612214,28302
2020-08-22__1H__rosenborg__A,7.0,3978619.4102639053,2867284.994466902,1108263.327469493,3071.088327510639,28291
2020-08-22__1H__rosenborg__A,8.0,4799537.124197918,3507112.73660946,1288472.3525504984,3952.035037959271,28280
2020-08-22__1H__rosenborg__A,9.0,5622806.957121069,4157491.345677214,1460637.0891752732,4678.522268580287,28269
2020-08-22__1H__rosenborg__A,10.0,6440912.595515669,4810992.681165971,1624737.858619343,5182.055730356922,28258
2020-08-22__1H__rosenborg__A,11.0,7248627.789383794,5462063.361242855,1781071.8634812639,5492.564659676427,28247
2020-08-22__1H__rosenborg__A,12.0,8042181.4672637535,6106511.865506105,1930049.348850581,5620.252907068178,28236
2020-08-22__1H__rosenborg__A,13.0,8819132.284451446,6741179.748969369,2072392.882612197,5559.652869879064,28225
2020-08-22__1H__rosenborg__A,14.0,9578145.154452031,7363940.653205484,2208897.1646165485,5307.336630001082,28214
2020-08-22__1H__rosenborg__A,15.0,10318636.594593955,7973614.657820262,2340199.8780644136,4822.058709280755,28203
2020-08-22__1H__rosenborg__A,16.0,11040491.720934838,8569730.7777248,2466635.398732224,4125.544477809599,28192
2020-08-22__1H__rosenborg__A,17.0,11743997.464206273,9152210.550686225,2588523.4084696453,3263.5050504006504,28181
2020-08-22__1H__rosenborg__A,18.0,12430162.074441286,9721380.73266817,2706461.0839757123,2320.257797403261,28170
2020-08-22__1H__rosenborg__A,19.0,13100215.142011587,10277932.92721375,2820945.89941718,1336.3153806539485,28159
2020-08-22__1H__rosenborg__A,20.0,13754994.019071683,10822652.3287546,2931990.837003832,350.8533132477314,28148
2020-08-22__1H__rosenborg__A,21.0,14394662.356702365,11355870.278697759,3039410.0572971525,-617.9792925467482,28137
2020-08-22__1H__rosenborg__A,22.0,15018825.167232413,11877308.975220984,3143101.385051623,-1585.1930401932623,28126
2020-08-22__1H__rosenborg__A,23.0,15626183.344826518,12385954.273861652,3242861.369069008,-2632.2981041450403,28115
2020-08-22__1H__rosenborg__A,24.0,16215198.84428811,12880680.654363027,3338416.0654560234,-3897.875530940364,28104
2020-08-22__1H__rosenborg__A,25.0,16784775.035055675,13360515.497045621,3429628.500984571,-5368.962974517868,28093
2020-08-22__1H__rosenborg__A,26.0,17335062.447502542,13825159.320119342,3516830.6763355997,-6927.548952400131,28082
2020-08-22__1H__rosenborg__A,27.0,17866783.627917804,14274734.335878324,3600406.4613477895,-8357.169308310637,28071
2020-08-22__1H__rosenborg__A,28.0,18380456.06272349,14709272.766794201,3680837.921189747,-9654.625260455738,28060
2020-08-22__1H__rosenborg__A,29.0,18876616.75568175,15128900.34717578,3758579.645261238,-10863.236755269376,28049
2020-08-22__1H__rosenborg__A,30.0,19354680.09822323,15532949.988138445,3833805.5610137144,-12075.450928922393,28038
2020-08-22__1H__rosenborg__A,31.0,19814104.491035532,15921321.194883082,3906314.1201899387,-13530.824037486309,28027
2020-08-22__1H__rosenborg__A,32.0,20253890.24881036,16293369.209540002,3975483.45439105,-14962.415120694961,28016
2020-08-22__1H__rosenborg__A,33.0,20672911.786099,16648533.079013692,4041063.3467077576,-16684.639622451738,28005
2020-08-22__1H__rosenborg__A,34.0,21071050.141845074,16987543.25641103,4102876.7082277434,-19369.82279370271,27994
2020-08-22__1H__rosenborg__A,35.0,21449030.821766585,17309672.666448314,4161227.24096148,-21869.085643209808,27983
2020-08-22__1H__rosenborg__A,36.0,21807860.68048777,17615222.76859831,4216444.5138762705,-23806.60198681173,27972
2020-08-22__1H__rosenborg__A,37.0,22148565.639357198,17904800.417123783,4268888.989502823,-25123.767269405886,27961
2020-08-22__1H__rosenborg__A,38.0,22472088.266124107,18178914.050523773,4319136.017894864,-25961.802294529916,27950
2020-08-22__1H__rosenborg__A,39.0,22779341.31915508,18438305.28378735,4367611.394075051,-26575.358707327105,27939
2020-08-22__1H__rosenborg__A,40.0,23071206.100027945,18683964.69909441,4414354.303385069,-27112.902451532194,27928
2020-08-22__1H__rosenborg__A,41.0,23348244.39230699,18916735.56335879,4459241.306697417,-27732.477749211248,27917
2020-08-22__1H__rosenborg__A,42.0,23610590.786009435,19137086.970067102,4502025.809257999,-28521.993315673782,27906
2020-08-22__1H__rosenborg__A,43.0,23858316.668214,19345285.92704179,4542543.080075619,-29512.338903408498,27895
2020-08-22__1H__rosenborg__A,44.0,24092425.642237186,19542262.396161295,4580782.427052552,-30619.18097665423,27884
2020-08-22__1H__rosenborg__A,45.0,24314336.464325644,19729460.208237614,4616535.312868774,-31659.05678074737,27873
2020-08-22__1H__rosenborg__A,46.0,24525955.256576262,19908639.958369516,4649845.537484866,-32530.239278118243,27862
2020-08-22__1H__rosenborg__A,47.0,24729036.744375803,20081219.2618917,4680945.927538754,-33128.44505465409,27851
2020-08-22__1H__rosenborg__A,48.0,24924787.396660995,20248245.95689319,4709898.2871484,-33356.847380595165,27840
2020-08-22__1H__rosenborg__A,49.0,25114042.188660547,20410544.923078056,4736627.6452459125,-33130.37966342358,27829
2020-08-22__1H__rosenborg__A,50.0,25298003.234596334,20569311.058216155,4761107.769590421,-32415.59321024036,27818
2020-08-22__1H__rosenborg__A,51.0,25477856.578582965,20725666.002067115,4783439.196698334,-31248.62018248439,27807
2020-08-22__1H__rosenborg__A,52.0,25654936.211537234,20880354.642674867,4804234.828066737,-29653.259204364964,27796
2020-08-22__1H__rosenborg__A,53.0,25830520.443835825,21034150.83488114,4824115.959773424,-27746.350818745326,27785
2020-08-22__1H__rosenborg__A,54.0,26005356.541687407,21187709.67999508,4843235.596613352,-25588.73492102383,27774
2020-08-22__1H__rosenborg__A,55.0,26180176.15935187,21341783.263212718,4861647.2096661655,-23254.313527012535,27763
2020-08-22__1H__rosenborg__A,56.0,26356680.58215251,21497515.62339649,4879894.135744787,-20729.176988769264,27752
2020-08-22__1H__rosenborg__A,57.0,26536528.919943817,21655596.746710613,4898903.909054141,-17971.735820937087,27741
2020-08-22__1H__rosenborg__A,58.0,26719977.000056002,21815801.376559112,4919110.460661815,-14934.837164922326,27730
2020-08-22__1H__rosenborg__A,59.0,26905513.07975448,21976921.271144737,4940193.464683962,-11601.656074215309,27719
2020-08-22__1H__rosenborg__A,60.0,27090848.1469551,22137391.636689622,4961517.703812172,-8061.193546689989,27708
2020-08-22__2H__rosenborg__A,1.0,122230.04611185179,68266.53912741256,56480.40080001566,-2516.8938155764263,32633
2020-08-22__2H__rosenborg__A,2.0,456180.7391346751,260614.41174894973,199870.04587624327,-4303.718490517855,32614
2020-08-22__2H__rosenborg__A,3.0,947830.2033636757,556469.4841651119,396528.34954882576,-5167.630350261879,32595
2020-08-22__2H__rosenborg__A,4.0,1550100.5564129925,933337.2684885333,621825.1664380957,-5061.878513636402,32576
2020-08-22__2H__rosenborg__A,5.0,2226923.034957722,1370676.318306088,860220.5792389065,-3973.8625872726407,32557
2020-08-22__2H__rosenborg__A,6.0,2951419.3724748944,1850912.6569852943,1102425.3616742399,-1918.6461846395396,32538
2020-08-22__2H__rosenborg__A,7.0,3703117.624168438,2359278.4657412088,1342745.6166473404,1093.5417798886483,32519
2020-08-22__2H__rosenborg__A,8.0,4466444.29649623,2883742.052100577,1577940.0098040213,4762.234591632747,32500
2020-08-22__2H__rosenborg__A,9.0,5229644.952380086,3414313.952811986,1806282.187204321,9048.812363778416,32481
2020-08-22__2H__rosenborg__A,10.0,5983753.579491197,3942945.9918835685,2026749.690044086,14057.897563542763,32462
2020-08-22__2H__rosenborg__A,11.0,6722296.576638496,4463484.495942189,2239098.2555089686,19713.825187334616,32443
2020-08-22__2H__rosenborg__A,12.0,7439937.392626156,4971444.452390647,2442733.7078682403,25759.232367269346,32424
2020-08-22__2H__rosenborg__A,13.0,8133523.654698474,5463609.526989954,2637954.3525806614,31959.775127859553,32405
2020-08-22__2H__rosenborg__A,14.0,8801589.889181651,5937731.986522591,2825585.2912580506,38272.61140100984,32386
2020-08-22__2H__rosenborg__A,15.0,9443486.187995007,6392528.484642683,3006289.244958424,44668.458393900655,32367
2020-08-22__2H__rosenborg__A,16.0,10058038.07572857,6827583.963314351,3179297.9492016556,51156.16321256058,32348
2020-08-22__2H__rosenborg__A,17.0,10646809.511317985,7243943.2597389845,3345448.8439297583,57417.40764924267,32329
2020-08-22__2H__rosenborg__A,18.0,11211850.241546877,7643492.15891912,3505328.4743949138,63029.60823284346,32310
2020-08-22__2H__rosenborg__A,19.0,11755692.494900376,8027787.57769658,3659330.7352510234,68574.18195277336,32291
2020-08-22__2H__rosenborg__A,20.0,12280994.724867577,8398938.711096726,3808035.8796024285,74020.13416841888,32272
2020-08-22__2H__rosenborg__A,21.0,12790464.45983808,8759223.713530779,3951918.7557371594,79321.9905701417,32253
2020-08-22__2H__rosenborg__A,22.0,13286947.446115427,9111115.213148637,4091338.047700043,84494.18526674306,32234
2020-08-22__2H__rosenborg__A,23.0,13773323.691306345,9457080.215255408,4226607.913921351,89635.56212958484,32215
2020-08-22__2H__rosenborg__A,24.0,14252721.808313156,9799616.688352313,4358356.6467086915,94748.47325214604,32196
2020-08-22__2H__rosenborg__A,25.0,14728035.865967363,10140692.489640491,4487616.62498338,99726.75134349137,32177
2020-08-22__2H__rosenborg__A,26.0,15200870.497121792,10481126.121020203,4615115.969113384,104628.40698820434,32158
2020-08-22__2H__rosenborg__A,27.0,15671562.701369276,10821137.91537176,4740866.17925476,109558.60674275871,32139
2020-08-22__2H__rosenborg__A,28.0,16140011.835940572,11160795.844752638,4864513.593202904,114702.3979850345,32120
2020-08-22__2H__rosenborg__A,29.0,16606668.546008708,11500575.738592014,4985828.69548474,120264.11193195282,32101
2020-08-22__2H__rosenborg__A,30.0,17072029.916469876,11841116.617531672,5104604.8464322835,126308.45250591892,32082
2020-08-22__2H__rosenborg__A,31.0,17536980.041315757,12183092.2007513,5221092.347468084,132795.49309637386,32063
2020-08-22__2H__rosenborg__A,32.0,18001949.665538758,12527052.850483721,5335372.325101809,139524.48995322967,32044
2020-08-22__2H__rosenborg__A,33.0,18466483.75753045,12872975.771026488,5447140.237886636,146367.748617329,32025
2020-08-22__2H__rosenborg__A,34.0,18929452.324324332,13220320.904646806,5556048.43522294,153082.98445459,32006
2020-08-22__2H__rosenborg__A,35.0,19389570.76831244,13567984.63032626,5662133.683580638,159452.45440553577,31987
2020-08-22__2H__rosenborg__A,36.0,19845383.407753225,13914846.7514464,5765153.121098237,165383.53520858777,31968
2020-08-22__2H__rosenborg__A,37.0,20295970.992293537,14259867.341280932,5865109.300603881,170994.3504087265,31949
2020-08-22__2H__rosenborg__A,38.0,20740310.58443872,14601709.537862448,5962297.828626353,176303.21794991993,31930
2020-08-22__2H__rosenborg__A,39.0,21177064.823838357,14939125.34377103,6056746.736381094,181192.74368623272,31911
2020-08-22__2H__rosenborg__A,40.0,21604672.162584975,15270906.020551858,6148229.400085836,185536.74194727326,31892
2020-08-22__2H__rosenborg__A,41.0,22021182.626558643,15595462.06471585,6236378.247998912,189342.31384387676,31873
2020-08-22__2H__rosenborg__A,42.0,22425059.57878284,15911447.60794559,6320767.897967532,192844.07286972256,31854
2020-08-22__2H__rosenborg__A,43.0,22814916.305325225,16217779.657229602,6400869.496961254,196267.1511343663,31835
2020-08-22__2H__rosenborg__A,44.0,23190699.293803427,16514334.728334295,6476667.58418747,199696.98128166108,31816
2020-08-22__2H__rosenborg__A,45.0,23553435.70839236,16801751.35959742,6548661.885450173,203022.463344777,31797
2020-08-22__2H__rosenborg__A,46.0,23904326.88063384,17080474.219489634,6617497.88956359,206354.77158061555,31778
2020-08-22__2H__rosenborg__A,47.0,24244481.804805152,17350774.202180345,6683746.87797477,209960.72465003072,31759
2020-08-22__2H__rosenborg__A,48.0,24575187.902173802,17613586.303530697,6748191.41095196,213410.18769114162,31740
2020-08-22__2H__rosenborg__A,49.0,24897442.328508038,17869684.31292772,6811079.866748327,216678.14883198822,31721
2020-08-22__2H__rosenborg__A,50.0,25211618.58738022,18119597.90072905,6872318.820201,219701.8664501644,31702
2020-08-22__2H__rosenborg__A,51.0,25517950.76498383,18363294.268016238,6932093.014605221,222563.48236236745,31683
2020-08-22__2H__rosenborg__A,52.0,25816774.197076097,18601310.752367355,6990371.099538133,225092.34517060826,31664
2020-08-22__2H__rosenborg__A,53.0,26108720.0105657,18834221.347770564,7047207.415305422,227291.24748971662,31645
2020-08-22__2H__rosenborg__A,54.0,26394505.850710303,19062620.895472277,7102600.068181049,229284.88705697306,31626
2020-08-22__2H__rosenborg__A,55.0,26674458.997653976,19286972.348316584,7156420.703961048,231065.9453763427,31607
2020-08-22__2H__rosenborg__A,56.0,26948785.91836012,19507724.260265462,7208275.9966045115,232785.66149015212,31588
2020-08-22__2H__rosenborg__A,57.0,27217743.66116285,19725236.902528446,7257996.3930503875,234510.36558402271,31569
2020-08-22__2H__rosenborg__A,58.0,27480678.084559996,19939150.77885447,7305304.261115658,236223.0445898701,31550
2020-08-22__2H__rosenborg__A,59.0,27735754.881604634,20148354.891374808,7349764.267983754,237635.72224607755,31531
2020-08-22__2H__rosenborg__A,60.0,27981211.73223646,20351298.699157257,7391278.693133262,238634.33994593855,31512
2020-08-26__1H__rosenborg__A,1.0,115481.50260874716,71064.00097145901,44624.43651254321,-206.9348752550328,28484
2020-08-26__1H__rosenborg__A,2.0,431404.86139966076,273333.7518079452,158467.11104230193,-396.00145058632097,28473
2020-08-26__1H__rosenborg__A,3.0,894851.1296933299,583523.228639296,311966.7543382309,-638.8532841968836,28462
2020-08-26__1H__rosenborg__A,4.0,1459300.2287470186,976217.3502790438,484105.69400251313,-1022.8155345382729,28451
2020-08-26__1H__rosenborg__A,5.0,2088795.1680104379,1428444.2836755463,661910.7849713601,-1559.9006364683592,28440
2020-08-26__1H__rosenborg__A,6.0,2757081.233032246,1921266.962044836,838097.7940009604,-2283.5230135510046,28429
2020-08-26__1H__rosenborg__A,7.0,3445817.312550362,2439864.0750051797,1009098.3905067951,-3145.152961613352,28418
2020-08-26__1H__rosenborg__A,8.0,4142338.554558919,2973231.2218275843,1173183.4222165484,-4076.0894852136444,28407
2020-08-26__1H__rosenborg__A,9.0,4838150.421299072,3513717.119726653,1329459.178872333,-5025.877299913351,28396
2020-08-26__1H__rosenborg__A,10.0,5528062.909457751,4056437.433246132,1477602.8754407978,-5977.3992291793875,28385
2020-08-26__1H__rosenborg__A,11.0,6208474.259321914,4597931.231297541,1617489.6375745626,-6946.609550187757,28374
2020-08-26__1H__rosenborg__A,12.0,6876458.85543255,5135492.090988259,1748918.542980005,-7951.778535712583,28363
2020-08-26__1H__rosenborg__A,13.0,7530044.869597057,5667072.801656554,1871995.263349129,-9023.19540862403,28352
2020-08-26__1H__rosenborg__A,14.0,8168603.061722815,6191045.6197970025,1987685.8973460887,-10128.45542027532,28341
2020-08-26__1H__rosenborg__A,15.0,8792142.41833539,6706150.710116735,2097253.6875178833,-11261.979299229286,28330
2020-08-26__1H__rosenborg__A,16.0,9400965.842695545,7211534.902909635,2201807.9218799653,-12376.982094055042,28319
2020-08-26__1H__rosenborg__A,17.0,9995194.910613136,7706650.190882399,2301983.919718862,-13439.199988126013,28308
2020-08-26__1H__rosenborg__A,18.0,10574533.185255067,8190732.499143142,2398254.7471013446,-14454.060989424557,28297
2020-08-26__1H__rosenborg__A,19.0,11138225.141471252,8662658.584006531,2491014.7219566414,-15448.164491921605,28286
2020-08-26__1H__rosenborg__A,20.0,11685390.134857692,9121485.466237491,2580277.1433880157,-16372.474767818101,28275
2020-08-26__1H__rosenborg__A,21.0,12215550.649822533,9566909.342478607,2665842.288514449,-17200.98117052199,28264
2020-08-26__1H__rosenborg__A,22.0,12729066.22582478,9999240.968404733,2747754.885335457,-17929.62791540833,28253
2020-08-26__1H__rosenborg__A,23.0,13226539.639382485,10418934.960335184,2826162.3348867334,-18557.655839432497,28242
2020-08-26__1H__rosenborg__A,24.0,13708403.142867472,10826376.943001732,2901325.706399535,-19299.506533792228,28231
2020-08-26__1H__rosenborg__A,25.0,14175003.003974067,11221866.639066342,2973474.465280741,-20338.100373017165,28220
2020-08-26__1H__rosenborg__A,26.0,14626466.296203343,11605283.928581154,3042850.406800519,-21668.039178327424,28209
2020-08-26__1H__rosenborg__A,27.0,15062524.614809496,11976244.353973335,3109462.6691415375,-23182.408305374294,28198
2020-08-26__1H__rosenborg__A,28.0,15482274.106983585,12334175.887687294,3172887.193002675,-24788.973706382036,28187
2020-08-26__1H__rosenborg__A,29.0,15884838.928802274,12678650.480435878,3232641.768433813,-26453.320067418244,28176
2020-08-26__1H__rosenborg__A,30.0,16269693.741957622,13009439.640058685,3288499.9553479673,-28245.853449028044,28165
2020-08-26__1H__rosenborg__A,31.0,16636737.618805636,13326237.314090263,3340516.4708759324,-30016.166160561028,28154
2020-08-26__1H__rosenborg__A,32.0,16986325.55275862,13629093.181398716,3388828.7001632927,-31596.328803387718,28143
2020-08-26__1H__rosenborg__A,33.0,17319218.954489384,13918610.080669224,3433508.2559205377,-32899.38210037642,28132
2020-08-26__1H__rosenborg__A,34.0,17636492.81802973,14195929.551750861,3474560.615132119,-33997.34885325018,28121
2020-08-26__1H__rosenborg__A,35.0,17939524.147529006,14462508.486394368,3512026.177653159,-35010.51651852025,28110
2020-08-26__1H__rosenborg__A,36.0,18231096.539652336,14720604.779988432,3546459.2019488746,-35967.44228496979,28099
2020-08-26__1H__rosenborg__A,37.0,18514711.72468865,14972676.507175844,3578864.299367765,-36829.081854964636,28088
2020-08-26__1H__rosenborg__A,38.0,18793177.19504264,15220720.635675408,3609985.95487135,-37529.39550411867,28077
2020-08-26__1H__rosenborg__A,39.0,19067438.20771042,15465342.281617716,3640186.2673623133,-38090.34126961132,28066
2020-08-26__1H__rosenborg__A,40.0,19336857.67440966,15705790.477666961,3669657.7859054753,-38590.589162774035,28055
2020-08-26__1H__rosenborg__A,41.0,19599805.137434505,15940444.388902068,3698516.946781882,-39156.19824944498,28044
2020-08-26__1H__rosenborg__A,42.0,19853989.463836964,16167246.464938467,3726596.8292563795,-39853.83035788106,28033
2020-08-26__1H__rosenborg__A,43.0,20097035.667886432,16384004.172229093,3753643.04389954,-40611.5482422022,28022
2020-08-26__1H__rosenborg__A,44.0,20327314.587401036,16589054.234151082,3779605.9097239994,-41345.556474042474,28011
2020-08-26__1H__rosenborg__A,45.0,20544321.33100881,16781734.30692855,3804640.800522906,-42053.77644264547,28000
2020-08-26__1H__rosenborg__A,46.0,20748114.96010556,16961626.25199358,3828785.219420568,-42296.51130859036,27989
2020-08-26__1H__rosenborg__A,47.0,20939606.34173803,17130239.235765845,3851934.396179579,-42567.29020739233,27978
2020-08-26__1H__rosenborg__A,48.0,21120583.9833391,17289502.281101845,3873887.331974421,-42805.62973716439,27967
2020-08-26__1H__rosenborg__A,49.0,21292421.690742403,17440865.972614095,3894325.579298001,-42769.86116969091,27956
2020-08-26__1H__rosenborg__A,50.0,21455802.511462636,17585924.057655934,3913168.8594935876,-43290.40568688171,27945
2020-08-26__1H__rosenborg__A,51.0,21610958.380108252,17724824.599696055,3930256.5102682724,-44122.72985607351,27934
2020-08-26__1H__rosenborg__A,52.0,21758029.690475035,17857718.79610472,3945450.624051734,-45139.7296814181,27923
2020-08-26__1H__rosenborg__A,53.0,21897009.289463073,17984906.870599452,3958448.8710204414,-46346.45215682412,27912
2020-08-26__1H__rosenborg__A,54.0,22028372.804831207,18106852.4620401,3969266.5960340197,-47746.25324291433,27901
2020-08-26__1H__rosenborg__A,55.0,22152616.424828112,18223623.954616453,3978178.233237122,-49185.76302546254,27890
2020-08-26__1H__rosenborg__A,56.0,22269475.038327225,18334660.865973644,3985473.4002508656,-50659.22789728342,27879
2020-08-26__1H__rosenborg__A,57.0,22378443.71290109,18439191.952738225,3991412.0670248657,-52160.306862000725,27868
2020-08-26__1H__rosenborg__A,58.0,22479395.60962154,18536496.01842551,3996487.0009490564,-53587.40975302865,27857
2020-08-26__1H__rosenborg__A,59.0,22572469.98596802,18626228.905412022,4001127.7145075607,-54886.63395156604,27846
2020-08-26__1H__rosenborg__A,60.0,22657796.17970647,18708539.5043217,4005313.730896533,-56057.05551176396,27835
2020-08-26__2H__rosenborg__A,1.0,122054.79910663741,74783.63445891041,54249.61625826221,-6978.451610535199,31426
2020-08-26__2H__rosenborg__A,2.0,458029.74013853044,284190.1978289281,189754.2251823425,-15914.682872740314,31405
2020-08-26__2H__rosenborg__A,3.0,956195.2346037762,608271.2672115494,374660.7687216297,-26736.80132940292,31384
2020-08-26__2H__rosenborg__A,4.0,1570090.6416158257,1024094.2087441953,585136.9626191788,-39140.529747548724,31363
2020-08-26__2H__rosenborg__A,5.0,2264052.3598654643,1509897.853204887,806805.941247938,-52651.43458736111,31342
2020-08-26__2H__rosenborg__A,6.0,3011543.6629123567,2046784.2746529616,1031947.4533035846,-67188.06504418972,31321
2020-08-26__2H__rosenborg__A,7.0,3792773.250092772,2619424.031026455,1255924.9190472628,-82575.69998094704,31300
2020-08-26__2H__rosenborg__A,8.0,4593326.652545811,3216076.0061993427,1475673.5451164509,-98422.89876998312,31279
2020-08-26__2H__rosenborg__A,9.0,5403030.496250251,3828378.962632335,1688928.3140271662,-114276.78040925048,31258
2020-08-26__2H__rosenborg__A,10.0,6215228.37403458,4450933.21307988,1894437.8080823831,-130142.64712768176,31237
2020-08-26__2H__rosenborg__A,11.0,7025737.104968321,5079942.554707286,2091261.3311521513,-145466.78089111543,31216
2020-08-26__2H__rosenborg__A,12.0,7831874.851752851,5713002.4045615,2279562.430905884,-160689.98371453423,31195
2020-08-26__2H__rosenborg__A,13.0,8631208.72698106,6347490.268377848,2459719.9570364943,-176001.49843328007,31174
2020-08-26__2H__rosenborg__A,14.0,9421551.825037468,6980827.223783277,2632046.408202802,-191321.80694860875,31153
2020-08-26__2H__rosenborg__A,15.0,10201592.226577653,7610904.323896879,2797291.172420536,-206603.2697397647,31132
2020-08-26__2H__rosenborg__A,16.0,10970272.768166438,8236020.0658462355,2956066.2125877077,-221813.5102675081,31111
2020-08-26__2H__rosenborg__A,17.0,11725987.446784712,8854535.91678499,3107989.043335202,-236537.51333547983,31090
2020-08-26__2H__rosenborg__A,18.0,12467147.85996372,9465376.7699783,3253101.5034516756,-251330.4134662534,31069
2020-08-26__2H__rosenborg__A,19.0,13192860.021537274,10067506.38157916,3391604.442934053,-266250.8029759398,31048
2020-08-26__2H__rosenborg__A,20.0,13902651.901049802,10660118.62309142,3523996.337235556,-281463.05927717756,31027
2020-08-26__2H__rosenborg__A,21.0,14595990.770946043,11242468.66273715,3650439.2333480143,-296917.1251391231,31006
2020-08-26__2H__rosenborg__A,22.0,15272799.605980916,11813776.106871882,3771646.4680482596,-312622.96893923095,30985
2020-08-26__2H__rosenborg__A,23.0,15932761.009888124,12372958.4408788,3888204.704236668,-328402.13522734167,30964
2020-08-26__2H__rosenborg__A,24.0,16574916.305233605,12918392.787488347,4000721.1171839363,-344197.59943867865,30943
2020-08-26__2H__rosenborg__A,25.0,17197375.309173297,13448087.347444566,4109431.750371325,-360143.788642591,30922
2020-08-26__2H__rosenborg__A,26.0,17798390.70593603,13959796.607415745,4214465.632282594,-375871.5337623108,30901
2020-08-26__2H__rosenborg__A,27.0,18375904.44855418,14451821.671935739,4315606.747431131,-391523.9708126917,30880
2020-08-26__2H__rosenborg__A,28.0,18929138.77647894,14923138.980687344,4412816.318122945,-406816.5223313581,30859
2020-08-26__2H__rosenborg__A,29.0,19456785.9042228,15373602.72804385,4505500.235136671,-422317.05895771773,30838
2020-08-26__2H__rosenborg__A,30.0,19960509.831148475,15802955.811855854,4595016.3835987765,-437462.36430616176,30817
2020-08-26__2H__rosenborg__A,31.0,20440457.46005335,16211104.091562087,4681437.890058757,-452084.52156749705,30796
2020-08-26__2H__rosenborg__A,32.0,20896962.414908655,16598336.653635712,4764980.681087631,-466354.9198146851,30775
2020-08-26__2H__rosenborg__A,33.0,21331282.437994663,16965326.770517446,4846463.090197841,-480507.4227206173,30754
2020-08-26__2H__rosenborg__A,34.0,21744365.22928722,17312796.659208905,4925922.304360798,-494353.73428248474,30733
2020-08-26__2H__rosenborg__A,35.0,22137244.588731453,17642033.69099791,5003214.385051969,-508003.48731842753,30712
2020-08-26__2H__rosenborg__A,36.0,22511085.377089374,17954761.226248946,5077922.357308658,-521598.20646824164,30691
2020-08-26__2H__rosenborg__A,37.0,22867136.961391732,18252811.598836884,5149505.591064552,-535180.2285096989,30670
2020-08-26__2H__rosenborg__A,38.0,23206791.945418295,18538058.614903204,5217348.2347377,-548614.9042226018,30649
2020-08-26__2H__rosenborg__A,39.0,23532311.686377816,18812023.023089185,5281759.580471172,-561470.917182543,30628
2020-08-26__2H__rosenborg__A,40.0,23845998.766137548,19076343.922142506,5343526.987448327,-573872.143453287,30607
2020-08-26__2H__rosenborg__A,41.0,24150259.032872297,19332062.498589214,5403711.5847277,-585515.0504446169,30586
2020-08-26__2H__rosenborg__A,42.0,24447009.923876654,19580143.35039203,5462974.293249992,-596107.7197653693,30565
2020-08-26__2H__rosenborg__A,43.0,24736994.532961547,19820626.35427489,5520852.114102637,-604483.9354159796,30544
2020-08-26__2H__rosenborg__A,44.0,25020033.83297862,20054064.8181896,5577619.41821462,-611650.4034256022,30523
2020-08-26__2H__rosenborg__A,45.0,25295397.264289003,20279900.6375502,5633083.726611181,-617587.0998723763,30502
2020-08-26__2H__rosenborg__A,46.0,25562394.902385943,20497285.523843866,5687530.677530487,-622421.298988419,30481
2020-08-26__2H__rosenborg__A,47.0,25820376.826595936,20705473.45656659,5741321.594802332,-626418.224772981,30460
2020-08-26__2H__rosenborg__A,48.0,26068735.93461141,20903731.852943968,5794743.744094894,-629739.6624274559,30439
2020-08-26__2H__rosenborg__A,49.0,26306570.137916904,21091543.01887354,5847678.061744981,-632650.9427016116,30418
2020-08-26__2H__rosenborg__A,50.0,26533045.653483156,21268626.05137167,5899795.1911745975,-635375.5890631089,30397
2020-08-26__2H__rosenborg__A,51.0,26748039.26984299,21435098.636289984,5950926.801677939,-637986.1681249291,30376
2020-08-26__2H__rosenborg__A,52.0,26951674.107469935,21591177.77896593,6000931.575977353,-640435.2474733536,30355
2020-08-26__2H__rosenborg__A,53.0,27143913.035521027,21736782.834307443,6049728.66999405,-642598.4687804686,30334
2020-08-26__2H__rosenborg__A,54.0,27323522.51039999,21871266.408086002,6096672.059977628,-644415.95766364,30313
2020-08-26__2H__rosenborg__A,55.0,27489626.885923285,21993666.916542698,6141764.017329754,-645804.0479491659,30292
2020-08-26__2H__rosenborg__A,56.0,27640673.546404958,22103390.5517576,6184306.512510656,-647023.5178633053,30271
2020-08-26__2H__rosenborg__A,57.0,27776488.502584003,22200057.53516962,6224565.99727943,-648135.0298650435,30250
2020-08-26__2H__rosenborg__A,58.0,27897500.69761288,22283896.7982958,6262695.89921219,-649091.9998951127,30229
2020-08-26__2H__rosenborg__A,59.0,28004748.62146126,22356340.32178344,6298269.139164991,-649860.839487161,30208
2020-08-26__2H__rosenborg__A,60.0,28101140.426426664,22419741.6717244,6331885.455725601,-650486.7010233387,30187
2020-08-30__1H__rosenborg__A,1.0,131719.7054451786,82646.69614644942,49312.99016994283,-239.9808712136453,24808
2020-08-30__1H__rosenborg__A,2.0,494098.61923259497,319704.51209447015,174793.88787161722,-399.78073349235876,24798
2020-08-30__1H__rosenborg__A,3.0,1032684.9908911411,687829.1046946477,345288.56019622326,-432.6739997295181,24788
2020-08-30__1H__rosenborg__A,4.0,1697056.9286907401,1159773.8145581866,537567.8082077744,-284.69407522099755,24778
2020-08-30__1H__rosenborg__A,5.0,2446357.9641499333,1708930.560273877,737414.6213881584,12.78248789807185,24768
2020-08-30__1H__rosenborg__A,6.0,3248620.0420173462,2311761.521149163,936465.8620610831,392.6588070999851,24758
2020-08-30__1H__rosenborg__A,7.0,4079642.0728334556,2948453.8151419368,1130405.8139826457,782.4437088728337,24748
2020-08-30__1H__rosenborg__A,8.0,4920570.773831999,3603274.9511990957,1316232.5757880078,1063.2468448953096,24738
2020-08-30__1H__rosenborg__A,9.0,5758209.857110956,4264090.773908543,1492960.866471273,1158.2167311395679,24728
2020-08-30__1H__rosenborg__A,10.0,6582730.562512941,4921269.765506807,1660410.005243459,1050.7917626739873,24718
2020-08-30__1H__rosenborg__A,11.0,7387435.754020548,5568204.1054838635,1818442.3952509617,789.2532857240003,24708
2020-08-30__1H__rosenborg__A,12.0,8169409.9623133885,6201100.637851087,1967851.0859529143,458.2385093857083,24698
2020-08-30__1H__rosenborg__A,13.0,8926624.850152247,6817789.720936086,2108637.3925201558,197.73669600491849,24688
2020-08-30__1H__rosenborg__A,14.0,9658452.90100263,7417423.99820265,2240987.712026723,41.190773258895206,24678
2020-08-30__1H__rosenborg__A,15.0,10364496.40535023,7999433.325546125,2365082.30864437,-19.22884026492102,24668
2020-08-30__1H__rosenborg__A,16.0,11044662.118339565,8563175.825499702,2481467.947105483,18.34573438032021,24658
2020-08-30__1H__rosenborg__A,17.0,11698211.151693063,9108341.729571348,2589738.0423930027,131.37972871052625,24648
2020-08-30__1H__rosenborg__A,18.0,12326040.91858902,9634537.691029757,2691217.8129364816,285.41462278175095,24638
2020-08-30__1H__rosenborg__A,19.0,12926706.583572201,10141783.998473369,2784403.965102933,518.6199959014884,24628
2020-08-30__1H__rosenborg__A,20.0,13503885.751509048,10631446.347399373,2871595.595373122,843.8087365536412,24618
2020-08-30__1H__rosenborg__A,21.0,14057522.060171425,11103770.308379209,2952493.092566365,1258.6592258510464,24608
2020-08-30__1H__rosenborg__A,22.0,14588865.404480424,11559202.140032113,3027888.0457235062,1775.2187248057526,24598
2020-08-30__1H__rosenborg__A,23.0,15097710.919893393,11997775.786961485,3097575.279346962,2359.8535849483596,24588
2020-08-30__1H__rosenborg__A,24.0,15583710.946859945,12419004.97228285,3161691.0889405957,3014.8856365024258,24578
2020-08-30__1H__rosenborg__A,25.0,16046867.774494302,12822768.265756475,3220373.9700828507,3725.5386549765753,24568
2020-08-30__1H__rosenborg__A,26.0,16487434.537107373,13208757.519938715,3274199.8674916592,4477.149676998086,24558
2020-08-30__1H__rosenborg__A,27.0,16905839.749443732,13576888.417789543,3323747.015046194,5204.316607994548,24548
2020-08-30__1H__rosenborg__A,28.0,17302228.27271749,13927132.416136846,3369269.6882765307,5826.168304115847,24538
2020-08-30__1H__rosenborg__A,29.0,17676916.189071007,14259532.079114523,3411097.2019978655,6286.907958620046,24528
2020-08-30__1H__rosenborg__A,30.0,18030171.172496162,14573818.09797486,3449681.6421340583,6671.432387244102,24518
2020-08-30__1H__rosenborg__A,31.0,18362647.93768339,14870670.110410828,3485376.649248803,6601.1780237610765,24508
2020-08-30__1H__rosenborg__A,32.0,18675514.575429834,15150822.685160177,3518337.538399233,6354.351870421233,24498
2020-08-30__1H__rosenborg__A,33.0,18970414.670485403,15415924.524545234,3548584.797980682,5905.3479594900855,24488
2020-08-30__1H__rosenborg__A,34.0,19249564.704470016,15667820.895176983,3576432.0951619516,5311.714131078377,24478
2020-08-30__1H__rosenborg__A,35.0,19515331.257449366,15908279.933242064,3602264.413062191,4786.911145111269,24468
2020-08-30__1H__rosenborg__A,36.0,19769811.72341765,16138822.738238791,3626731.6287989146,4257.356379943914,24458
2020-08-30__1H__rosenborg__A,37.0,20014903.796538964,16360753.605700005,3650418.840039676,3731.3507992790474,24448
2020-08-30__1H__rosenborg__A,38.0,20251817.041701272,16575002.75280767,3673681.173326445,3133.115567155728,24438
2020-08-30__1H__rosenborg__A,39.0,20481258.07718015,16782514.527475536,3696407.2755084536,2336.274196163271,24428
2020-08-30__1H__rosenborg__A,40.0,20704046.60537198,16984430.859544605,3718322.336980697,1293.4088466850517,24418
2020-08-30__1H__rosenborg__A,41.0,20921637.54314003,17182020.31388765,3739252.1809124686,365.04833991718624,24408
2020-08-30__1H__rosenborg__A,42.0,21136115.400792483,17376738.155783024,3759627.873511203,-250.62850174379855,24398
2020-08-30__1H__rosenborg__A,43.0,21349379.69516845,17569800.151654687,3780034.9993423102,-455.4558285459789,24388
2020-08-30__1H__rosenborg__A,44.0,21561795.449838333,17761595.87785791,3800497.6702694353,-298.0982890123414,24378
2020-08-30__1H__rosenborg__A,45.0,21773305.984631598,17951939.504379563,3821190.3364693737,176.14378266461426,24368
2020-08-30__1H__rosenborg__A,46.0,21983242.88717009,18140283.726367123,3842072.5598116093,886.6009913616581,24358
2020-08-30__1H__rosenborg__A,47.0,22190936.875561826,18326122.798126355,3862974.7100880276,1839.3673474422976,24348
2020-08-30__1H__rosenborg__A,48.0,22395855.305587873,18508918.064824797,3883847.349172543,3089.891590537991,24338
2020-08-30__1H__rosenborg__A,49.0,22597145.050551508,18687970.47681808,3904551.496524484,4623.077208942072,24328
2020-08-30__1H__rosenborg__A,50.0,22793151.040091105,18862133.642291475,3924930.376074858,6087.02172476922,24318
2020-08-30__1H__rosenborg__A,51.0,22980932.611580957,19029343.74960512,3944568.647209784,7020.214766056684,24308
2020-08-30__1H__rosenborg__A,52.0,23158397.58757887,19187517.413415365,3963329.5821515764,7550.592011927525,24298
2020-08-30__1H__rosenborg__A,53.0,23324116.451530058,19334964.764269702,3981246.1163386973,7905.570921657651,24288
2020-08-30__1H__rosenborg__A,54.0,23476944.293056827,19470232.745076932,3998566.112089103,8145.43589079284,24278
2020-08-30__1H__rosenborg__A,55.0,23616587.79080749,19592762.05343266,4015421.6766455136,8404.060729312958,24268
2020-08-30__1H__rosenborg__A,56.0,23742861.733492553,19702383.008139934,4031612.2958379337,8866.42951467965,24258
2020-08-30__1H__rosenborg__A,57.0,23855186.623834595,19798775.460897766,4046989.376319168,9421.786617661157,24248
2020-08-30__1H__rosenborg__A,58.0,23952762.160203204,19881474.949209057,4061310.576631409,9976.63436273842,24238
2020-08-30__1H__rosenborg__A,59.0,24035325.076362286,19950659.616046622,4074202.463414809,10462.996900854341,24228
2020-08-30__1H__rosenborg__A,60.0,24103556.50798712,20007011.395051077,4085669.926745197,10875.186190845518,24218
2020-08-30__2H__rosenborg__A,1.0,119103.8254247787,68388.43070575097,55657.76928853995,-4942.374569512223,29723
2020-08-30__2H__rosenborg__A,2.0,448256.9952007049,259555.9461642382,198588.8707954184,-9887.821758951804,29702
2020-08-30__2H__rosenborg__A,3.0,937172.3736680478,553249.7583212771,398640.26195044874,-14717.646603678133,29681
2020-08-30__2H__rosenborg__A,4.0,1539375.9102951647,926633.7864179423,632064.9729734119,-19322.849096189144,29660
2020-08-30__2H__rosenborg__A,5.0,2217066.958050992,1358274.8503111517,882559.1921319925,-23767.084392152647,29639
2020-08-30__2H__rosenborg__A,6.0,2940659.5857075616,1829376.116903696,1139390.7845003337,-28107.315696468206,29618
2020-08-30__2H__rosenborg__A,7.0,3687896.814440591,2324378.7285797554,1395957.346306762,-32439.260445925313,29597
2020-08-30__2H__rosenborg__A,8.0,4442566.607532497,2831242.297886211,1648301.4430980117,-36977.133451725735,29576
2020-08-30__2H__rosenborg__A,9.0,5192983.211243733,3340955.369065188,1893742.0104592142,-41714.16828067033,29555
2020-08-30__2H__rosenborg__A,10.0,5931017.991347596,3847130.736476876,2130452.7408984774,-46565.48602775714,29534
2020-08-30__2H__rosenborg__A,11.0,6651386.234640083,4345495.723351217,2357393.7913561813,-51503.28006731706,29513
2020-08-30__2H__rosenborg__A,12.0,7350834.958141348,4833285.138722918,2573961.2816283363,-56411.46220990641,29492
2020-08-30__2H__rosenborg__A,13.0,8027878.221051643,5309071.70270498,2779915.6635040175,-61109.14515735507,29471
2020-08-30__2H__rosenborg__A,14.0,8682871.8300079,5772407.040974697,2975622.2955498686,-65157.50651666678,29450
2020-08-30__2H__rosenborg__A,15.0,9316386.023761403,6223211.623885851,3161392.2242645975,-68217.8243890451,29429
2020-08-30__2H__rosenborg__A,16.0,9929580.627701009,6661818.802406709,3337638.439984485,-69876.61469018474,29408
2020-08-30__2H__rosenborg__A,17.0,10523502.519938765,7088680.161362909,3504733.62037864,-69911.26180278313,29387
2020-08-30__2H__rosenborg__A,18.0,11098561.843744995,7504074.239590964,3663037.790006535,-68550.18585250778,29366
2020-08-30__2H__rosenborg__A,19.0,11654768.746639486,7908188.5636613695,3812740.9474211223,-66160.76444300757,29345
2020-08-30__2H__rosenborg__A,20.0,12192264.913127042,8300813.498756757,3954084.379936739,-62632.96556645329,29324
2020-08-30__2H__rosenborg__A,21.0,12711310.212343711,8681837.929409122,4087342.62326677,-57870.34033217732,29303
2020-08-30__2H__rosenborg__A,22.0,13211873.566741435,9051271.84812046,4212918.990426261,-52317.27180528843,29282
2020-08-30__2H__rosenborg__A,23.0,13694984.91648592,9409560.866842749,4331599.376696143,-46175.327052970184,29261
2020-08-30__2H__rosenborg__A,24.0,14161980.00357622,9757324.260903843,4444237.305335027,-39581.56266265287,29240
2020-08-30__2H__rosenborg__A,25.0,14613749.043324234,10094725.16166045,4551889.076538569,-32865.1948747811,29219
2020-08-30__2H__rosenborg__A,26.0,15051283.009750906,10421517.54643156,4655673.034886081,-25907.571566731043,29198
2020-08-30__2H__rosenborg__A,27.0,15475097.825600384,10737480.393737635,4756075.406823005,-18457.974960254272,29177
2020-08-30__2H__rosenborg__A,28.0,15885826.772978691,11042513.577113092,4853539.289232872,-10226.093367276364,29156
2020-08-30__2H__rosenborg__A,29.0,16284811.272924013,11337334.068358937,4948783.870284345,-1306.6657192682906,29135
2020-08-30__2H__rosenborg__A,30.0,16673837.572591873,11623370.856719775,5042456.422753581,8010.293118519665,29114
2020-08-30__2H__rosenborg__A,31.0,17054851.00703023,11902495.12695243,5134890.064244529,17465.815833267363,29093
2020-08-30__2H__rosenborg__A,32.0,17429618.442967035,12176731.54809442,5225905.2303449,26981.664527718734,29072
2020-08-30__2H__rosenborg__A,33.0,17799936.945061967,12448258.400136203,5315575.642309298,36102.90261646903,29051
2020-08-30__2H__rosenborg__A,34.0,18167425.258675918,12718691.587902639,5404060.0214301795,44673.649343098616,29030
2020-08-30__2H__rosenborg__A,35.0,18532826.159068126,12988663.058588492,5491188.739335248,52974.36114438389,29009
2020-08-30__2H__rosenborg__A,36.0,18896239.83878769,13258151.2308607,5576791.791038272,61296.81688872188,28988
2020-08-30__2H__rosenborg__A,37.0,19257694.873070337,13527101.124570997,5660970.729686377,69623.01881295726,28967
2020-08-30__2H__rosenborg__A,38.0,19617275.557492793,13795646.194945028,5743910.47433273,77718.88821503718,28946
2020-08-30__2H__rosenborg__A,39.0,19974893.809815507,14063520.087035136,5825810.2567371605,85563.46604320889,28925
2020-08-30__2H__rosenborg__A,40.0,20329730.882293105,14329809.204437872,5906611.830321838,93309.8475333977,28904
2020-08-30__2H__rosenborg__A,41.0,20680620.52016899,14593379.86549874,5986115.434127779,101125.22054247116,28883
2020-08-30__2H__rosenborg__A,42.0,21026331.672887977,14853271.226308612,6064057.332726366,109003.11385300309,28862
2020-08-30__2H__rosenborg__A,43.0,21365787.071257893,15108568.717431571,6140314.06535454,116904.28847178769,28841
2020-08-30__2H__rosenborg__A,44.0,21697471.296767887,15358153.459743557,6214483.74685855,124834.09016577288,28820
2020-08-30__2H__rosenborg__A,45.0,22019712.89349708,15600785.84525561,6286082.436038937,132844.6122025323,28799
2020-08-30__2H__rosenborg__A,46.0,22331468.10184041,15835683.345994413,6354684.151845575,141100.60400041824,28778
2020-08-30__2H__rosenborg__A,47.0,22632434.35982022,16062756.01672045,6420145.714225299,149532.62887447397,28757
2020-08-30__2H__rosenborg__A,48.0,22922738.48139974,16282299.474535504,6482768.410053806,157670.5968104332,28736
2020-08-30__2H__rosenborg__A,49.0,23203195.320460316,16494842.66435131,6543007.771911961,165344.88419704355,28715
2020-08-30__2H__rosenborg__A,50.0,23475355.93828888,16701538.89533453,6601358.404051047,172458.638903303,28694
2020-08-30__2H__rosenborg__A,51.0,23740963.510325354,16903969.144739266,6658123.190938044,178871.17464804716,28673
2020-08-30__2H__rosenborg__A,52.0,24000332.113769308,17102846.738991227,6713120.130073567,184365.24470451116,28652
2020-08-30__2H__rosenborg__A,53.0,24253343.618248608,17298588.4308127,6765918.80101696,188836.38641894457,28631
2020-08-30__2H__rosenborg__A,54.0,24500246.4763418,17491516.01898048,6816322.750530634,192407.70683068986,28610
2020-08-30__2H__rosenborg__A,55.0,24742213.276112888,17682264.829137847,6864554.06221844,195394.3847566107,28589
2020-08-30__2H__rosenborg__A,56.0,24980318.757699452,17871331.37553156,6911029.801397259,197957.58077063411,28568
2020-08-30__2H__rosenborg__A,57.0,25214859.959793564,18058764.870163985,6955687.879515885,200407.21011370077,28547
2020-08-30__2H__rosenborg__A,58.0,25445675.057210065,18244959.36359589,6998885.240695355,201830.45291881784,28526
2020-08-30__2H__rosenborg__A,59.0,25672202.47393352,18429005.672646537,7039968.611820357,203228.1894666272,28505
2020-08-30__2H__rosenborg__A,60.0,25894082.70544303,18610872.034562837,7079407.780170201,203802.89070999657,28484
2020-09-12__1H__rosenborg__A,1.0,117851.6207714419,63243.74017037026,59641.60589179652,-5033.725290724902,30904
2020-09-12__1H__rosenborg__A,2.0,442206.76389940653,239977.96451666573,212604.19334836074,-10375.393965620035,30885
2020-09-12__1H__rosenborg__A,3.0,924390.636248545,512527.8381283696,427546.0972955599,-15683.299175384353,30866
2020-09-12__1H__rosenborg__A,4.0,1520260.6880231083,861247.8000982346,679885.7282510804,-20872.840326206344,30847
2020-09-12__1H__rosenborg__A,5.0,2194872.401983528,1267801.9647483046,953332.3468421153,-26261.909606891597,30828
2020-09-12__1H__rosenborg__A,6.0,2921381.717050469,1715743.7738092467,1237069.0232688566,-31431.0800276339,30809
2020-09-12__1H__rosenborg__A,7.0,3679188.8127561524,2191564.5359349027,1524077.481255015,-36453.204433765444,30790
2020-09-12__1H__rosenborg__A,8.0,4452773.383641112,2684534.4703596854,1809594.2115611422,-41355.29827971551,30771
2020-09-12__1H__rosenborg__A,9.0,5230995.762414929,3186784.1566504575,2090565.1515076205,-46353.54574314815,30752
2020-09-12__1H__rosenborg__A,10.0,6006031.880820496,3691962.1974977036,2364903.193088419,-50833.50976562587,30733
2020-09-12__1H__rosenborg__A,11.0,6772268.043726689,4195262.1454676865,2631421.067629082,-54415.16937007819,30714
2020-09-12__1H__rosenborg__A,12.0,7525852.234233949,4693157.841846259,2889709.5924930386,-57015.200105349475,30695
2020-09-12__1H__rosenborg__A,13.0,8264544.515543895,5183656.729486787,3140028.2691574744,-59140.48310036553,30676
2020-09-12__1H__rosenborg__A,14.0,8987304.90511634,5665426.466143191,3382194.6453256663,-60316.206352518144,30657
2020-09-12__1H__rosenborg__A,15.0,9694013.995834906,6138510.204599648,3616409.4292577626,-60905.63802250606,30638
2020-09-12__1H__rosenborg__A,16.0,10384976.683253018,6603420.952496279,3842914.7157891328,-61358.985032392375,30619
2020-09-12__1H__rosenborg__A,17.0,11060618.627501005,7060494.266561361,4061810.222540775,-61685.86160113197,30600
2020-09-12__1H__rosenborg__A,18.0,11721427.324748544,7509882.033261609,4273347.260359498,-61801.96887256554,30581
2020-09-12__1H__rosenborg__A,19.0,12367767.665628763,7951803.873656533,4477763.864250711,-61800.072278480744,30562
2020-09-12__1H__rosenborg__A,20.0,12999624.265475776,8385881.352802071,4674831.175803958,-61088.26313025481,30543
2020-09-12__1H__rosenborg__A,21.0,13617203.898106992,8812098.849759344,4864622.893344611,-59517.84499696095,30524
2020-09-12__1H__rosenborg__A,22.0,14220260.583112583,9230410.631021306,5047108.435684475,-57258.48359320272,30505
2020-09-12__1H__rosenborg__A,23.0,14807730.292206349,9639917.40264628,5222260.646702248,-54447.75714218157,30486
2020-09-12__1H__rosenborg__A,24.0,15378172.967517681,10039200.315308524,5390210.38054031,-51237.728331153514,30467
2020-09-12__1H__rosenborg__A,25.0,15930471.71655475,10426729.480240947,5551045.311369499,-47303.07505569549,30448
2020-09-12__1H__rosenborg__A,26.0,16464654.06109612,10801994.720912993,5705238.874939638,-42579.53475651139,30429
2020-09-12__1H__rosenborg__A,27.0,16981768.379128966,11165642.453666622,5853397.363573154,-37271.4381108121,30410
2020-09-12__1H__rosenborg__A,28.0,17483578.227808967,11518848.142397882,5996025.456456512,-31295.371045431122,30391
2020-09-12__1H__rosenborg__A,29.0,17972416.31343338,11863317.864702724,6133828.234118214,-24729.78538756474,30372
2020-09-12__1H__rosenborg__A,30.0,18451251.94161527,12201435.809642768,6267324.859757366,-17508.727784860355,30353
2020-09-12__1H__rosenborg__A,31.0,18922228.766174577,12534666.5091287,6397247.050322476,-9684.793276604847,30334
2020-09-12__1H__rosenborg__A,32.0,19386518.380483095,12863229.30303501,6524631.756363963,-1342.6789158716565,30315
2020-09-12__1H__rosenborg__A,33.0,19844687.553303797,13186828.906436497,6650398.170041624,7460.476825675985,30296
2020-09-12__1H__rosenborg__A,34.0,20296970.493086297,13505025.62184166,6775125.886700632,16818.984544004663,30277
2020-09-12__1H__rosenborg__A,35.0,20743368.405211665,13817517.658363625,6898994.300236259,26856.446611782187,30258
2020-09-12__1H__rosenborg__A,36.0,21182915.833975036,14123697.953089844,7021823.741105314,37394.13977987808,30239
2020-09-12__1H__rosenborg__A,37.0,21614428.031157605,14422641.984895926,7143401.581892585,48384.464369097084,30220
2020-09-12__1H__rosenborg__A,38.0,22036341.583401952,14713452.794001352,7263231.875409593,59656.91399101168,30201
2020-09-12__1H__rosenborg__A,39.0,22447259.529521048,14995438.293475505,7380728.139373429,71093.09667211829,30182
2020-09-12__1H__rosenborg__A,40.0,22846116.518884,15268633.247969126,7495861.402598522,81621.86831635161,30163
2020-09-12__1H__rosenborg__A,41.0,23232591.8541159,15532817.849479018,7608047.799998965,91726.20463791426,30144
2020-09-12__1H__rosenborg__A,42.0,23606875.521017533,15788233.827571793,7716937.626639389,101704.06680634775,30125
2020-09-12__1H__rosenborg__A,43.0,23969103.138246544,16035438.823521022,7822273.976616578,111390.33810894808,30106
2020-09-12__1H__rosenborg__A,44.0,24319805.119345315,16275059.261887355,7924321.325937328,120424.53152063693,30087
2020-09-12__1H__rosenborg__A,45.0,24659348.20593081,16507396.702281818,8023455.097552057,128496.40609692846,30068
2020-09-12__1H__rosenborg__A,46.0,24987393.91030197,16732273.205669487,8119627.258837048,135493.44579543057,30049
2020-09-12__1H__rosenborg__A,47.0,25303079.06729687,16948903.039927877,8212819.754236588,141356.27313240775,30030
2020-09-12__1H__rosenborg__A,48.0,25605615.713605456,17156372.48368975,8303304.8380496465,145938.39186605322,30011
2020-09-12__1H__rosenborg__A,49.0,25894343.353863884,17353786.36160393,8391145.042134488,149411.95012545952,29992
2020-09-12__1H__rosenborg__A,50.0,26168893.255191185,17540308.252315816,8476288.405709038,152296.5971663379,29973
2020-09-12__1H__rosenborg__A,51.0,26428719.36343119,17715508.13437691,8558207.961633462,155003.26742080797,29954
2020-09-12__1H__rosenborg__A,52.0,26673179.95053508,17879269.68177885,8636288.062287869,157622.20646835782,29935
2020-09-12__1H__rosenborg__A,53.0,26902198.95568108,18031706.07712402,8710378.760924965,160114.1176320925,29916
2020-09-12__1H__rosenborg__A,54.0,27115937.64765165,18173125.630303014,8780498.214187482,162313.80316115043,29897
2020-09-12__1H__rosenborg__A,55.0,27314279.543144062,18303724.612051677,8846645.77301953,163909.158072846,29878
2020-09-12__1H__rosenborg__A,56.0,27496754.000988763,18423445.215082634,8908590.636363244,164718.1495428909,29859
2020-09-12__1H__rosenborg__A,57.0,27661914.544274896,18531058.40819055,8965873.255111625,164982.8809727304,29840
2020-09-12__1H__rosenborg__A,58.0,27808361.991138056,18625234.123797614,9018132.593156852,164995.2741835841,29821
2020-09-12__1H__rosenborg__A,59.0,27935532.750456773,18705348.508831523,9065293.246983299,164890.9946419422,29802
2020-09-12__1H__rosenborg__A,60.0,28043172.80946021,18770948.699755184,9107289.502028784,164934.60767623805,29783
2020-09-12__2H__rosenborg__A,1.0,108891.24108868545,66859.98251071876,46197.70008368197,-4166.441505715271,26306
2020-09-12__2H__rosenborg__A,2.0,409553.48409139906,254596.65964823106,163037.18848345676,-8080.364040288776,26289
2020-09-12__2H__rosenborg__A,3.0,857965.9670767427,544217.5493334814,325038.885047687,-11290.467304425536,26272
2020-09-12__2H__rosenborg__A,4.0,1414025.5544673393,914681.6553734916,513542.97758008767,-14199.078486239992,26255
2020-09-12__2H__rosenborg__A,5.0,2045331.4123995097,1346467.7067574966,715713.7770323621,-16850.07139034881,26238
2020-09-12__2H__rosenborg__A,6.0,2727431.2537275148,1822896.530167881,922682.8294979043,-18148.10593827048,26221
2020-09-12__2H__rosenborg__A,7.0,3442486.4904089114,2331743.847859306,1129335.2741877292,-18592.631638123683,26204
2020-09-12__2H__rosenborg__A,8.0,4177866.5050682225,2864018.9279641863,1332720.5151648356,-18872.938060799475,26187
2020-09-12__2H__rosenborg__A,9.0,4924988.735064212,3412424.9114908217,1531195.0030503767,-18631.179476984522,26170
2020-09-12__2H__rosenborg__A,10.0,5677493.962883565,3971677.393459467,1723778.9812816153,-17962.41185751735,26153
2020-09-12__2H__rosenborg__A,11.0,6430378.985097105,4537532.805237249,1909982.1761127405,-17135.99625288359,26136
2020-09-12__2H__rosenborg__A,12.0,7179449.142847819,5106417.324810014,2089421.8109356903,-16389.99289788623,26119
2020-09-12__2H__rosenborg__A,13.0,7921408.513284161,5675347.044267897,2262015.7382304245,-15954.26921416013,26102
2020-09-12__2H__rosenborg__A,14.0,8653482.858504105,6241957.11024686,2427792.9657279155,-16267.217470669944,26085
2020-09-12__2H__rosenborg__A,15.0,9373733.804820247,6805153.964977293,2587486.4199595437,-18906.580116589466,26068
2020-09-12__2H__rosenborg__A,16.0,10081566.767219659,7363366.68319668,2740846.0712006046,-22645.987177624076,26051
2020-09-12__2H__rosenborg__A,17.0,10776422.10462768,7915454.904608514,2888340.4221193395,-27373.222100172832,26034
2020-09-12__2H__rosenborg__A,18.0,11457537.374252254,8460134.573967772,3030402.032898323,-32999.23261383892,26017
2020-09-12__2H__rosenborg__A,19.0,12124010.966360673,8995883.028877918,3167213.0177969346,-39085.08031417642,26000
2020-09-12__2H__rosenborg__A,20.0,12774954.325043095,9521121.983832566,3299251.4196777567,-45419.07846722752,25983
2020-09-12__2H__rosenborg__A,21.0,13409990.131711747,10034203.416300269,3427523.329005669,-51736.61359418993,25966
2020-09-12__2H__rosenborg__A,22.0,14028851.627580848,10533949.900354298,3552653.7974401526,-57752.07021360594,25949
2020-09-12__2H__rosenborg__A,23.0,14631424.817212116,11019032.3747168,3675081.1512833387,-62688.70878802001,25932
2020-09-12__2H__rosenborg__A,24.0,15217418.55855525,11488829.706208454,3794977.1640248736,-66388.31167807983,25915
2020-09-12__2H__rosenborg__A,25.0,15786479.25844517,11943230.93686915,3912788.1379385963,-69539.81636257906,25898
2020-09-12__2H__rosenborg__A,26.0,16338213.07936248,12382135.519984998,4028434.1153270183,-72356.55594953895,25881
2020-09-12__2H__rosenborg__A,27.0,16872943.01161001,12805922.245083803,4141634.068819117,-74613.30229291058,25864
2020-09-12__2H__rosenborg__A,28.0,17391279.68548452,13215459.7941113,4252083.429180033,-76263.5378068153,25847
2020-09-12__2H__rosenborg__A,29.0,17894159.062548134,13612217.419351358,4359808.929161188,-77867.28596441599,25830
2020-09-12__2H__rosenborg__A,30.0,18383532.871221587,13998178.564971518,4464808.471897809,-79454.16564773867,25813
2020-09-12__2H__rosenborg__A,31.0,18861448.48774047,14375859.35590563,4567435.672657314,-81846.54082247423,25796
2020-09-12__2H__rosenborg__A,32.0,19329730.5295015,14747647.179460844,4666855.833562772,-84772.48352211434,25779
2020-09-12__2H__rosenborg__A,33.0,19790675.71291325,15115143.075793155,4763453.168251623,-87920.53113152977,25762
2020-09-12__2H__rosenborg__A,34.0,20246223.413167942,15480192.672114298,4856999.10979075,-90968.36873710545,25745
2020-09-12__2H__rosenborg__A,35.0,20697842.24934826,15844668.845754525,4947676.989825036,-94503.58623129991,25728
2020-09-12__2H__rosenborg__A,36.0,21146840.022194114,16209436.482110485,5035491.45741598,-98087.91733235284,25711
2020-09-12__2H__rosenborg__A,37.0,21593940.358243372,16575193.668096531,5120537.854961809,-101791.16481496411,25694
2020-09-12__2H__rosenborg__A,38.0,22039679.149615336,16942160.040773924,5202599.016168836,-105079.90732742578,25677
2020-09-12__2H__rosenborg__A,39.0,22484792.496589527,17311056.04042403,5282034.521063646,-108298.06489815365,25660
2020-09-12__2H__rosenborg__A,40.0,22930134.081058107,17682490.806559794,5358999.235796761,-111355.96129844873,25643
2020-09-12__2H__rosenborg__A,41.0,23376775.85264758,18057411.12732631,5434072.397306171,-114707.67198490008,25626
2020-09-12__2H__rosenborg__A,42.0,23825190.145377073,18436080.37326267,5507596.252413571,-118486.48029916518,25609
2020-09-12__2H__rosenborg__A,43.0,24275493.121390246,18818179.783316363,5579583.810850707,-122270.4727768221,25592
2020-09-12__2H__rosenborg__A,44.0,24727408.88953971,19203336.852374043,5650080.194109447,-126008.15694378293,25575
2020-09-12__2H__rosenborg__A,45.0,25179581.47863129,19590769.445992988,5719130.098806429,-130318.06616812688,25558
2020-09-12__2H__rosenborg__A,46.0,25629777.618140437,19978099.91222076,5786259.360957506,-134581.6550378257,25541
2020-09-12__2H__rosenborg__A,47.0,26075918.109279394,20362657.57773333,5850885.916073528,-137625.38452746486,25524
2020-09-12__2H__rosenborg__A,48.0,26515758.81315656,20742423.761393424,5913395.391548697,-140060.33978556131,25507
2020-09-12__2H__rosenborg__A,49.0,26947397.224001013,21115416.06056902,5973578.151366744,-141596.98793475959,25490
2020-09-12__2H__rosenborg__A,50.0,27369540.335941594,21479913.686721154,6031771.4330168925,-142144.78379644908,25473
2020-09-12__2H__rosenborg__A,51.0,27781324.9339346,21835174.715612948,6087943.190104985,-141792.97178333963,25456
2020-09-12__2H__rosenborg__A,52.0,28182610.91641985,22181136.025168132,6143003.90200289,-141529.01075117814,25439
2020-09-12__2H__rosenborg__A,53.0,28572771.151538003,22517471.316452373,6196927.852497505,-141628.0174118739,25422
2020-09-12__2H__rosenborg__A,54.0,28950457.28523487,22843825.36984281,6249054.839474172,-142422.92408211296,25405
2020-09-12__2H__rosenborg__A,55.0,29314704.987381216,23159959.167131312,6298810.017307733,-144064.19705782633,25388
2020-09-12__2H__rosenborg__A,56.0,29665204.798038773,23465889.220129713,6345763.592180229,-146448.01427116897,25371
2020-09-12__2H__rosenborg__A,57.0,30001657.10038763,23761291.855226994,6389835.664699918,-149470.41953928268,25354
2020-09-12__2H__rosenborg__A,58.0,30324059.320368774,24046022.604129434,6431012.550110771,-152975.83387143433,25337
2020-09-12__2H__rosenborg__A,59.0,30632173.021312438,24319749.767016098,6469302.686560422,-156879.43226407678,25320
2020-09-12__2H__rosenborg__A,60.0,30925175.786190454,24581344.509141073,6504895.885891167,-161064.60884178802,25303
2020-09-26__1H__rosenborg__A,1.0,126368.07013755666,83183.06166426145,43895.79775707438,-710.7892837791705,27766
2020-09-26__1H__rosenborg__A,2.0,475247.9375782483,321037.48873642075,155839.70807846513,-1629.2592366375432,27755
2020-09-26__1H__rosenborg__A,3.0,994119.5173352913,689446.0490499649,307254.30552230886,-2580.8372369824438,27744
2020-09-26__1H__rosenborg__A,4.0,1637067.0514747316,1162370.3332003076,478189.75766537036,-3493.039390946508,27733
2020-09-26__1H__rosenborg__A,5.0,2369258.3158591427,1716626.1682336184,656962.1054503622,-4329.957824837882,27722
2020-09-26__1H__rosenborg__A,6.0,3164611.6142826816,2332984.2524439483,836686.356495634,-5058.994656900318,27711
2020-09-26__1H__rosenborg__A,7.0,4003497.11274229,2995393.2437045067,1013430.9921365074,-5327.123098724251,27700
2020-09-26__1H__rosenborg__A,8.0,4871333.305492116,3691613.353589374,1185141.597712477,-5421.645809734393,27689
2020-09-26__1H__rosenborg__A,9.0,5757308.753282037,4411543.597764244,1351125.796900298,-5360.641382505919,27678
2020-09-26__1H__rosenborg__A,10.0,6652681.739182666,5146550.810939777,1511279.4301468425,-5148.5019039542785,27667
2020-09-26__1H__rosenborg__A,11.0,7549525.224065722,5888583.428826507,1665758.9551731052,-4817.159933891355,27656
2020-09-26__1H__rosenborg__A,12.0,8440868.171113282,6630639.365028652,1814643.195416959,-4414.389332329221,27645
2020-09-26__1H__rosenborg__A,13.0,9321791.889243623,7367907.619074903,1957909.1358559104,-4024.865687189049,27634
2020-09-26__1H__rosenborg__A,14.0,10188432.443380052,8096649.430148906,2095453.4731486104,-3670.459917463042,27623
2020-09-26__1H__rosenborg__A,15.0,11037604.417441832,8814118.439147182,2226854.3412893293,-3368.3629946799265,27612
2020-09-26__1H__rosenborg__A,16.0,11866637.241811272,9518108.052865509,2351725.9652460166,-3196.776300254809,27601
2020-09-26__1H__rosenborg__A,17.0,12673354.401370946,10206715.50425276,2469840.1394413537,-3201.2423231680586,27590
2020-09-26__1H__rosenborg__A,18.0,13456278.458168998,10878359.173549615,2581403.565660397,-3484.2810410124075,27579
2020-09-26__1H__rosenborg__A,19.0,14214757.702338764,11531779.301486475,2686994.7834683405,-4016.382616053248,27568
2020-09-26__1H__rosenborg__A,20.0,14948610.559209727,12165994.919378074,2787313.9999921257,-4698.36016047647,27557
2020-09-26__1H__rosenborg__A,21.0,15657898.69667085,12780654.650569817,2882746.446753616,-5502.400652579527,27546
2020-09-26__1H__rosenborg__A,22.0,16342943.866036758,13375896.702529592,2973478.4830677593,-6431.319560594187,27535
2020-09-26__1H__rosenborg__A,23.0,17004867.19396001,13952295.397184022,3060029.806903149,-7458.0101271624735,27524
2020-09-26__1H__rosenborg__A,24.0,17645058.060577217,14510704.348473886,3142892.9460044424,-8539.233901108266,27513
2020-09-26__1H__rosenborg__A,25.0,18264630.52042978,15052198.982020225,3222079.5626609675,-9648.024251413008,27502
2020-09-26__1H__rosenborg__A,26.0,18863575.93962504,15576969.67833291,3297346.135418846,-10739.874126722803,27491
2020-09-26__1H__rosenborg__A,27.0,19441202.118504576,16084561.616538202,3368479.7524612704,-11839.250494894484,27480
2020-09-26__1H__rosenborg__A,28.0,19996468.48125848,16574249.32303101,3435170.0099303406,-12950.85170287083,27469
2020-09-26__1H__rosenborg__A,29.0,20528384.137135606,17045190.001740683,3496977.5446409956,-13783.409246073134,27458
2020-09-26__1H__rosenborg__A,30.0,21036674.92641458,17497496.78481477,3554003.3331832453,-14825.19158344058,27447
2020-09-26__1H__rosenborg__A,31.0,21522436.76366242,17931884.440822013,3606712.7994417013,-16160.476601300063,27436
2020-09-26__1H__rosenborg__A,32.0,21987532.085913423,18349378.398543756,3655853.807069177,-17700.119699510396,27425
2020-09-26__1H__rosenborg__A,33.0,22435969.317606058,18753218.260605905,3702136.272284126,-19385.215283976868,27414
2020-09-26__1H__rosenborg__A,34.0,22872485.30273856,19147567.511188265,3746153.063477284,-21235.271926984307,27403
2020-09-26__1H__rosenborg__A,35.0,23299105.46579577,19534127.533629604,3788274.085679487,-23296.153513325495,27392
2020-09-26__1H__rosenborg__A,36.0,23715321.545829363,19911951.096884012,3828891.115073903,-25520.66612855281,27381
2020-09-26__1H__rosenborg__A,37.0,24120514.868196357,20280222.919406578,3868211.8191087046,-27919.870318920817,27370
2020-09-26__1H__rosenborg__A,38.0,24514369.530578572,20638709.3934601,3906172.4443563684,-30512.307237898058,27359
2020-09-26__1H__rosenborg__A,39.0,24895887.646217167,20986810.096438088,3942369.0407168893,-33291.49093781202,27348
2020-09-26__1H__rosenborg__A,40.0,25264050.92393714,21323771.289286524,3976484.33332734,-36204.69867672905,27337
2020-09-26__1H__rosenborg__A,41.0,25617644.299089435,21648914.537411112,4008007.8585359138,-39278.096857591125,27326
2020-09-26__1H__rosenborg__A,42.0,25955425.050313674,21961577.121584244,4036382.9526944403,-42535.02396500576,27315
2020-09-26__1H__rosenborg__A,43.0,26276453.147025328,22261138.723636433,4061200.941472458,-45886.51808356447,27304
2020-09-26__1H__rosenborg__A,44.0,26580012.306134842,22547010.537334286,4082263.976593127,-49262.20779257419,27293
2020-09-26__1H__rosenborg__A,45.0,26865339.80820051,22818270.049312733,4099637.728788742,-52567.96990097209,27282
2020-09-26__1H__rosenborg__A,46.0,27131328.004859127,23073621.170015547,4113469.00230398,-55762.167460397584,27271
2020-09-26__1H__rosenborg__A,47.0,27376805.05916041,23311676.13748395,4124010.816356546,-58881.89468008233,27260
2020-09-26__1H__rosenborg__A,48.0,27600243.74331305,23530806.411773596,4131359.5139793186,-61922.18243986496,27249
2020-09-26__1H__rosenborg__A,49.0,27800353.301045712,23729707.463225044,4135583.922073114,-64938.084252444445,27238
2020-09-26__1H__rosenborg__A,50.0,27977290.769126058,23908201.116976213,4137020.083860933,-67930.43171108246,27227
2020-09-26__1H__rosenborg__A,51.0,28132929.95741697,24067527.173871003,4136285.3206613604,-70882.53711538896,27216
2020-09-26__1H__rosenborg__A,52.0,28270603.365508728,24210295.244692583,4134003.651369736,-73695.53055359109,27205
2020-09-26__1H__rosenborg__A,53.0,28394442.81300766,24339946.88090556,4130768.1303574643,-76272.19825536408,27194
2020-09-26__1H__rosenborg__A,54.0,28508513.2496047,24460053.377164077,4127098.8738201214,-78639.00137950294,27183
2020-09-26__1H__rosenborg__A,55.0,28616263.094913993,24573681.433424883,4123347.3523355178,-80765.69084640197,27172
2020-09-26__1H__rosenborg__A,56.0,28720226.562576644,24682980.208920207,4119851.241239912,-82604.88758346962,27161
2020-09-26__1H__rosenborg__A,57.0,28821772.404167708,24788981.10645454,4116815.910602241,-84024.61288907129,27150
2020-09-26__1H__rosenborg__A,58.0,28920898.233191736,24891849.72843157,4113990.188969571,-84941.68420940533,27139
2020-09-26__1H__rosenborg__A,59.0,29017490.89066237,24991775.907373484,4111146.8403427484,-85431.85705386847,27128
2020-09-26__1H__rosenborg__A,60.0,29111843.33663009,25088953.377561666,4108382.6331188385,-85492.674050415,27117
2020-09-26__2H__rosenborg__A,1.0,121632.18977013303,80193.4100518928,42366.463237453456,-927.6835192132307,29430
2020-09-26__2H__rosenborg__A,2.0,457407.90287359635,309192.0189259991,150147.93800945467,-1932.0540618574155,29417
2020-09-26__2H__rosenborg__A,3.0,956500.7370399708,663533.2140918971,295887.40722529986,-2919.884277226195,29404
2020-09-26__2H__rosenborg__A,4.0,1573907.977578715,1117277.3908186327,460368.83580108726,-3738.249041004876,29391
2020-09-26__2H__rosenborg__A,5.0,2274820.777294503,1646759.5283642581,632327.8820681071,-4266.6331378618415,29378
2020-09-26__2H__rosenborg__A,6.0,3032888.865314928,2232021.9307624837,805381.5576119327,-4514.62305948868,29365
2020-09-26__2H__rosenborg__A,7.0,3828039.6441584886,2856506.5113357054,976020.5507841054,-4487.417961322506,29352
2020-09-26__2H__rosenborg__A,8.0,4644778.371300004,3506832.4571329555,1142167.795482291,-4221.88131524295,29339
2020-09-26__2H__rosenborg__A,9.0,5470956.152099327,4172328.716596586,1302411.97336692,-3784.537864177102,29326
2020-09-26__2H__rosenborg__A,10.0,6297167.55404471,4844343.196189881,1456035.794655093,-3211.436800265903,29313
2020-09-26__2H__rosenborg__A,11.0,7116385.449517059,5515931.801083443,1602903.297915123,-2449.6494815070473,29300
2020-09-26__2H__rosenborg__A,12.0,7923607.417271601,6181942.822811381,1743215.0439279624,-1550.4494677416078,29287
2020-09-26__2H__rosenborg__A,13.0,8715307.74896746,6838650.49441589,1877199.4457195948,-542.1911680267367,29274
2020-09-26__2H__rosenborg__A,14.0,9489086.207605598,7483441.34002231,2005124.933675854,519.9339074326417,29261
2020-09-26__2H__rosenborg__A,15.0,10242909.705985136,8114077.679679434,2127100.6800528457,1731.3462528563396,29248
2020-09-26__2H__rosenborg__A,16.0,10975171.627323095,8728736.527352037,2243329.8246299755,3105.275341082932,29235
2020-09-26__2H__rosenborg__A,17.0,11684873.118297074,9325996.82175245,2354179.8862748393,4696.4102697865455,29222
2020-09-26__2H__rosenborg__A,18.0,12371664.348642413,9904869.575326443,2460220.637532599,6574.135783369857,29209
2020-09-26__2H__rosenborg__A,19.0,13035685.786921317,10464640.454592498,2562305.89449078,8739.43783803779,29196
2020-09-26__2H__rosenborg__A,20.0,13676793.299247986,11004491.937951015,2661202.824740864,11098.536556106032,29183
2020-09-26__2H__rosenborg__A,21.0,14293852.6591083,11523355.69140898,2756983.1547049712,13513.812994346925,29170
2020-09-26__2H__rosenborg__A,22.0,14885415.466825906,12020298.154898088,2849235.103522326,15882.208405498415,29157
2020-09-26__2H__rosenborg__A,23.0,15450610.435782926,12494853.334074603,2937592.3251864826,18164.776521841064,29144
2020-09-26__2H__rosenborg__A,24.0,15989406.096872348,12947288.137616137,3021932.754713993,20185.204542216437,29131
2020-09-26__2H__rosenborg__A,25.0,16502290.783927254,13378143.365169013,3102194.248506792,21953.170251451054,29118
2020-09-26__2H__rosenborg__A,26.0,16990138.91572117,13788386.693751177,3178276.8626824412,23475.359287553205,29105
2020-09-26__2H__rosenborg__A,27.0,17453643.538628377,14179043.82008336,3249895.8566344758,24703.861910539737,29092
2020-09-26__2H__rosenborg__A,28.0,17893312.114508614,14551166.727129644,3316690.4818607857,25454.905518185173,29079
2020-09-26__2H__rosenborg__A,29.0,18309991.83013254,14905770.087125074,3378527.925471178,25693.817536287126,29066
2020-09-26__2H__rosenborg__A,30.0,18704880.254659828,15243863.401029188,3435554.18923453,25462.664396108856,29053
2020-09-26__2H__rosenborg__A,31.0,19079094.573411904,15566433.715748014,3487833.4331374057,24827.424526486953,29040
2020-09-26__2H__rosenborg__A,32.0,19433936.669982716,15874665.783066405,3535434.794492197,23836.092424110568,29027
2020-09-26__2H__rosenborg__A,33.0,19771175.549550124,16169936.492348269,3578688.6919917506,22550.36521010124,29014
2020-09-26__2H__rosenborg__A,34.0,20092992.38778639,16453696.553663697,3618236.5298032984,21059.304319390416,29001
2020-09-26__2H__rosenborg__A,35.0,20401336.135056935,16727243.79491735,3654668.2156552947,19424.12448429549,28988
2020-09-26__2H__rosenborg__A,36.0,20697744.808270816,16991575.64964299,3688442.429677548,17726.728950280172,28975
2020-09-26__2H__rosenborg__A,37.0,20983327.837192297,17247277.76640522,3719959.2294206163,16090.841366461158,28962
2020-09-26__2H__rosenborg__A,38.0,21258435.99784191,17494376.8935821,3749465.9736897224,14593.130570085428,28949
2020-09-26__2H__rosenborg__A,39.0,21523120.445356116,17732586.06502322,3777246.29207858,13288.088254312112,28936
2020-09-26__2H__rosenborg__A,40.0,21776943.488456246,17961375.047515642,3803278.8819696754,12289.558970928076,28923
2020-09-26__2H__rosenborg__A,41.0,22018726.654770296,18179868.5955423,3827369.4685016787,11488.59072631807,28910
2020-09-26__2H__rosenborg__A,42.0,22247486.311688486,18386919.74543369,3849280.474234598,11286.092020201264,28898
2020-09-26__2H__rosenborg__A,43.0,22462739.31970877,18582453.196859162,3868916.416154228,11369.706695385772,28886
2020-09-26__2H__rosenborg__A,44.0,22664654.08641946,18766365.502153058,3886672.587524427,11615.996741975076,28874
2020-09-26__2H__rosenborg__A,45.0,22852700.64800286,18938208.737662483,3902678.3674166473,11813.54292372585,28862
2020-09-26__2H__rosenborg__A,46.0,23026080.232476085,19097254.468480203,3916753.5188584253,12072.245137458143,28850
2020-09-26__2H__rosenborg__A,47.0,23184380.1932922,19242916.816290587,3928877.816690149,12585.56031146433,28838
2020-09-26__2H__rosenborg__A,48.0,23328002.23367804,19375104.06139646,3939510.5794213284,13387.592860248755,28826
2020-09-26__2H__rosenborg__A,49.0,23458441.331818175,19494478.87833196,3949572.051164199,14390.40232201881,28814
2020-09-26__2H__rosenborg__A,50.0,23577577.982786357,19602140.43431673,3960031.4554501306,15406.093019497319,28802
2020-09-26__2H__rosenborg__A,51.0,23687151.821862623,19699383.641526617,3971519.091296721,16249.08903928104,28790
2020-09-26__2H__rosenborg__A,52.0,23788320.101793513,19787203.57539068,3984306.8423505677,16809.684052266122,28778
2020-09-26__2H__rosenborg__A,53.0,23881549.93797957,19866123.627118815,3998333.087233727,17093.22362703149,28766
2020-09-26__2H__rosenborg__A,54.0,23967632.326396674,19937388.158322755,4013199.8768664,17044.291207516188,28754
2020-09-26__2H__rosenborg__A,55.0,24047839.19638256,20002472.828179356,4028579.884442574,16786.483760632982,28742
2020-09-26__2H__rosenborg__A,56.0,24123124.55028639,20062727.09330116,4044213.682170811,16183.774814414239,28730
2020-09-26__2H__rosenborg__A,57.0,24193715.824749995,20118522.339905098,4060068.494210182,15124.990634709422,28718
2020-09-26__2H__rosenborg__A,58.0,24258691.261006944,20169232.889412377,4075776.3232080564,13682.048386506154,28706
2020-09-26__2H__rosenborg__A,59.0,24316927.52829768,20214259.49016298,4090532.3693618,12135.668772902398,28694
2020-09-26__2H__rosenborg__A,60.0,24367330.895792045,20253156.81731756,4103588.1747135087,10585.90376098,28682
2020-10-04__1H__rosenborg__A,1.0,131625.03776114274,81888.04010394556,50013.79828371538,-276.8006265182146,28195
2020-10-04__1H__rosenborg__A,2.0,493658.23736157716,315191.41484421724,178605.98243648905,-139.15991912919435,28184
2020-10-04__1H__rosenborg__A,3.0,1027493.1311809826,673964.2732378673,353213.553690377,315.30425273833134,28173
2020-10-04__1H__rosenborg__A,4.0,1681139.7344320675,1130261.8358870894,549824.2448642377,1053.6536807401353,28162
2020-10-04__1H__rosenborg__A,5.0,2415700.464311701,1659896.9171946333,753870.1621201707,1933.3849968966715,28151
2020-10-04__1H__rosenborg__A,6.0,3203705.3226703736,2243727.152828105,957190.681149973,2787.488692296123,28140
2020-10-04__1H__rosenborg__A,7.0,4025948.0319262524,2866891.724511073,1155626.2401430826,3430.0672720969087,28129
2020-10-04__1H__rosenborg__A,8.0,4868416.652789891,3517579.001942758,1347196.6127680657,3641.038079066966,28118
2020-10-04__1H__rosenborg__A,9.0,5720673.203024935,4186330.7601529807,1531045.1030543684,3297.339817585933,28107
2020-10-04__1H__rosenborg__A,10.0,6575485.992803538,4866077.969294181,1706940.4607217957,2467.562787562041,28096
2020-10-04__1H__rosenborg__A,11.0,7428525.808441721,5552215.25960897,1875011.708769963,1298.8400627878436,28085
2020-10-04__1H__rosenborg__A,12.0,8277418.730395779,6241789.898232474,2035705.3806942152,-76.54853090830147,28074
2020-10-04__1H__rosenborg__A,13.0,9120671.741724368,6932780.704153575,2189567.869748166,-1676.8321773710486,28063
2020-10-04__1H__rosenborg__A,14.0,9957002.008345552,7623084.373109469,2337387.509514236,-3469.8742781539913,28052
2020-10-04__1H__rosenborg__A,15.0,10784561.815211011,8310237.626500716,2479731.6839748486,-5407.495264555764,28041
2020-10-04__1H__rosenborg__A,16.0,11601621.448678613,8992016.704752717,2616979.8719681506,-7375.128042256867,28030
2020-10-04__1H__rosenborg__A,17.0,12407317.24602691,9667062.016743297,2749504.7492724755,-9249.519988857035,28019
2020-10-04__1H__rosenborg__A,18.0,13200976.992943073,10334670.678049592,2877390.4754767483,-11084.160583267163,28008
2020-10-04__1H__rosenborg__A,19.0,13980880.547472889,10993595.090541853,3000244.4061663384,-12958.949235301057,27997
2020-10-04__1H__rosenborg__A,20.0,14744945.032495266,11642274.62169801,3117574.017192642,-14903.606395388779,27986
2020-10-04__1H__rosenborg__A,21.0,15491388.869369283,12279474.640151184,3228985.6613825113,-17071.43216441141,27975
2020-10-04__1H__rosenborg__A,22.0,16219179.941039199,12903978.19780581,3334690.594904165,-19488.851670776727,27964
2020-10-04__1H__rosenborg__A,23.0,16927975.421228994,13514915.193129122,3435230.110964571,-22169.882864701387,27953
2020-10-04__1H__rosenborg__A,24.0,17618149.560541093,14112156.614730261,3531076.483759966,-25083.53794913256,27942
2020-10-04__1H__rosenborg__A,25.0,18290232.96777419,14695944.472283129,3622482.8234173018,-28194.327926244878,27931
2020-10-04__1H__rosenborg__A,26.0,18943853.108966403,15265730.661078542,3709668.586681852,-31546.138793992635,27920
2020-10-04__1H__rosenborg__A,27.0,19579313.708675668,15820935.888379335,3793389.4146511257,-35011.594354795176,27909
2020-10-04__1H__rosenborg__A,28.0,20196664.910544105,16360925.246737998,3873984.9563367316,-38245.29253062402,27898
2020-10-04__1H__rosenborg__A,29.0,20795136.825619217,16884855.120682422,3951537.104232911,-41255.39929611515,27887
2020-10-04__1H__rosenborg__A,30.0,21373990.712319896,17391964.11398544,4026050.6516480595,-44024.05331360304,27876
2020-10-04__1H__rosenborg__A,31.0,21932293.49520759,17881281.659367483,4097558.403558171,-46546.567718059174,27865
2020-10-04__1H__rosenborg__A,32.0,22469212.756623402,18351970.744000807,4166102.467047655,-48860.45442506112,27854
2020-10-04__1H__rosenborg__A,33.0,22983925.353049085,18803159.37178293,4231712.055718909,-50946.07445275254,27843
2020-10-04__1H__rosenborg__A,34.0,23475592.300165173,19234405.805916686,4294129.785486928,-52943.29123843962,27832
2020-10-04__1H__rosenborg__A,35.0,23944265.03723947,19646011.12508799,4353035.2833577655,-54781.371206288866,27821
2020-10-04__1H__rosenborg__A,36.0,24390873.911199532,20038740.38528784,4408522.348865309,-56388.822953613184,27810
2020-10-04__1H__rosenborg__A,37.0,24816551.29026434,20413763.460524254,4460543.876843886,-57756.04710380279,27799
2020-10-04__1H__rosenborg__A,38.0,25221536.864597935,20771597.105195444,4508885.039185594,-58945.27978310606,27788
2020-10-04__1H__rosenborg__A,39.0,25603737.72652011,21110485.087235697,4553224.712847277,-59972.073562868405,27777
2020-10-04__1H__rosenborg__A,40.0,25959884.549872544,21427559.96026787,4593144.386374389,-60819.796769720095,27766
2020-10-04__1H__rosenborg__A,41.0,26287430.918428782,21720481.12230216,4628371.813940052,-61422.01781342516,27755
2020-10-04__1H__rosenborg__A,42.0,26585454.95265213,21988180.831939,4659184.056769981,-61909.936056846986,27744
2020-10-04__1H__rosenborg__A,43.0,26855079.807638086,22231123.285901282,4686222.809401229,-62266.28766442643,27733
2020-10-04__1H__rosenborg__A,44.0,27099112.038160462,22451423.757245485,4710182.749682324,-62494.468767349026,27722
2020-10-04__1H__rosenborg__A,45.0,27319998.809273697,22650912.30955949,4731672.465607162,-62585.9658929506,27711
2020-10-04__1H__rosenborg__A,46.0,27520024.687640566,22831511.37381836,4751045.275806544,-62531.961984335736,27700
2020-10-04__1H__rosenborg__A,47.0,27701501.828197144,22995352.348990135,4768437.6670430815,-62288.18783607299,27689
2020-10-04__1H__rosenborg__A,48.0,27866577.851196367,23144530.419728417,4783872.247969983,-61824.816502030764,27678
2020-10-04__1H__rosenborg__A,49.0,28016709.920774817,23280545.36414316,4797263.834481886,-61099.27785022132,27667
2020-10-04__1H__rosenborg__A,50.0,28152376.32334064,23404005.81723065,4808462.682852598,-60092.17674260639,27656
2020-10-04__1H__rosenborg__A,51.0,28273624.433273952,23515038.19505937,4817354.989848155,-58768.751633571344,27645
2020-10-04__1H__rosenborg__A,52.0,28380532.506075088,23613657.84150317,4824082.593585533,-57207.929013612506,27634
2020-10-04__1H__rosenborg__A,53.0,28473589.82261891,23700172.243627172,4828948.945448881,-55531.366457141936,27623
2020-10-04__1H__rosenborg__A,54.0,28553601.633968532,23775186.25395025,4832270.136038893,-53854.756020607485,27612
2020-10-04__1H__rosenborg__A,55.0,28621463.82657704,23839251.96544794,4834483.918751464,-52272.05762236536,27601
2020-10-04__1H__rosenborg__A,56.0,28677812.728681374,23892608.267198987,4836134.960246467,-50930.49876407825,27590
2020-10-04__1H__rosenborg__A,57.0,28723053.110915214,23935386.778453406,4837477.396079607,-49811.06361780048,27579
2020-10-04__1H__rosenborg__A,58.0,28757378.021242104,23967713.156643763,4838532.291407277,-48867.426808935415,27568
2020-10-04__1H__rosenborg__A,59.0,28781739.82243938,23990409.760246478,4839435.1561351875,-48105.093942289765,27557
2020-10-04__1H__rosenborg__A,60.0,28798201.600593917,24005541.608557343,4840185.243638669,-47525.251602094446,27546
2020-10-04__2H__rosenborg__A,1.0,121819.2578960153,74968.42818264471,48627.74924038761,-1776.9195270170324,29389
2020-10-04__2H__rosenborg__A,2.0,457757.8654040796,288416.94533938187,173692.60773978312,-4351.687675085455,29374
2020-10-04__2H__rosenborg__A,3.0,955441.7154955738,618069.5479357645,344593.3160261098,-7221.14846630036,29359
2020-10-04__2H__rosenborg__A,4.0,1568049.5667534177,1039652.1344370677,538606.0930326588,-10208.660716309127,29344
2020-10-04__2H__rosenborg__A,5.0,2259930.7995904423,1531155.0855875956,742078.86112139,-13303.147118542387,29329
2020-10-04__2H__rosenborg__A,6.0,3004172.5604207194,2073754.6343782588,947135.8765027071,-16717.950460247303,29314
2020-10-04__2H__rosenborg__A,7.0,3779918.1715940856,2651503.62888574,1148998.729090311,-20584.186381966003,29299
2020-10-04__2H__rosenborg__A,8.0,4571069.199036388,3251182.727627661,1344834.2930769913,-24947.82166826412,29284
2020-10-04__2H__rosenborg__A,9.0,5365536.566799082,3861857.721944683,1533441.9925856094,-29763.147731210927,29269
2020-10-04__2H__rosenborg__A,10.0,6154862.7675240245,4475336.837466093,1714444.232018872,-34918.30196093837,29254
2020-10-04__2H__rosenborg__A,11.0,6933536.318726125,5085915.374387504,1887854.0798704426,-40233.13553182113,29239
2020-10-04__2H__rosenborg__A,12.0,7697777.398790582,5689707.261102099,2053717.4504501482,-45647.31276166561,29224
2020-10-04__2H__rosenborg__A,13.0,8445451.233457832,6284397.909926888,2212165.9363056035,-51112.61277465998,29209
2020-10-04__2H__rosenborg__A,14.0,9176006.895757776,6869124.72306427,2363534.8334199963,-56652.66072648749,29194
2020-10-04__2H__rosenborg__A,15.0,9889984.558470555,7443831.611817181,2508464.1584445513,-62311.21179117987,29179
2020-10-04__2H__rosenborg__A,16.0,10588664.647906404,8008857.641526703,2647921.7232515607,-68114.71687186386,29164
2020-10-04__2H__rosenborg__A,17.0,11273309.459848555,8564591.887708146,2782661.698790283,-73944.12664987196,29149
2020-10-04__2H__rosenborg__A,18.0,11944357.637464989,9110862.329749359,2913134.3449101737,-79639.03719454733,29134
2020-10-04__2H__rosenborg__A,19.0,12601345.731902003,9646940.188764181,3039494.298871888,-85088.75573406485,29119
2020-10-04__2H__rosenborg__A,20.0,13243528.317109898,10172015.278295513,3161738.7514314074,-90225.71261702382,29104
2020-10-04__2H__rosenborg__A,21.0,13870429.553841338,10685421.384191608,3280059.474342577,-95051.30469284632,29089
2020-10-04__2H__rosenborg__A,22.0,14481993.598141015,11186678.360166617,3394857.828007981,-99542.59003358657,29074
2020-10-04__2H__rosenborg__A,23.0,15077907.135190494,11675206.559666893,3506459.390437134,-103758.8149135324,29059
2020-10-04__2H__rosenborg__A,24.0,15657870.47652762,12150710.93805754,3614992.5705442284,-107833.03207415168,29044
2020-10-04__2H__rosenborg__A,25.0,16221685.119696202,12613114.603440044,3720529.911945423,-111959.39568926036,29029
2020-10-04__2H__rosenborg__A,26.0,16769338.56523748,13062265.634265715,3823224.388952731,-116151.45798096614,29014
2020-10-04__2H__rosenborg__A,27.0,17300637.076837767,13497740.091420615,3923158.6664561536,-120261.68103899824,28999
2020-10-04__2H__rosenborg__A,28.0,17815127.316033952,13919212.540840134,4020150.7996518114,-124236.0244579913,28984
2020-10-04__2H__rosenborg__A,29.0,18312660.104584314,14326590.645064654,4114059.5700273686,-127990.11050771346,28969
2020-10-04__2H__rosenborg__A,30.0,18793945.607641216,14720197.404153109,4205156.762386497,-131408.5588983944,28954
2020-10-04__2H__rosenborg__A,31.0,19259722.836481992,15100224.983420666,4293868.069139651,-134370.21607832517,28939
2020-10-04__2H__rosenborg__A,32.0,19710294.79462908,15466948.482301112,4380359.402736544,-137013.09040857706,28924
2020-10-04__2H__rosenborg__A,33.0,20145861.665686943,15820967.679806758,4464419.251986804,-139525.2661066216,28909
2020-10-04__2H__rosenborg__A,34.0,20566726.42505491,16163177.521808136,4545701.92011371,-142153.01686693658,28894
2020-10-04__2H__rosenborg__A,35.0,20973617.137041867,16494399.484515144,4624056.732776716,-144839.08024998935,28879
2020-10-04__2H__rosenborg__A,36.0,21367361.922311623,16815519.037159774,4699490.729482811,-147647.8443309614,28864
2020-10-04__2H__rosenborg__A,37.0,21749090.29053547,17127564.138921145,4772305.608525815,-150779.456911485,28849
2020-10-04__2H__rosenborg__A,38.0,22120312.78384861,17431336.68588218,4843035.68807547,-154059.59010904748,28834
2020-10-04__2H__rosenborg__A,39.0,22482067.91298143,17727011.293231495,4912045.673617281,-156989.05386734603,28819
2020-10-04__2H__rosenborg__A,40.0,22834577.087451108,18014743.195345297,4979872.714445269,-160038.82233946008,28804
2020-10-04__2H__rosenborg__A,41.0,23177506.918645468,18294123.59908387,5046525.878497903,-163142.55893630232,28789
2020-10-04__2H__rosenborg__A,42.0,23509916.669022974,18564243.93873243,5111826.293484498,-166153.56319395173,28774
2020-10-04__2H__rosenborg__A,43.0,23830725.17176469,18824025.95915187,5175842.7721176995,-169143.5595048766,28759
2020-10-04__2H__rosenborg__A,44.0,24138555.717390634,19072498.898110464,5238391.892731441,-172335.0734512625,28744
2020-10-04__2H__rosenborg__A,45.0,24431819.835124254,19308991.58084405,5298703.635995298,-175875.3817150917,28729
2020-10-04__2H__rosenborg__A,46.0,24709268.886410546,19532888.339084648,5356196.913339914,-179816.3660140158,28714
2020-10-04__2H__rosenborg__A,47.0,24970246.95001046,19743677.657494646,5410685.378551349,-184116.08603553812,28699
2020-10-04__2H__rosenborg__A,48.0,25215397.34798859,19941641.304182176,5462527.941144031,-188771.89733761863,28684
2020-10-04__2H__rosenborg__A,49.0,25446533.459151734,20128199.44701399,5512208.466881176,-193874.4547434277,28669
2020-10-04__2H__rosenborg__A,50.0,25666435.45572191,20305551.82790383,5560228.5290445,-199344.90122641262,28654
2020-10-04__2H__rosenborg__A,51.0,25878068.004055794,20475899.01338443,5607078.143674628,-204909.15300326503,28639
2020-10-04__2H__rosenborg__A,52.0,26083599.957797818,20640796.249652844,5653148.122676581,-210344.4145316005,28624
2020-10-04__2H__rosenborg__A,53.0,26283962.50490709,20800940.494553886,5698605.987720139,-215583.97736693692,28609
2020-10-04__2H__rosenborg__A,54.0,26479343.137888342,20956741.941404738,5743231.275344042,-220630.07886043226,28594
2020-10-04__2H__rosenborg__A,55.0,26670490.088833645,21109138.84946821,5786742.362935152,-225391.1235697152,28579
2020-10-04__2H__rosenborg__A,56.0,26858390.201965187,21259207.198123105,5829042.965930764,-229859.9620886864,28564
2020-10-04__2H__rosenborg__A,57.0,27043201.258244544,21407131.84703769,5870069.2292322125,-233999.8180253544,28549
2020-10-04__2H__rosenborg__A,58.0,27224854.984038025,21552755.215643313,5909773.969429346,-237674.20103463938,28534
2020-10-04__2H__rosenborg__A,59.0,27403935.929729432,21696604.803140596,5948230.100998929,-240898.97441009025,28519
2020-10-04__2H__rosenborg__A,60.0,27581518.633036703,21839709.239046477,5985544.816321133,-243735.42233091174,28504
2020-10-18__1H__rosenborg__A,1.0,157876.05904727307,61837.45547325722,100510.26528047671,-4471.661706460883,31491
2020-10-18__1H__rosenborg__A,2.0,506123.13053419115,227490.608288241,286493.46925223945,-7860.947006289238,31469
2020-10-18__1H__rosenborg__A,3.0,997029.5707750714,478962.8236695919,528222.8599156183,-10156.112810138766,31447
2020-10-18__1H__rosenborg__A,4.0,1585335.125511545,795916.662582196,800891.3517056894,-11472.888776340804,31425
2020-10-18__1H__rosenborg__A,5.0,2235910.3500541546,1159731.0689761264,1088369.8878239358,-12190.606745907508,31403
2020-10-18__1H__rosenborg__A,6.0,2923539.731442917,1554943.8742979197,1381366.4370365539,-12770.579891556978,31381
2020-10-18__1H__rosenborg__A,7.0,3629897.614044505,1969099.7359183808,1674172.8616804264,-13374.983554301696,31359
2020-10-18__1H__rosenborg__A,8.0,4340247.325772713,2392054.5520451604,1962258.0687522998,-14065.29502474775,31337
2020-10-18__1H__rosenborg__A,9.0,5045975.467519418,2816181.3718565325,2244656.117745492,-14862.02208260549,31315
2020-10-18__1H__rosenborg__A,10.0,5739457.049323894,3235662.4343226543,2519506.373425665,-15711.75842442509,31293
2020-10-18__1H__rosenborg__A,11.0,6414838.592628478,3646169.678649127,2785282.9761552787,-16614.062175929823,31271
2020-10-18__1H__rosenborg__A,12.0,7067628.849060425,4044625.8572420743,3040624.528786822,-17621.53696847242,31249
2020-10-18__1H__rosenborg__A,13.0,7694331.821604223,4428674.4977339,3284245.2496740883,-18587.925803765487,31227
2020-10-18__1H__rosenborg__A,14.0,8293663.645919609,4796067.150972279,3516768.5860653315,-19172.09111800165,31205
2020-10-18__1H__rosenborg__A,15.0,8865185.30668257,5145445.71941835,3739105.347209046,-19365.759944825186,31183
2020-10-18__1H__rosenborg__A,16.0,9408766.750695761,5476107.26031752,3951902.478547961,-19242.988169720702,31161
2020-10-18__1H__rosenborg__A,17.0,9924779.491664857,5788051.376844726,4155482.7087879004,-18754.59396776877,31139
2020-10-18__1H__rosenborg__A,18.0,10414456.444651084,6081737.730707102,4350536.370066623,-17817.65612264519,31117
2020-10-18__1H__rosenborg__A,19.0,10879152.70822971,6358329.909848434,4537484.381178431,-16661.582797157098,31095
2020-10-18__1H__rosenborg__A,20.0,11320773.272803014,6619059.565045087,4716799.050203226,-15085.342445295217,31073
2020-10-18__1H__rosenborg__A,21.0,11741645.198035933,6866053.361309706,4889326.59922776,-13734.762501536243,31051
2020-10-18__1H__rosenborg__A,22.0,12144190.85936981,7101150.965316078,5055623.864918652,-12583.970864919276,31029
2020-10-18__1H__rosenborg__A,23.0,12530902.561565077,7326348.78921962,5216462.797842398,-11909.025496942166,31007
2020-10-18__1H__rosenborg__A,24.0,12904249.046164127,7542480.522144888,5373029.042145039,-11260.518125795366,30985
2020-10-18__1H__rosenborg__A,25.0,13266832.49102381,7750227.289614594,5526768.908138478,-10163.706729257014,30963
2020-10-18__1H__rosenborg__A,26.0,13619807.455638828,7950133.677339517,5677923.985091276,-8250.206791964083,30941
2020-10-18__1H__rosenborg__A,27.0,13963955.46633729,8143407.154124137,5826514.103970212,-5965.7917570584395,30919
2020-10-18__1H__rosenborg__A,28.0,14299522.90915228,8330844.140346784,5972278.280267858,-3599.5114623591944,30897
2020-10-18__1H__rosenborg__A,29.0,14626516.71543433,8512674.211513814,6115114.256293288,-1271.752372774994,30875
2020-10-18__1H__rosenborg__A,30.0,14944280.02319244,8688557.800160602,6254718.853018158,1003.3700136776606,30853
2020-10-18__1H__rosenborg__A,31.0,15251815.72513168,8857656.495880077,6390903.875309193,3255.353942406291,30831
2020-10-18__1H__rosenborg__A,32.0,15548379.185492536,9019130.23535869,6523596.3363904925,5652.613743345471,30809
2020-10-18__1H__rosenborg__A,33.0,15833559.362122515,9172689.48770037,6652489.331212534,8380.543209609168,30787
2020-10-18__1H__rosenborg__A,34.0,16107894.57607629,9318913.749574695,6777641.2107715495,11339.615730046382,30765
2020-10-18__1H__rosenborg__A,35.0,16372543.884171644,9458351.35907796,6899620.1238579005,14572.40123578375,30743
2020-10-18__1H__rosenborg__A,36.0,16628412.747247811,9592023.483421918,7018324.168590659,18065.095235234738,30721
2020-10-18__1H__rosenborg__A,37.0,16875510.528495543,9720167.905420313,7133190.598643713,22152.024431518876,30699
2020-10-18__1H__rosenborg__A,38.0,17113252.481052864,9843583.905681875,7243562.0383558385,26106.53701514873,30677
2020-10-18__1H__rosenborg__A,39.0,17340508.48155564,9961713.723309515,7348924.990702726,29869.767543397844,30655
2020-10-18__1H__rosenborg__A,40.0,17556333.62983793,10073093.483751409,7450077.394110131,33162.751976394444,30633
2020-10-18__1H__rosenborg__A,41.0,17759897.573247343,10176079.928875118,7547898.612671443,35919.03170077977,30611
2020-10-18__1H__rosenborg__A,42.0,17950050.525351662,10268929.253844572,7642889.2716187555,38231.999888338905,30589
2020-10-18__1H__rosenborg__A,43.0,18125962.597242333,10350738.181774491,7734935.035080959,40289.380386879726,30567
2020-10-18__1H__rosenborg__A,44.0,18288420.002970673,10421735.553033017,7824110.2489162935,42574.20102135456,30545
2020-10-18__1H__rosenborg__A,45.0,18438976.40042776,10482863.19279404,7910739.18049718,45374.02713654202,30523
2020-10-18__1H__rosenborg__A,46.0,18578127.948606,10534855.58240361,7994508.188237664,48764.17796472309,30501
2020-10-18__1H__rosenborg__A,47.0,18708538.118644495,10579648.504502453,8076175.572156949,52714.04198508916,30479
2020-10-18__1H__rosenborg__A,48.0,18833518.01655011,10619676.142067779,8156580.267737646,57261.606744682795,30457
2020-10-18__1H__rosenborg__A,49.0,18956075.08582789,10657793.277236003,8236914.337850316,61367.470741571364,30435
2020-10-18__1H__rosenborg__A,50.0,19077511.08940007,10694704.231345179,8316830.439180161,65976.41887472945,30413
2020-10-18__1H__rosenborg__A,51.0,19197483.788640916,10730377.217041554,8396036.385522284,71070.18607707907,30391
2020-10-18__1H__rosenborg__A,52.0,19314457.435148936,10763784.228302438,8473745.49454267,76927.71230383209,30369
2020-10-18__1H__rosenborg__A,53.0,19426861.243882004,10793891.381828107,8549570.117771586,83399.74428231124,30347
2020-10-18__1H__rosenborg__A,54.0,19532973.929856807,10819769.836111682,8622556.375757314,90647.71798781634,30325
2020-10-18__1H__rosenborg__A,55.0,19631616.45188533,10840460.621622862,8691422.629218224,99733.20104424396,30303
2020-10-18__1H__rosenborg__A,56.0,19723142.484294437,10856843.512848211,8757226.221161028,109072.7502851937,30281
2020-10-18__1H__rosenborg__A,57.0,19808562.04234742,10868701.241790462,8820237.843969291,119622.95658766595,30259
2020-10-18__1H__rosenborg__A,58.0,19888679.860203058,10877814.858419977,8880523.243677352,130341.75810572717,30237
2020-10-18__1H__rosenborg__A,59.0,19965382.662157502,10885920.314043676,8937998.178431762,141464.16968206398,30215
2020-10-18__1H__rosenborg__A,60.0,20040657.94233709,10895446.181115393,8992212.026839692,152999.73438200288,30193
2020-10-18__2H__rosenborg__A,1.0,169635.5460008387,64600.75958191438,117535.51302285031,-12500.726603925961,36109
2020-10-18__2H__rosenborg__A,2.0,578942.9087305117,230559.35385899557,367195.2733148221,-18811.718443305916,36081
2020-10-18__2H__rosenborg__A,3.0,1167167.475239695,485103.4561457158,707684.5753651006,-25620.556271121473,36053
2020-10-18__2H__rosenborg__A,4.0,1884939.558847987,810330.134149961,1106723.5545362115,-32114.12983818533,36025
2020-10-18__2H__rosenborg__A,5.0,2692822.132458951,1188752.7241545045,1542077.059140393,-38007.650835946886,35997
2020-10-18__2H__rosenborg__A,6.0,3559287.6248379922,1604548.2249703158,1997789.4040986025,-43050.00423092609,35969
2020-10-18__2H__rosenborg__A,7.0,4458168.148925603,2044218.1265846305,2461292.3659531632,-47342.34361219048,35941
2020-10-18__2H__rosenborg__A,8.0,5372794.217013501,2497848.3904135525,2928109.2149509294,-53163.38835098133,35913
2020-10-18__2H__rosenborg__A,9.0,6286617.540982618,2954418.538855912,3387255.212509464,-55056.21038275923,35885
2020-10-18__2H__rosenborg__A,10.0,7188734.807795107,3409174.034000702,3837199.265754674,-57638.49196026806,35857
2020-10-18__2H__rosenborg__A,11.0,8078752.629783169,3858210.1115918406,4281649.118740391,-61106.60054906353,35829
2020-10-18__2H__rosenborg__A,12.0,8948480.164720373,4298139.874676571,4714266.960518752,-63926.67047495025,35801
2020-10-18__2H__rosenborg__A,13.0,9793604.17655076,4726571.350120783,5133771.2275293805,-66738.40109940153,35773
2020-10-18__2H__rosenborg__A,14.0,10612614.590040397,5141896.273286966,5540250.18766338,-69531.87090995052,35745
2020-10-18__2H__rosenborg__A,15.0,11403110.680261964,5542506.248227422,5933140.018984378,-72535.58694983955,35717
2020-10-18__2H__rosenborg__A,16.0,12167455.728796009,5926130.612890096,6313768.31318004,-72443.19727412544,35690
2020-10-18__2H__rosenborg__A,17.0,12903826.51625155,6295090.5341438465,6683531.329744496,-74795.34763679499,35663
2020-10-18__2H__rosenborg__A,18.0,13616293.112683212,6647103.005916495,7042470.070674188,-73279.96390746781,35636
2020-10-18__2H__rosenborg__A,19.0,14305871.898555188,6987031.644208726,7393003.348995731,-74163.09464927146,35609
2020-10-18__2H__rosenborg__A,20.0,14973401.886900958,7314151.938689737,7733553.572038696,-74303.62382747704,35582
2020-10-18__2H__rosenborg__A,21.0,15620429.991828393,7629415.743613211,8065185.990137657,-74171.74192247732,35556
2020-10-18__2H__rosenborg__A,22.0,16248637.384338541,7933853.677214294,8388086.844418,-73303.13729375496,35530
2020-10-18__2H__rosenborg__A,23.0,16858871.39424001,8227969.922163414,8702878.969075086,-71977.49699848646,35504
2020-10-18__2H__rosenborg__A,24.0,17451192.784958087,8512913.815048795,9009994.591103068,-71715.62119378068,35478
2020-10-18__2H__rosenborg__A,25.0,18025803.84308041,8787638.777487108,9307649.178351734,-69484.11275843385,35452
2020-10-18__2H__rosenborg__A,26.0,18583051.248169936,9054583.188260676,9597582.500884788,-69114.44097551971,35426
2020-10-18__2H__rosenborg__A,27.0,19124146.1286854,9314144.327864911,9878583.150070373,-68581.34924988355,35400
2020-10-18__2H__rosenborg__A,28.0,19651055.286074333,9567127.417892482,10150797.335726477,-66869.4675446268,35374
2020-10-18__2H__rosenborg__A,29.0,20164684.580266755,9815181.023911623,10414497.266764736,-64993.71040960273,35348
2020-10-18__2H__rosenborg__A,30.0,20664549.339901537,10058790.441676442,10668915.633694565,-63156.73546947399,35322
2020-10-18__2H__rosenborg__A,31.0,21150832.015948907,10297732.606908355,10914619.86591427,-61520.45687371807,35296
2020-10-18__2H__rosenborg__A,32.0,21623090.29170741,10532297.374820432,11150849.563662559,-60056.64677557757,35270
2020-10-18__2H__rosenborg__A,33.0,22081512.587507594,10763711.40068722,11377777.370587287,-59976.18376691785,35245
2020-10-18__2H__rosenborg__A,34.0,22527947.659309674,10992243.939505469,11595855.028700067,-60151.30889585486,35220
2020-10-18__2H__rosenborg__A,35.0,22963977.814465255,11218381.678781256,11806577.813397115,-60981.67771311186,35195
2020-10-18__2H__rosenborg__A,36.0,23389398.083452806,11440435.004120473,12009929.993994862,-60966.914662522846,35170
2020-10-18__2H__rosenborg__A,37.0,23803976.863226686,11658158.936109476,12207740.096965317,-61922.16984811006,35145
2020-10-18__2H__rosenborg__A,38.0,24206878.306775123,11869586.380067343,12400730.144280475,-63438.21757269942,35120
2020-10-18__2H__rosenborg__A,39.0,24596954.843432907,12073047.969388407,12589654.45346467,-65747.57942016696,35095
2020-10-18__2H__rosenborg__A,40.0,24972714.38092016,12266884.9479219,12774415.23423341,-68585.80123513856,35070
2020-10-18__2H__rosenborg__A,41.0,25332984.99215341,12449816.062199652,12955128.117040036,-71959.18708628183,35045
2020-10-18__2H__rosenborg__A,42.0,25676998.314345863,12620935.370015036,13131475.768487696,-75412.82415686396,35020
2020-10-18__2H__rosenborg__A,43.0,26004211.075370822,12779879.183402406,13302973.044846196,-78641.15287777409,34995
2020-10-18__2H__rosenborg__A,44.0,26313028.630032606,12925670.686953051,13468425.55470492,-81067.61162535148,34970
2020-10-18__2H__rosenborg__A,45.0,26601066.529468745,13057883.024239097,13625938.866708755,-82755.36147910403,34945
2020-10-18__2H__rosenborg__A,46.0,26866576.46923265,13175287.253277047,13774621.658686407,-83332.44273080851,34920
2020-10-18__2H__rosenborg__A,47.0,27107911.868706606,13277048.772689104,13913887.815211771,-83024.71919427253,34895
2020-10-18__2H__rosenborg__A,48.0,27324799.09647135,13362832.287956849,14043837.379546918,-81870.57103242003,34870
2020-10-18__2H__rosenborg__A,49.0,27516883.153990746,13432393.973379826,14164453.265218103,-79964.08460718766,34845
2020-10-18__2H__rosenborg__A,50.0,27684754.201550175,13485691.510877127,14276094.59555381,-77031.90488075011,34820
2020-10-18__2H__rosenborg__A,51.0,27829594.587794986,13522255.177582033,14379699.42323543,-72360.01302246563,34795
2020-10-18__2H__rosenborg__A,52.0,27952593.727190636,13543050.028926859,14474844.161279798,-65300.46301602642,34770
2020-10-18__2H__rosenborg__A,53.0,28055146.03585865,13550113.864244943,14563074.688830525,-58042.51721682446,34745
2020-10-18__2H__rosenborg__A,54.0,28138820.002724573,13543403.63437575,14644640.168874089,-49223.80052525888,34720
2020-10-18__2H__rosenborg__A,55.0,28206230.166486725,13524863.679881293,14721570.930267192,-40204.443661759724,34695
2020-10-18__2H__rosenborg__A,56.0,28260841.32923681,13496518.91341505,14794931.58797309,-30609.172151326668,34670
2020-10-18__2H__rosenborg__A,57.0,28305735.719759244,13460449.618665867,14865972.774709456,-20686.67361608066,34645
2020-10-18__2H__rosenborg__A,58.0,28344028.22047539,13418461.812164225,14936326.509157578,-10760.100846410496,34620
2020-10-18__2H__rosenborg__A,59.0,28377654.12160035,13371838.419637768,15006670.914238667,-855.2122760859784,34595
2020-10-18__2H__rosenborg__A,60.0,28407920.95000419,13321903.368961716,15077692.565366343,8325.015676129842,34570
2020-11-01__1H__rosenborg__A,1.0,130247.27648956528,76941.26842781277,54997.971901368284,-1691.9638396157409,28679
2020-11-01__1H__rosenborg__A,2.0,490247.7474977681,296158.76840495446,196817.92441096323,-2728.9453181496065,28666
2020-11-01__1H__rosenborg__A,3.0,1025412.4235902138,636152.3695926577,392282.95733247866,-3022.903334922612,28653
2020-11-01__1H__rosenborg__A,4.0,1685617.6446661483,1071599.7657545097,615755.2074417665,-1737.3285301277301,28640
2020-11-01__1H__rosenborg__A,5.0,2430405.4422828807,1578625.4994903104,851274.9957810919,504.9470114785436,28627
2020-11-01__1H__rosenborg__A,6.0,3228506.2109468863,2135601.638748862,1089157.7637003479,3746.808497676051,28614
2020-11-01__1H__rosenborg__A,7.0,4056293.6637111576,2724485.9524944145,1323892.240715575,7915.470501168642,28601
2020-11-01__1H__rosenborg__A,8.0,4896259.56763251,3331297.919529992,1552166.443856471,12795.204246047098,28588
2020-11-01__1H__rosenborg__A,9.0,5735812.289608169,3945509.157323864,1771992.715588375,18310.416695929816,28575
2020-11-01__1H__rosenborg__A,10.0,6566247.015741703,4559752.948754362,1982186.421671116,24307.64531622451,28562
2020-11-01__1H__rosenborg__A,11.0,7382149.47038478,5169048.687146672,2182531.0726624257,30569.71057568172,28549
2020-11-01__1H__rosenborg__A,12.0,8181016.30130273,5770532.141583081,2373808.926215657,36675.233503991054,28536
2020-11-01__1H__rosenborg__A,13.0,8961741.390145848,6362670.117070252,2556727.7039408362,42343.56913475909,28523
2020-11-01__1H__rosenborg__A,14.0,9723722.10309984,6944684.542668446,2731329.37445682,47708.18597457252,28510
2020-11-01__1H__rosenborg__A,15.0,10467198.716503682,7516484.792461461,2897684.7140156846,53029.210026532935,28497
2020-11-01__1H__rosenborg__A,16.0,11192927.142425235,8078610.689675101,3055954.4173204843,58362.0354296492,28484
2020-11-01__1H__rosenborg__A,17.0,11901253.807148222,8630884.981834784,3206764.2631586483,63604.5621547926,28471
2020-11-01__1H__rosenborg__A,18.0,12592822.464676742,9173443.413325764,3350810.8231356516,68568.2282153248,28458
2020-11-01__1H__rosenborg__A,19.0,13268283.822209729,9706617.757368565,3488633.0522329397,73033.01260822566,28445
2020-11-01__1H__rosenborg__A,20.0,13928230.20522185,10230481.994691068,3620587.7821218898,77160.42840889207,28432
2020-11-01__1H__rosenborg__A,21.0,14573273.643714473,10744921.694229573,3747122.689827864,81229.25965703768,28419
2020-11-01__1H__rosenborg__A,22.0,15203646.257401953,11249667.384560114,3868550.536661088,85428.3361807522,28406
2020-11-01__1H__rosenborg__A,23.0,15819725.99652496,11744549.205453413,3985289.2046905654,89887.58638097986,28393
2020-11-01__1H__rosenborg__A,24.0,16421655.803070564,12229472.22060904,4097394.10194064,94789.48052088055,28380
2020-11-01__1H__rosenborg__A,25.0,17009871.738478635,12704379.49604211,4205278.769673469,100213.4727630516,28367
2020-11-01__1H__rosenborg__A,26.0,17584617.92594254,13169031.907071445,4309348.740291993,106237.27857910708,28354
2020-11-01__1H__rosenborg__A,27.0,18145934.656392105,13623325.147442536,4409771.834931742,112837.67401782665,28341
2020-11-01__1H__rosenborg__A,28.0,18693766.614307612,14067454.341919448,4506457.963550666,119854.30883749638,28328
2020-11-01__1H__rosenborg__A,29.0,19228581.656766403,14502056.268388756,4599345.738507672,127179.64986997182,28315
2020-11-01__1H__rosenborg__A,30.0,19750976.38087906,14927998.82890681,4688498.182971515,134479.36900073226,28302
2020-11-01__1H__rosenborg__A,31.0,20262019.475229986,15346539.016906813,4773888.729674282,141591.72864889327,28289
2020-11-01__1H__rosenborg__A,32.0,20763208.34591441,15759013.352116013,4855620.719828362,148574.27397003424,28276
2020-11-01__1H__rosenborg__A,33.0,21256426.559960663,16167046.382583557,4933984.442445238,155395.73493186568,28263
2020-11-01__1H__rosenborg__A,34.0,21743344.767123748,16572275.220261408,5009009.613954234,162059.93290811236,28250
2020-11-01__1H__rosenborg__A,35.0,22223873.283776406,16975016.205217328,5080347.717537022,168509.3610220604,28237
2020-11-01__1H__rosenborg__A,36.0,22696582.990823723,17374310.83983112,5147611.093236782,174661.05775582843,28224
2020-11-01__1H__rosenborg__A,37.0,23159612.32588895,17768588.961531866,5210479.492104694,180543.8722523941,28211
2020-11-01__1H__rosenborg__A,38.0,23611228.094398223,18155942.989566334,5269054.004678792,186231.1001530909,28198
2020-11-01__1H__rosenborg__A,39.0,24050518.828988172,18534503.998031482,5323973.777052585,192041.0539041119,28185
2020-11-01__1H__rosenborg__A,40.0,24476825.811708853,18902765.039315347,5375735.192099331,198325.58029417426,28172
2020-11-01__1H__rosenborg__A,41.0,24889718.134938806,19259750.90617852,5424841.507202204,205125.72155808372,28159
2020-11-01__1H__rosenborg__A,42.0,25289264.627337545,19605026.168583907,5472071.509733946,212166.9490196879,28146
2020-11-01__1H__rosenborg__A,43.0,25675169.71110417,19938083.539927274,5517903.413304901,219182.75787199102,28133
2020-11-01__1H__rosenborg__A,44.0,26046945.756526574,20258663.533647206,5562500.579342532,225781.64353683748,28120
2020-11-01__1H__rosenborg__A,45.0,26404366.35656696,20566510.719962854,5605942.717144333,231912.91945977043,28107
2020-11-01__1H__rosenborg__A,46.0,26747391.80451009,20861308.993181556,5648220.421657733,237862.38967079239,28094
2020-11-01__1H__rosenborg__A,47.0,27076136.329217136,21142757.45451445,5689319.080620958,244059.79408173385,28081
2020-11-01__1H__rosenborg__A,48.0,27391005.136123538,21410968.87086021,5729377.654225957,250658.61103738018,28068
2020-11-01__1H__rosenborg__A,49.0,27692719.242035706,21666525.918394305,5768475.13120861,257718.19243278762,28055
2020-11-01__1H__rosenborg__A,50.0,27982243.66916936,21910208.914072983,5806737.981560824,265296.7735355424,28042
2020-11-01__1H__rosenborg__A,51.0,28260115.330891088,22142748.297408942,5843904.884113407,273462.14936873235,28029
2020-11-01__1H__rosenborg__A,52.0,28526398.45867686,22364703.437173665,5879536.144980306,282158.8765228914,28016
2020-11-01__1H__rosenborg__A,53.0,28780979.864432696,22576715.361607052,5913082.688983897,291181.8138417459,28003
2020-11-01__1H__rosenborg__A,54.0,29024044.07440625,22779506.711963855,5944038.716025821,300498.64641657384,27990
2020-11-01__1H__rosenborg__A,55.0,29256306.496645603,22973769.942815073,5972435.372987433,310101.1808430921,27977
2020-11-01__1H__rosenborg__A,56.0,29478650.893825684,23160118.700524174,5998743.563335266,319788.62996624527,27964
2020-11-01__1H__rosenborg__A,57.0,29691813.889540665,23339297.917132314,6023306.75370295,329209.21870539733,27951
2020-11-01__1H__rosenborg__A,58.0,29896423.392047882,23511920.50702542,6046278.7416547425,338224.1433677194,27938
2020-11-01__1H__rosenborg__A,59.0,30092984.366562616,23678333.544254117,6067631.41962118,347019.40268731234,27925
2020-11-01__1H__rosenborg__A,60.0,30282300.562735513,23839005.58454971,6087587.091867326,355707.8863184722,27912
2020-11-01__2H__rosenborg__A,1.0,119493.72865489876,73635.07057947983,47153.30952780714,-1294.6514523882236,28917
2020-11-01__2H__rosenborg__A,2.0,450286.6421858872,284755.52319175506,168374.47584611003,-2843.35685197787,28904
2020-11-01__2H__rosenborg__A,3.0,945141.4886807784,615000.0875334651,334727.8248063484,-4586.4236590348655,28891
2020-11-01__2H__rosenborg__A,4.0,1563034.4350486794,1044198.4071334382,525227.5644092669,-6391.5364940257,28878
2020-11-01__2H__rosenborg__A,5.0,2271913.490824531,1553358.808096887,726789.8000376505,-8235.117310006903,28865
2020-11-01__2H__rosenborg__A,6.0,3046820.7043895703,2125454.4447860904,931491.9655683923,-10125.705964911396,28852
2020-11-01__2H__rosenborg__A,7.0,3868117.0345580927,2745599.987946934,1134502.4370231803,-11985.390412021869,28839
2020-11-01__2H__rosenborg__A,8.0,4720490.985791039,3401186.66491522,1333017.6762367496,-13713.35536093087,28826
2020-11-01__2H__rosenborg__A,9.0,5592273.707864901,4081913.014860373,1525673.0598896418,-15312.36688511468,28813
2020-11-01__2H__rosenborg__A,10.0,6474405.522488239,4779229.693867748,1711990.5836444336,-16814.75502394186,28800
2020-11-01__2H__rosenborg__A,11.0,7360044.084562382,5486248.409313649,1892052.0225936226,-18256.347344888025,28787
2020-11-01__2H__rosenborg__A,12.0,8243931.979872445,6197550.22462644,2066054.8311898129,-19673.075943807682,28774
2020-11-01__2H__rosenborg__A,13.0,9121984.64055455,6908570.812490305,2234303.361166236,-20889.533101990724,28761
2020-11-01__2H__rosenborg__A,14.0,9990599.016953886,7615402.172188586,2397014.8428061637,-21817.998040864055,28748
2020-11-01__2H__rosenborg__A,15.0,10846513.207477381,8314758.5155506665,2554159.99960903,-22405.30768231728,28735
2020-11-01__2H__rosenborg__A,16.0,11687159.561635656,9004087.042062106,2705614.610956421,-22542.091382872757,28722
2020-11-01__2H__rosenborg__A,17.0,12510534.841464104,9681413.436683947,2851369.0678741485,-22247.663093991752,28709
2020-11-01__2H__rosenborg__A,18.0,13315592.319341494,10345396.437129933,2991627.618408866,-21431.7361973066,28696
2020-11-01__2H__rosenborg__A,19.0,14101199.010180881,10995154.843379034,3126278.3116073855,-20234.144805535514,28683
2020-11-01__2H__rosenborg__A,20.0,14867391.359793171,11630996.433475167,3255138.2053478914,-18743.27902988538,28670
2020-11-01__2H__rosenborg__A,21.0,15615163.613030871,12254079.247072244,3378232.6470450116,-17148.28108638333,28657
2020-11-01__2H__rosenborg__A,22.0,16345912.729880488,12865926.459725954,3495626.0584012,-15639.788246666809,28644
2020-11-01__2H__rosenborg__A,23.0,17060811.965747215,13467655.639042698,3607434.2099957517,-14277.883291232807,28631
2020-11-01__2H__rosenborg__A,24.0,17759977.934267588,14059548.234739985,3713591.5090979952,-13161.809570389189,28618
2020-11-01__2H__rosenborg__A,25.0,18443763.890780788,14641679.957432617,3814431.9522174727,-12348.018869302992,28605
2020-11-01__2H__rosenborg__A,26.0,19112868.86356675,15213999.983167097,3910552.2233192762,-11683.342919624527,28592
2020-11-01__2H__rosenborg__A,27.0,19767569.08316817,15776402.664161097,4002412.400774283,-11245.981767209261,28579
2020-11-01__2H__rosenborg__A,28.0,20406652.925283775,16327539.0245135,4090313.7505622576,-11199.849791976812,28566
2020-11-01__2H__rosenborg__A,29.0,21028382.168736815,16865560.542473152,4174391.265217885,-11569.638954218186,28553
2020-11-01__2H__rosenborg__A,30.0,21630956.408458415,17388631.892896794,4254824.483070491,-12499.967508866132,28540
2020-11-01__2H__rosenborg__A,31.0,22212871.79255654,17895168.83770743,4331949.307345833,-14246.352496722306,28527
2020-11-01__2H__rosenborg__A,32.0,22772999.369438674,18383753.677762534,4406122.472974154,-16876.781298013753,28514
2020-11-01__2H__rosenborg__A,33.0,23310205.030948237,18852887.20018761,4477525.000280424,-20207.169519796298,28501
2020-11-01__2H__rosenborg__A,34.0,23823133.846558753,19301305.72507648,4545928.039650296,-24099.918168023403,28488
2020-11-01__2H__rosenborg__A,35.0,24310833.377721727,19728219.61919885,4611155.354203423,-28541.59568055044,28475
2020-11-01__2H__rosenborg__A,36.0,24772567.35336973,20132995.31052595,4673008.830994668,-33436.78815088584,28462
2020-11-01__2H__rosenborg__A,37.0,25207604.568605993,20515207.717338882,4731010.950341176,-38614.09907406583,28449
2020-11-01__2H__rosenborg__A,38.0,25616045.806501806,20874709.521651078,4785114.600112476,-43778.31526175025,28436
2020-11-01__2H__rosenborg__A,39.0,25997982.81413821,21211381.666232467,4835460.234606492,-48859.08670074926,28423
2020-11-01__2H__rosenborg__A,40.0,26353545.50444041,21524821.53846929,4882355.087778742,-53631.12180763611,28410
2020-11-01__2H__rosenborg__A,41.0,26682767.71998537,21815030.746700313,4926119.174283307,-58382.200998251676,28397
2020-11-01__2H__rosenborg__A,42.0,26985691.59310246,22081892.421092615,4966941.7001723265,-63142.52816248289,28384
2020-11-01__2H__rosenborg__A,43.0,27262999.2609786,22325959.923862316,5005006.041813482,-67966.70469719372,28371
2020-11-01__2H__rosenborg__A,44.0,27515581.62492235,22548073.01197331,5040442.1529103,-72933.5399612572,28358
2020-11-01__2H__rosenborg__A,45.0,27744937.28958692,22749571.91673523,5073468.487812848,-78103.11496115779,28345
2020-11-01__2H__rosenborg__A,46.0,27952775.523091506,22932088.611090455,5104093.987159089,-83407.07515802584,28332
2020-11-01__2H__rosenborg__A,47.0,28140587.9225239,23097299.55843701,5132157.101933388,-88868.73784649972,28319
2020-11-01__2H__rosenborg__A,48.0,28309414.524536572,23246695.714090828,5157300.752829532,-94581.94238378986,28306
2020-11-01__2H__rosenborg__A,49.0,28460159.17161201,23381239.12779937,5179272.872099967,-100352.82828732964,28293
2020-11-01__2H__rosenborg__A,50.0,28593961.69646997,23501986.91676949,5198089.295721021,-106114.51602054614,28280
2020-11-01__2H__rosenborg__A,51.0,28712704.83163183,23610174.868041687,5213974.594373088,-111444.6307829454,28267
2020-11-01__2H__rosenborg__A,52.0,28819360.003502194,23708473.98032421,5227545.117151968,-116659.09397397912,28254
2020-11-01__2H__rosenborg__A,53.0,28916765.996034175,23799300.73329572,5239119.929636825,-121654.66689837171,28241
2020-11-01__2H__rosenborg__A,54.0,29006614.622836035,23884249.768428817,5248702.518970181,-126337.66456296452,28228
2020-11-01__2H__rosenborg__A,55.0,29089733.09851763,23963915.754487336,5256568.335451099,-130750.99142080452,28215
2020-11-01__2H__rosenborg__A,56.0,29166245.043757886,24038538.34677278,5262827.616029417,-135120.9190443049,28202
2020-11-01__2H__rosenborg__A,57.0,29236468.566291112,24108276.78255719,5267593.94009467,-139402.15636074962,28189
2020-11-01__2H__rosenborg__A,58.0,29300921.84874904,24173521.682370875,5271128.14930018,-143727.9829220102,28176
2020-11-01__2H__rosenborg__A,59.0,29360461.607160594,24234705.21928925,5273943.07861045,-148186.69073911163,28163
2020-11-01__2H__rosenborg__A,60.0,29415609.757482775,24292093.082202066,5276186.595975703,-152669.9206949964,28150
2020-11-07__1H__rosenborg__A,1.0,130386.01112093599,69787.87789635149,65191.96158541859,-4593.8283608340935,33587
2020-11-07__1H__rosenborg__A,2.0,491220.91228078963,265479.41762021434,233713.52347718837,-7972.028816613054,33568
2020-11-07__1H__rosenborg__A,3.0,1029022.8452903666,568772.0720266118,471407.34752991714,-11156.574266162324,33549
2020-11-07__1H__rosenborg__A,4.0,1694704.9866303604,957466.1901809733,750071.9748831192,-12833.17843373162,33530
2020-11-07__1H__rosenborg__A,5.0,2448533.4266683655,1410657.7400096706,1050949.3658924575,-13073.679233762901,33511
2020-11-07__1H__rosenborg__A,6.0,3259179.494758824,1909271.8809237015,1361833.5204294254,-11925.906594303488,33492
2020-11-07__1H__rosenborg__A,7.0,4102052.480947702,2436732.418000878,1675025.8005814163,-9705.737634591569,33473
2020-11-07__1H__rosenborg__A,8.0,4958101.914047346,2978507.6640836345,1984948.048952852,-5353.7989891413745,33454
2020-11-07__1H__rosenborg__A,9.0,5812458.596806724,3523642.0791238933,2288090.074080129,726.4436027014308,33435
2020-11-07__1H__rosenborg__A,10.0,6653963.682978575,4063515.5084687904,2581313.438491849,9134.736017936724,33416
2020-11-07__1H__rosenborg__A,11.0,7475033.664768786,4592493.502703907,2863309.315521227,19230.84654365061,33397
2020-11-07__1H__rosenborg__A,12.0,8271778.416319017,5107557.741051992,3134623.7679916723,29596.90727535315,33378
2020-11-07__1H__rosenborg__A,13.0,9043567.202050503,5606613.390546922,3395111.816747993,41841.99475558978,33359
2020-11-07__1H__rosenborg__A,14.0,9791388.93992983,6090549.320014249,3646796.511688378,54043.10822720037,33340
2020-11-07__1H__rosenborg__A,15.0,10516703.501382247,6559166.814407912,3890314.3131735106,67222.37380081991,33321
2020-11-07__1H__rosenborg__A,16.0,11220993.441270744,7012978.649798156,4126487.491907563,81527.29956502531,33302
2020-11-07__1H__rosenborg__A,17.0,11905109.007166566,7452458.069326358,4355742.581637382,96908.35620282753,33283
2020-11-07__1H__rosenborg__A,18.0,12569102.22809134,7878256.604385126,4577932.346889627,112913.27681658592,33264
2020-11-07__1H__rosenborg__A,19.0,13212978.505391534,8291085.85317659,4792582.986812049,129309.66540289525,33245
2020-11-07__1H__rosenborg__A,20.0,13837170.149477981,8692343.717502182,5000097.601555773,144728.8304200286,33226
2020-11-07__1H__rosenborg__A,21.0,14442593.016724361,9082191.909020958,5199851.631662127,160549.47604127572,33207
2020-11-07__1H__rosenborg__A,22.0,15030554.827533813,9461757.563963907,5392459.706038017,176337.5575318911,33188
2020-11-07__1H__rosenborg__A,23.0,15602611.56548309,9831984.488778258,5578884.101604303,191742.97510052926,33169
2020-11-07__1H__rosenborg__A,24.0,16159804.515766207,10193037.306448575,5760188.526460564,206578.68285706663,33150
2020-11-07__1H__rosenborg__A,25.0,16702134.285424761,10544531.06988061,5936759.105661385,220844.1098827634,33131
2020-11-07__1H__rosenborg__A,26.0,17228953.45685258,10885937.27097499,6108868.693915385,234147.49196220608,33112
2020-11-07__1H__rosenborg__A,27.0,17738876.061175164,11216267.147311067,6275993.437895071,246615.47596902744,33093
2020-11-07__1H__rosenborg__A,28.0,18230188.668307964,11534459.851887394,6437535.261693764,258193.5547268081,33074
2020-11-07__1H__rosenborg__A,29.0,18701210.329822283,11839014.091788637,6593269.665544428,268926.57248922484,33055
2020-11-07__1H__rosenborg__A,30.0,19150363.534106016,12128319.672070496,6743153.648166352,278890.2138691711,33036
2020-11-07__1H__rosenborg__A,31.0,19576413.560096778,12401779.62594717,6887850.948597135,286782.9855524707,33017
2020-11-07__1H__rosenborg__A,32.0,19978172.685813244,12657412.261124846,7026342.023542039,294418.401146358,32998
2020-11-07__1H__rosenborg__A,33.0,20354885.14232601,12895553.143739486,7158830.657728875,300501.34085763915,32979
2020-11-07__1H__rosenborg__A,34.0,20706598.17074519,13115991.494821277,7284535.276924984,306071.3989989303,32960
2020-11-07__1H__rosenborg__A,35.0,21034308.624624353,13319953.392290093,7403355.333168418,310999.89916583966,32941
2020-11-07__1H__rosenborg__A,36.0,21339693.050829686,13509052.666054977,7515236.351764214,315404.03301049984,32922
2020-11-07__1H__rosenborg__A,37.0,21625108.009480752,13684852.166792441,7620581.219778327,319674.6229099837,32903
2020-11-07__1H__rosenborg__A,38.0,21893303.439893417,13848932.783982316,7720107.363642165,324263.2922689384,32884
2020-11-07__1H__rosenborg__A,39.0,22147895.989518948,14003972.67785216,7814732.9892221065,329190.3224446849,32865
2020-11-07__1H__rosenborg__A,40.0,22392681.738218963,14152435.917481588,7905308.695934328,334937.1248030447,32846
2020-11-07__1H__rosenborg__A,41.0,22631179.71511157,14296818.387418402,7992859.898818784,341501.4288743846,32827
2020-11-07__1H__rosenborg__A,42.0,22866732.370920096,14438990.270333132,8078351.760100545,349390.34048641403,32808
2020-11-07__1H__rosenborg__A,43.0,23102695.863263104,14581076.467769088,8163071.35701056,358548.0384834573,32789
2020-11-07__1H__rosenborg__A,44.0,23342013.835683126,14725053.39524359,8248052.932200175,368907.5082393595,32770
2020-11-07__1H__rosenborg__A,45.0,23587351.56403008,14873811.488293285,8333952.170477448,379587.9052593463,32751
2020-11-07__1H__rosenborg__A,46.0,23840841.77955175,15027945.50276972,8421728.23465547,391168.04212655785,32732
2020-11-07__1H__rosenborg__A,47.0,24103829.810864873,15188508.561347049,8511987.246880723,403334.0026371017,32713
2020-11-07__1H__rosenborg__A,48.0,24376954.94568983,15356033.122194618,8605008.823339038,415913.0001561799,32694
2020-11-07__1H__rosenborg__A,49.0,24659835.280062754,15530576.580471246,8700630.882738646,428627.8168528662,32675
2020-11-07__1H__rosenborg__A,50.0,24951121.46514573,15711234.903684175,8798538.61074697,441347.9507145857,32656
2020-11-07__1H__rosenborg__A,51.0,25248807.73505459,15896696.398589794,8898153.539172154,453957.7972926429,32637
2020-11-07__1H__rosenborg__A,52.0,25550645.962947275,16085714.113140387,8998674.11818928,466257.73161760555,32618
2020-11-07__1H__rosenborg__A,53.0,25854210.775647227,16277019.605098268,9099176.392002814,478014.7785461432,32599
2020-11-07__1H__rosenborg__A,54.0,26157062.885205556,16469144.334210338,9198923.993538018,488994.5574571984,32580
2020-11-07__1H__rosenborg__A,55.0,26456920.54547564,16660527.544823878,9297219.853128286,499173.14752347826,32561
2020-11-07__1H__rosenborg__A,56.0,26751583.25589996,16849401.176017445,9393496.956566583,508685.1233159273,32542
2020-11-07__1H__rosenborg__A,57.0,27038826.616044596,17033865.96008647,9487183.742046207,517776.91391192155,32523
2020-11-07__1H__rosenborg__A,58.0,27316731.492767654,17212663.656813156,9577339.811867256,526728.0240872405,32504
2020-11-07__1H__rosenborg__A,59.0,27584825.44822989,17385143.022909258,9663648.695988866,536033.729331771,32485
2020-11-07__1H__rosenborg__A,60.0,27843812.108079687,17551910.37716938,9746469.480609307,545432.2503009981,32466
2020-11-07__2H__rosenborg__A,1.0,133787.79628928818,77322.70041443368,62730.695249974844,-6265.599375120315,31079
2020-11-07__2H__rosenborg__A,2.0,496461.139386286,292892.8156514961,217302.94769239114,-13734.62395760136,31058
2020-11-07__2H__rosenborg__A,3.0,1032033.3716345534,623965.8864841667,429451.5421142136,-21384.056963826748,31037
2020-11-07__2H__rosenborg__A,4.0,1690252.5875002514,1046118.9016031219,673745.1507204253,-29611.464823295406,31016
2020-11-07__2H__rosenborg__A,5.0,2432713.932674028,1536757.7641751848,934511.7113915879,-38555.542892744445,30995
2020-11-07__2H__rosenborg__A,6.0,3229786.7787834895,2075872.852874656,1201623.9466561668,-47710.02074733253,30974
2020-11-07__2H__rosenborg__A,7.0,4060005.50021624,2647368.7913730526,1470398.9968589325,-57762.28801574494,30953
2020-11-07__2H__rosenborg__A,8.0,4906183.231180846,3238095.4944154257,1737009.1414757445,-68921.40471032435,30932
2020-11-07__2H__rosenborg__A,9.0,5755711.199514481,3837489.948685592,1998442.3971790774,-80221.1463501876,30911
2020-11-07__2H__rosenborg__A,10.0,6600505.841807407,4438496.006999072,2253412.620656352,-91402.78584801476,30890
2020-11-07__2H__rosenborg__A,11.0,7435211.287680271,5036459.0788191,2500918.3396333167,-102166.13077214514,30869
2020-11-07__2H__rosenborg__A,12.0,8256314.019731096,5628529.56228183,2739993.4283279283,-112208.97087866243,30848
2020-11-07__2H__rosenborg__A,13.0,9062579.705034379,6213144.09836727,2970732.6085328665,-121297.00186575713,30827
2020-11-07__2H__rosenborg__A,14.0,9852305.541843377,6788764.176911695,3192859.9752297224,-129318.61029803852,30806
2020-11-07__2H__rosenborg__A,15.0,10624570.22598626,7353597.648312529,3407210.7496324033,-136238.1719586692,30785
2020-11-07__2H__rosenborg__A,16.0,11377179.388674542,7905723.107913245,3613816.8557577147,-142360.5749964178,30764
2020-11-07__2H__rosenborg__A,17.0,12109609.507705549,8443405.035027936,3813568.658589966,-147364.18591235694,30743
2020-11-07__2H__rosenborg__A,18.0,12820990.216290066,8965844.9786332,4006908.8499114616,-151763.6122545971,30722
2020-11-07__2H__rosenborg__A,19.0,13511583.405969415,9472786.929711321,4194539.968877055,-155743.49261896248,30701
2020-11-07__2H__rosenborg__A,20.0,14181622.678329056,9964289.698984373,4377079.069387566,-159746.09004288423,30680
2020-11-07__2H__rosenborg__A,21.0,14831865.459993998,10440565.689387532,4555128.420073444,-163828.64946698074,30659
2020-11-07__2H__rosenborg__A,22.0,15462406.618737157,10902043.510225259,4728438.325997465,-168075.21748556578,30638
2020-11-07__2H__rosenborg__A,23.0,16074021.10538167,11349222.363417076,4897270.036713935,-172471.2947493438,30617
2020-11-07__2H__rosenborg__A,24.0,16666609.657757368,11782239.743889112,5061264.19009875,-176894.27623049566,30596
2020-11-07__2H__rosenborg__A,25.0,17240469.04548643,12201350.247105865,5220638.427449624,-181519.62906906754,30575
2020-11-07__2H__rosenborg__A,26.0,17795292.59986551,12606891.105781166,5374717.128162996,-186315.63407864585,30554
2020-11-07__2H__rosenborg__A,27.0,18332241.79071539,12999784.594318358,5524310.582801729,-191853.38640470526,30533
2020-11-07__2H__rosenborg__A,28.0,18851386.426558424,13379977.30090878,5669144.594483389,-197735.468833746,30512
2020-11-07__2H__rosenborg__A,29.0,19352645.03317642,13747097.105444372,5809208.978338463,-203661.05060641994,30491
2020-11-07__2H__rosenborg__A,30.0,19835897.220195767,14100876.606828159,5945104.441037682,-210083.82767006906,30470
2020-11-07__2H__rosenborg__A,31.0,20300500.324899122,14440747.037483558,6076022.0293559665,-216268.74194039748,30449
2020-11-07__2H__rosenborg__A,32.0,20746215.360360853,14766659.720965963,6201522.728632513,-221967.0892376179,30428
2020-11-07__2H__rosenborg__A,33.0,21173618.82170424,15079407.474750035,6321871.535172543,-227660.1882183367,30407
2020-11-07__2H__rosenborg__A,34.0,21583563.38029207,15379968.792054694,6437514.485581697,-233919.89734431624,30386
2020-11-07__2H__rosenborg__A,35.0,21976754.61060601,15667959.466574032,6548419.186975633,-239624.0429436632,30365
2020-11-07__2H__rosenborg__A,36.0,22355050.629941355,15944414.016768457,6656231.379347846,-245594.76617493946,30344
2020-11-07__2H__rosenborg__A,37.0,22719809.052288562,16210191.488318201,6761214.317521599,-251596.7535512344,30323
2020-11-07__2H__rosenborg__A,38.0,23072905.03294773,16466429.377436325,6863502.463661831,-257026.80815041543,30302
2020-11-07__2H__rosenborg__A,39.0,23416846.34065372,16715069.946839336,6963842.227453737,-262065.83363935043,30281
2020-11-07__2H__rosenborg__A,40.0,23753713.399437003,16958751.41828999,7061865.6119089015,-266903.63076188095,30260
2020-11-07__2H__rosenborg__A,41.0,24086491.302332524,17200311.94680169,7157674.124770119,-271494.76923929114,30239
2020-11-07__2H__rosenborg__A,42.0,24417735.572547663,17441783.542450953,7251661.40687831,-275709.37678160635,30218
2020-11-07__2H__rosenborg__A,43.0,24747673.88820163,17685051.282801464,7343224.454224561,-280601.84882438765,30197
2020-11-07__2H__rosenborg__A,44.0,25075047.36285335,17928216.322699614,7432004.627734803,-285173.5875810614,30176
2020-11-07__2H__rosenborg__A,45.0,25398503.517479785,18169648.405864704,7517980.914135718,-289125.8025206441,30155
2020-11-07__2H__rosenborg__A,46.0,25715903.590111773,18407020.726706605,7601081.42894149,-292198.56553631887,30134
2020-11-07__2H__rosenborg__A,47.0,26023705.069327347,18637774.41649009,7680420.560007689,-294489.9071704268,30113
2020-11-07__2H__rosenborg__A,48.0,26317497.07482486,18859757.629270297,7753876.0856696805,-296136.64011511626,30092
2020-11-07__2H__rosenborg__A,49.0,26596664.12862052,19071581.0508751,7822578.5280087,-297495.4502632875,30071
2020-11-07__2H__rosenborg__A,50.0,26860495.45116944,19272158.40014881,7886860.327888638,-298523.2768680058,30050
2020-11-07__2H__rosenborg__A,51.0,27108942.99917893,19461341.91105687,7947177.312578745,-299576.2244566768,30029
2020-11-07__2H__rosenborg__A,52.0,27342993.84057282,19639638.299951516,8004186.730361992,-300831.1897406874,30008
2020-11-07__2H__rosenborg__A,53.0,27563466.60861397,19807868.036131263,8057910.524375238,-302311.95189252996,29987
2020-11-07__2H__rosenborg__A,54.0,27772632.335201167,19967164.033389933,8110045.768938323,-304577.4671270867,29966
2020-11-07__2H__rosenborg__A,55.0,27971780.420343153,20118400.35259867,8160856.262061727,-307476.1943172436,29945
2020-11-07__2H__rosenborg__A,56.0,28163234.688136593,20263078.581199154,8211056.215668011,-310900.10873058205,29924
2020-11-07__2H__rosenborg__A,57.0,28349809.3232507,20403510.617883176,8260885.863259507,-314587.15789198177,29903
2020-11-07__2H__rosenborg__A,58.0,28534839.394451115,20543033.926777355,8310456.765129401,-318651.29745564255,29882
2020-11-07__2H__rosenborg__A,59.0,28720800.720389016,20684106.803731278,8360031.727313141,-323337.8106553969,29861
2020-11-07__2H__rosenborg__A,60.0,28910035.184929416,20828926.008703034,8409963.460570425,-328854.2843440445,29840
2020-12-06__1H__rosenborg__A,1.0,113866.49221354081,75081.82603193646,38964.014210746645,-179.34802914230204,23482
2020-12-06__1H__rosenborg__A,2.0,429268.85306897777,290064.63312367414,139714.31955356846,-510.09960826478346,23473
2020-12-06__1H__rosenborg__A,3.0,899383.8130033781,622870.9279130695,277472.78867179644,-959.9035814878334,23464
2020-12-06__1H__rosenborg__A,4.0,1482088.6978314663,1049346.2742293982,434268.16453497787,-1525.7409329094698,23455
2020-12-06__1H__rosenborg__A,5.0,2144226.295423017,1547406.6264039301,599025.7047664095,-2206.0357473233016,23446
2020-12-06__1H__rosenborg__A,6.0,2860364.0945069795,2098055.298563063,765252.1640571497,-2943.3681132336496,23437
2020-12-06__1H__rosenborg__A,7.0,3610871.924918424,2685435.74287218,929160.6671233507,-3724.4850771073543,23428
2020-12-06__1H__rosenborg__A,8.0,4380786.594524356,3296876.6104298574,1088427.9650044655,-4517.980909967388,23419
2020-12-06__1H__rosenborg__A,9.0,5158491.627748092,3922317.7108228696,1241458.4707058712,-5284.553780649236,23410
2020-12-06__1H__rosenborg__A,10.0,5935189.658207571,4553806.616430333,1387373.5848156465,-5990.543038410076,23401
2020-12-06__1H__rosenborg__A,11.0,6704560.386726144,5185327.443659691,1525894.2051555486,-6661.262089095835,23392
2020-12-06__1H__rosenborg__A,12.0,7462093.271991914,5812473.005030042,1656961.8697786126,-7341.602816739032,23383
2020-12-06__1H__rosenborg__A,13.0,8204799.981789615,6432134.426771914,1780780.5514887448,-8114.996471041755,23374
2020-12-06__1H__rosenborg__A,14.0,8930978.551482366,7042362.286969297,1897715.9583939556,-9099.69388088677,23365
2020-12-06__1H__rosenborg__A,15.0,9639908.815533146,7642012.373784271,2008150.161585467,-10253.719836594653,23356
2020-12-06__1H__rosenborg__A,16.0,10331007.857491722,8230115.591155034,2112428.5514082517,-11536.285071564547,23347
2020-12-06__1H__rosenborg__A,17.0,11003287.568034379,8805333.360097785,2210820.117209892,-12865.909273299621,23338
2020-12-06__1H__rosenborg__A,18.0,11655379.898023782,9365881.422112616,2303546.7805890874,-14048.30467791966,23329
2020-12-06__1H__rosenborg__A,19.0,12286013.90091178,9910344.247005984,2390754.205948068,-15084.552042269846,23320
2020-12-06__1H__rosenborg__A,20.0,12894281.77520496,10437566.417960277,2472670.9353433587,-15955.578098676226,23311
2020-12-06__1H__rosenborg__A,21.0,13479511.404202884,10946500.281079441,2549649.810828532,-16638.68770508963,23302
2020-12-06__1H__rosenborg__A,22.0,14040918.011124425,11435998.018244078,2622024.575303406,-17104.582423063228,23293
2020-12-06__1H__rosenborg__A,23.0,14577550.162825111,11904752.213647783,2690120.457520702,-17322.508343370515,23284
2020-12-06__1H__rosenborg__A,24.0,15088029.849173035,12351353.474230314,2753950.2541162223,-17273.87917350384,23275
2020-12-06__1H__rosenborg__A,25.0,15570918.531182738,12774549.233000677,2813352.8639239697,-16983.56574190897,23266
2020-12-06__1H__rosenborg__A,26.0,16025167.932002265,13173383.497373538,2868295.384870105,-16510.95024138037,23257
2020-12-06__1H__rosenborg__A,27.0,16451049.386655618,13547743.228912018,2919226.0713400487,-15919.913596448838,23248
2020-12-06__1H__rosenborg__A,28.0,16849907.723359477,13898439.065442491,2966652.655163743,-15183.997246756218,23239
2020-12-06__1H__rosenborg__A,29.0,17224154.626959592,14227254.591210693,3011152.900824394,-14252.865075493697,23230
2020-12-06__1H__rosenborg__A,30.0,17577069.342276856,14536822.59367365,3053362.667884996,-13115.919281792827,23221
2020-12-06__1H__rosenborg__A,31.0,17912482.223007556,14830409.212925404,3093892.630420251,-11819.620338101871,23212
2020-12-06__1H__rosenborg__A,32.0,18234303.802108128,15111612.256150505,3133119.730230335,-10428.184272711864,23203
2020-12-06__1H__rosenborg__A,33.0,18546413.860945683,15384077.89381202,3171268.722039167,-8932.754905500216,23194
2020-12-06__1H__rosenborg__A,34.0,18851639.03907566,15650786.063282505,3208168.363824142,-7315.3880309823435,23185
2020-12-06__1H__rosenborg__A,35.0,19152228.966889843,15914157.619912166,3243616.856478672,-5545.509500994696,23176
2020-12-06__1H__rosenborg__A,36.0,19450301.16175262,16176166.710837116,3277794.734320201,-3660.2834047017386,23167
2020-12-06__1H__rosenborg__A,37.0,19747628.453531124,16438324.987041801,3310988.737546721,-1685.271057395381,23158
2020-12-06__1H__rosenborg__A,38.0,20045753.274193708,16701952.126076072,3343400.928746142,400.21937149064615,23149
2020-12-06__1H__rosenborg__A,39.0,20345718.373681843,16967976.908301394,3375172.9747433914,2568.490637058625,23140
2020-12-06__1H__rosenborg__A,40.0,20647570.744297218,17236713.878947668,3406064.808258578,4792.057090973365,23131
2020-12-06__1H__rosenborg__A,41.0,20950338.44156191,17507613.34570847,3435680.4998284364,7044.596025002189,23122
2020-12-06__1H__rosenborg__A,42.0,21251718.837718513,17778886.807961002,3463560.397290405,9271.632467105519,23113
2020-12-06__1H__rosenborg__A,43.0,21549449.645478297,18048077.23938288,3489971.800141507,11400.605953913182,23104
2020-12-06__1H__rosenborg__A,44.0,21841578.890436415,18312685.43743833,3515507.407135754,13386.045862330124,23095
2020-12-06__1H__rosenborg__A,45.0,22126514.97504226,18570751.189641424,3540520.164131973,15243.621268865652,23086
2020-12-06__1H__rosenborg__A,46.0,22402863.72386291,18820916.44856272,3564948.3505352777,16998.9247649092,23077
2020-12-06__1H__rosenborg__A,47.0,22669516.767004576,19062208.210340727,3588616.74977491,18691.806888934225,23068
2020-12-06__1H__rosenborg__A,48.0,22925732.568732,19294016.044522826,3611345.0117538427,20371.51245533279,23059
2020-12-06__1H__rosenborg__A,49.0,23170866.57183377,19515799.625813786,3632983.0782721583,22083.867747827782,23050
2020-12-06__1H__rosenborg__A,50.0,23404576.782899253,19727168.571338624,3653518.195745359,23890.015815269784,23041
2020-12-06__1H__rosenborg__A,51.0,23626854.88457776,19927981.97769552,3673086.085085868,25786.8217963723,23032
2020-12-06__1H__rosenborg__A,52.0,23837741.385818314,20118257.83284501,3691774.1341627263,27709.41881057911,23023
2020-12-06__1H__rosenborg__A,53.0,24037210.882203873,20298172.25764136,3709447.0134199345,29591.61114257248,23014
2020-12-06__1H__rosenborg__A,54.0,24225296.67633185,20467992.008109882,3725922.028918903,31382.63930306863,23005
2020-12-06__1H__rosenborg__A,55.0,24402139.17940796,20627733.32516426,3741349.469673789,33056.38456990954,22996
2020-12-06__1H__rosenborg__A,56.0,24567886.40551102,20777343.90218604,3755934.6551179574,34607.84820702812,22987
2020-12-06__1H__rosenborg__A,57.0,24722214.629584778,20916762.738797165,3769394.864312405,36057.0264752073,22978
2020-12-06__1H__rosenborg__A,58.0,24864670.9553859,21046159.658618182,3781109.832358783,37401.46440893994,22969
2020-12-06__1H__rosenborg__A,59.0,24995525.932232786,21165905.652942482,3790954.987429565,38665.29186074145,22960
2020-12-06__1H__rosenborg__A,60.0,25115457.300842345,21276311.011982232,3799275.522700817,39870.766159291845,22951
2020-12-06__2H__rosenborg__A,1.0,109957.8575910529,70109.18776705668,40186.22356627823,-337.55374228202555,25791
2020-12-06__2H__rosenborg__A,2.0,413711.3223666826,270683.2611187869,143704.21119250692,-676.1499446111786,25779
2020-12-06__2H__rosenborg__A,3.0,864361.0807110907,580667.9863348583,284702.21029458346,-1009.1159183510274,25767
2020-12-06__2H__rosenborg__A,4.0,1418579.3796184456,975873.3864637534,444061.6650258023,-1355.671871109934,25755
2020-12-06__2H__rosenborg__A,5.0,2041106.5579067918,1433119.1188001272,609715.1216644258,-1727.6825577612642,25743
2020-12-06__2H__rosenborg__A,6.0,2704857.20143693,1932447.8034260292,774520.2936369057,-2110.8956260047826,25731
2020-12-06__2H__rosenborg__A,7.0,3389826.3971450063,2457858.0180092943,934448.6093827876,-2480.230247074944,25719
2020-12-06__2H__rosenborg__A,8.0,4081945.0160425487,2997063.779258596,1087724.948312856,-2843.7115289025396,25707
2020-12-06__2H__rosenborg__A,9.0,4771494.431303366,3540813.4386953716,1233936.2441441375,-3255.251536142463,25695
2020-12-06__2H__rosenborg__A,10.0,5451592.89560862,4082190.3654942187,1373196.5081145528,-3793.9780001526524,25683
2020-12-06__2H__rosenborg__A,11.0,6117102.84891,4616108.8613742255,1505514.0448148237,-4520.057279051509,25671
2020-12-06__2H__rosenborg__A,12.0,6764382.984938868,5138976.326271916,1630795.027249832,-5388.368582881132,25659
2020-12-06__2H__rosenborg__A,13.0,7391112.823910195,5648232.689579802,1749288.8043657024,-6408.670035308571,25647
2020-12-06__2H__rosenborg__A,14.0,7996440.1377088055,6142167.978840332,1861759.1717239053,-7487.012855431081,25635
2020-12-06__2H__rosenborg__A,15.0,8579820.497600079,6619389.60739276,1968926.1508642859,-8495.260656967614,25623
2020-12-06__2H__rosenborg__A,16.0,9140472.766394133,7078687.068659282,2071082.4620366658,-9296.764301815876,25611
2020-12-06__2H__rosenborg__A,17.0,9677672.15293989,7519098.070304621,2168400.9885228802,-9826.905887614705,25599
2020-12-06__2H__rosenborg__A,18.0,10191162.775497027,7940042.688580355,2261270.6598512447,-10150.572934570988,25587
2020-12-06__2H__rosenborg__A,19.0,10681314.14082413,8341249.475784294,2350319.5724150557,-10254.907375218621,25575
2020-12-06__2H__rosenborg__A,20.0,11148192.652918477,8722441.811163466,2435871.0125251487,-10120.170770139255,25563
2020-12-06__2H__rosenborg__A,21.0,11591660.240822116,9083538.28082784,2517911.3624899657,-9789.40249568925,25551
2020-12-06__2H__rosenborg__A,22.0,12011823.669902248,9425022.875627339,2596097.937880757,-9297.143605846162,25539
2020-12-06__2H__rosenborg__A,23.0,12409245.309882125,9747597.02059769,2670349.6391353197,-8701.349850886358,25527
2020-12-06__2H__rosenborg__A,24.0,12785774.424072696,10052732.193885017,2741086.0332471128,-8043.803059431906,25515
2020-12-06__2H__rosenborg__A,25.0,13143633.183431683,10342032.778798759,2809016.401590723,-7415.996957798172,25503
2020-12-06__2H__rosenborg__A,26.0,13484317.235129096,10616469.179207815,2874791.3789603473,-6943.32303906977,25491
2020-12-06__2H__rosenborg__A,27.0,13808724.065817425,10876564.23004972,2938810.6854208396,-6650.849653134988,25479
2020-12-06__2H__rosenborg__A,28.0,14117293.978713945,11122781.932638992,3001107.772032262,-6595.72595731212,25467
2020-12-06__2H__rosenborg__A,29.0,14410798.348344674,11356117.69340471,3061465.4227997432,-6784.767859782819,25455
2020-12-06__2H__rosenborg__A,30.0,14690693.285672965,11577975.274810435,3119810.5188347897,-7092.507972260267,25443
2020-12-06__2H__rosenborg__A,31.0,14958704.513382649,11789835.799449937,3176318.6444163537,-7449.930483643126,25431
2020-12-06__2H__rosenborg__A,32.0,15216945.764063248,11993697.683265902,3231257.407534399,-8009.326737049865,25420
2020-12-06__2H__rosenborg__A,33.0,15466533.511189222,12190109.832459599,3284979.2835394945,-8555.60480987253,25409
2020-12-06__2H__rosenborg__A,34.0,15708994.909556335,12380195.525301896,3337892.669867331,-9093.285612890933,25398
2020-12-06__2H__rosenborg__A,35.0,15945096.633565154,12564466.258046074,3390270.5362110967,-9640.16069201642,25387
2020-12-06__2H__rosenborg__A,36.0,16174742.028701784,12742714.083018007,3442211.32305735,-10183.377373572352,25376
2020-12-06__2H__rosenborg__A,37.0,16397145.130145967,12914393.750515675,3493437.683012284,-10686.303381987207,25365
2020-12-06__2H__rosenborg__A,38.0,16611187.035431495,13079065.34790948,3543204.728494544,-11083.040972526549,25354
2020-12-06__2H__rosenborg__A,39.0,16815705.177919623,13236309.129229896,3590708.0078791883,-11311.959189463712,25343
2020-12-06__2H__rosenborg__A,40.0,17009475.47129491,13385259.662149243,3635487.9860540126,-11272.17690834499,25332
2020-12-06__2H__rosenborg__A,41.0,17192085.780684616,13525545.277863733,3677463.281950595,-10922.779129713803,25321
2020-12-06__2H__rosenborg__A,42.0,17364194.60401043,13657836.940185826,3716635.712585651,-10278.048761051701,25310
2020-12-06__2H__rosenborg__A,43.0,17527373.995164465,13783811.146882234,3753012.8902179794,-9450.041935751797,25299
2020-12-06__2H__rosenborg__A,44.0,17682839.89036183,13904854.1496523,3786402.3074793904,-8416.566769865036,25288
2020-12-06__2H__rosenborg__A,45.0,17831371.01560337,14021394.401240943,3816980.189872911,-7003.575510480092,25277
2020-12-06__2H__rosenborg__A,46.0,17973513.79786242,14133611.467949647,3845081.0147028905,-5178.684790116124,25266
2020-12-06__2H__rosenborg__A,47.0,18109202.134301156,14241020.131549044,3871224.4588705003,-3042.4561183899787,25255
2020-12-06__2H__rosenborg__A,48.0,18238088.28535724,14342815.92362507,3896001.807018918,-729.4452867481014,25244
2020-12-06__2H__rosenborg__A,49.0,18360387.782132044,14438591.69928965,3920144.0555502702,1652.027292125742,25233
2020-12-06__2H__rosenborg__A,50.0,18476434.80644588,14528173.731071964,3944275.2186772404,3985.8566966787475,25222
2020-12-06__2H__rosenborg__A,51.0,18586885.603906386,14612019.4621352,3968707.372058612,6158.7697125764535,25211
2020-12-06__2H__rosenborg__A,52.0,18692761.654636677,14691167.42432639,3993483.4681001115,8110.762210167653,25200
2020-12-06__2H__rosenborg__A,53.0,18795723.61326482,14767302.791481378,4018732.4996654596,9688.322117981414,25189
2020-12-06__2H__rosenborg__A,54.0,18897423.926844392,14841988.499856852,4044480.491039608,10954.935947931124,25178
2020-12-06__2H__rosenborg__A,55.0,18998585.289690632,14916094.547431936,4070473.025011549,12017.717247143926,25167
2020-12-06__2H__rosenborg__A,56.0,19099657.16509127,14990195.709926592,4096610.311475941,12851.14368873676,25156
2020-12-06__2H__rosenborg__A,57.0,19200647.785603527,15064247.24241943,4123050.172149588,13350.3710345102,25145
2020-12-06__2H__rosenborg__A,58.0,19301257.635573003,15137687.878759563,4150148.550354081,13421.206459358407,25134
2020-12-06__2H__rosenborg__A,59.0,19400931.45042092,15209910.419874564,4177977.719412443,13043.311133912634,25123
2020-12-06__2H__rosenborg__A,60.0,19499097.736696206,15280411.33835348,4206539.388177728,12147.0101649969,25112
