heldout_physical_match_id,transition_kind,age_band,from_state,to_state,probability,train_count,alpha
2020__2020-07-03,stationary,0-5,low,low,0.6820426166467097,,0.0
2020__2020-07-03,stationary,0-5,low,mid,0.2747268332512769,,0.0
2020__2020-07-03,stationary,0-5,low,high,0.0432305501020133,,0.0
2020__2020-07-03,stationary,0-5,mid,low,0.1575418835963078,,0.0
2020__2020-07-03,stationary,0-5,mid,mid,0.5978394782698099,,0.0
2020__2020-07-03,stationary,0-5,mid,high,0.2446186381338821,,0.0
2020__2020-07-03,stationary,0-5,high,low,0.0111747493737379,,0.0
2020__2020-07-03,stationary,0-5,high,mid,0.1814338202551036,,0.0
2020__2020-07-03,stationary,0-5,high,high,0.8073914303711585,,0.0
2020__2020-07-03,stationary,5-10,low,low,0.6820426166467097,,0.0
2020__2020-07-03,stationary,5-10,low,mid,0.2747268332512769,,0.0
2020__2020-07-03,stationary,5-10,low,high,0.0432305501020133,,0.0
2020__2020-07-03,stationary,5-10,mid,low,0.1575418835963078,,0.0
2020__2020-07-03,stationary,5-10,mid,mid,0.5978394782698099,,0.0
2020__2020-07-03,stationary,5-10,mid,high,0.2446186381338821,,0.0
2020__2020-07-03,stationary,5-10,high,low,0.0111747493737379,,0.0
2020__2020-07-03,stationary,5-10,high,mid,0.1814338202551036,,0.0
2020__2020-07-03,stationary,5-10,high,high,0.8073914303711585,,0.0
2020__2020-07-03,stationary,10-20,low,low,0.6820426166467097,,0.0
2020__2020-07-03,stationary,10-20,low,mid,0.2747268332512769,,0.0
2020__2020-07-03,stationary,10-20,low,high,0.0432305501020133,,0.0
2020__2020-07-03,stationary,10-20,mid,low,0.1575418835963078,,0.0
2020__2020-07-03,stationary,10-20,mid,mid,0.5978394782698099,,0.0
2020__2020-07-03,stationary,10-20,mid,high,0.2446186381338821,,0.0
2020__2020-07-03,stationary,10-20,high,low,0.0111747493737379,,0.0
2020__2020-07-03,stationary,10-20,high,mid,0.1814338202551036,,0.0
2020__2020-07-03,stationary,10-20,high,high,0.8073914303711585,,0.0
2020__2020-07-03,stationary,20-35,low,low,0.6820426166467097,,0.0
2020__2020-07-03,stationary,20-35,low,mid,0.2747268332512769,,0.0
2020__2020-07-03,stationary,20-35,low,high,0.0432305501020133,,0.0
2020__2020-07-03,stationary,20-35,mid,low,0.1575418835963078,,0.0
2020__2020-07-03,stationary,20-35,mid,mid,0.5978394782698099,,0.0
2020__2020-07-03,stationary,20-35,mid,high,0.2446186381338821,,0.0
2020__2020-07-03,stationary,20-35,high,low,0.0111747493737379,,0.0
2020__2020-07-03,stationary,20-35,high,mid,0.1814338202551036,,0.0
2020__2020-07-03,stationary,20-35,high,high,0.8073914303711585,,0.0
2020__2020-07-03,age_banded,0-5,low,low,0.6378289414837475,35654.0,0.0
2020__2020-07-03,age_banded,0-5,low,mid,0.3042272670351885,17006.0,0.0
2020__2020-07-03,age_banded,0-5,low,high,0.057943791481064,3239.0,0.0
2020__2020-07-03,age_banded,0-5,mid,low,0.1390186168511291,6519.0,0.0
2020__2020-07-03,age_banded,0-5,mid,mid,0.5553707376367475,26043.0,0.0
2020__2020-07-03,age_banded,0-5,mid,high,0.3056106455121233,14331.0,0.0
2020__2020-07-03,age_banded,0-5,high,low,0.0137832090794968,538.0,0.0
2020__2020-07-03,age_banded,0-5,high,mid,0.1628109548330899,6355.0,0.0
2020__2020-07-03,age_banded,0-5,high,high,0.8234058360874132,32140.0,0.0
2020__2020-07-03,age_banded,5-10,low,low,0.7530644316396019,7188.0,0.0
2020__2020-07-03,age_banded,5-10,low,mid,0.2304871660555264,2200.0,0.0
2020__2020-07-03,age_banded,5-10,low,high,0.0164484023048716,157.0,0.0
2020__2020-07-03,age_banded,5-10,mid,low,0.1525676241910703,3277.0,0.0
2020__2020-07-03,age_banded,5-10,mid,mid,0.6394152427952884,13734.0,0.0
2020__2020-07-03,age_banded,5-10,mid,high,0.2080171330136412,4468.0,0.0
2020__2020-07-03,age_banded,5-10,high,low,0.0077950055273675,275.0,0.0
2020__2020-07-03,age_banded,5-10,high,mid,0.1770458346325009,6246.0,0.0
2020__2020-07-03,age_banded,5-10,high,high,0.8151591598401315,28758.0,0.0
2020__2020-07-03,age_banded,10-20,low,low,0.7804181633968869,8473.0,0.0
2020__2020-07-03,age_banded,10-20,low,mid,0.2093580178686561,2273.0,0.0
2020__2020-07-03,age_banded,10-20,low,high,0.010223818734457,111.0,0.0
2020__2020-07-03,age_banded,10-20,mid,low,0.1817846801789944,3453.0,0.0
2020__2020-07-03,age_banded,10-20,mid,mid,0.6476441168728613,12302.0,0.0
2020__2020-07-03,age_banded,10-20,mid,high,0.1705712029481442,3240.0,0.0
2020__2020-07-03,age_banded,10-20,high,low,0.0101857136585151,232.0,0.0
2020__2020-07-03,age_banded,10-20,high,mid,0.2058216622030996,4688.0,0.0
2020__2020-07-03,age_banded,10-20,high,high,0.7839926241383852,17857.0,0.0
2020__2020-07-03,age_banded,20-35,low,low,0.8038261453263971,4790.0,0.0
2020__2020-07-03,age_banded,20-35,low,mid,0.1879509984896794,1120.0,0.0
2020__2020-07-03,age_banded,20-35,low,high,0.0082228561839234,49.0,0.0
2020__2020-07-03,age_banded,20-35,mid,low,0.2349316098000901,1563.0,0.0
2020__2020-07-03,age_banded,20-35,mid,mid,0.6207725837967835,4130.0,0.0
2020__2020-07-03,age_banded,20-35,mid,high,0.1442958064031264,960.0,0.0
2020__2020-07-03,age_banded,20-35,high,low,0.0179917751884852,105.0,0.0
2020__2020-07-03,age_banded,20-35,high,mid,0.2373200822481151,1385.0,0.0
2020__2020-07-03,age_banded,20-35,high,high,0.7446881425633995,4346.0,0.0
2020__2020-07-04,stationary,0-5,low,low,0.6816550739277984,,0.0
2020__2020-07-04,stationary,0-5,low,mid,0.2748564346293265,,0.0
2020__2020-07-04,stationary,0-5,low,high,0.043488491442875,,0.0
2020__2020-07-04,stationary,0-5,mid,low,0.1575656604905086,,0.0
2020__2020-07-04,stationary,0-5,mid,mid,0.5974798578472337,,0.0
2020__2020-07-04,stationary,0-5,mid,high,0.2449544816622576,,0.0
2020__2020-07-04,stationary,0-5,high,low,0.0112216927901716,,0.0
2020__2020-07-04,stationary,0-5,high,mid,0.1817570991656993,,0.0
2020__2020-07-04,stationary,0-5,high,high,0.8070212080441291,,0.0
2020__2020-07-04,stationary,5-10,low,low,0.6816550739277984,,0.0
2020__2020-07-04,stationary,5-10,low,mid,0.2748564346293265,,0.0
2020__2020-07-04,stationary,5-10,low,high,0.043488491442875,,0.0
2020__2020-07-04,stationary,5-10,mid,low,0.1575656604905086,,0.0
2020__2020-07-04,stationary,5-10,mid,mid,0.5974798578472337,,0.0
2020__2020-07-04,stationary,5-10,mid,high,0.2449544816622576,,0.0
2020__2020-07-04,stationary,5-10,high,low,0.0112216927901716,,0.0
2020__2020-07-04,stationary,5-10,high,mid,0.1817570991656993,,0.0
2020__2020-07-04,stationary,5-10,high,high,0.8070212080441291,,0.0
2020__2020-07-04,stationary,10-20,low,low,0.6816550739277984,,0.0
2020__2020-07-04,stationary,10-20,low,mid,0.2748564346293265,,0.0
2020__2020-07-04,stationary,10-20,low,high,0.043488491442875,,0.0
2020__2020-07-04,stationary,10-20,mid,low,0.1575656604905086,,0.0
2020__2020-07-04,stationary,10-20,mid,mid,0.5974798578472337,,0.0
2020__2020-07-04,stationary,10-20,mid,high,0.2449544816622576,,0.0
2020__2020-07-04,stationary,10-20,high,low,0.0112216927901716,,0.0
2020__2020-07-04,stationary,10-20,high,mid,0.1817570991656993,,0.0
2020__2020-07-04,stationary,10-20,high,high,0.8070212080441291,,0.0
2020__2020-07-04,stationary,20-35,low,low,0.6816550739277984,,0.0
2020__2020-07-04,stationary,20-35,low,mid,0.2748564346293265,,0.0
2020__2020-07-04,stationary,20-35,low,high,0.043488491442875,,0.0
2020__2020-07-04,stationary,20-35,mid,low,0.1575656604905086,,0.0
2020__2020-07-04,stationary,20-35,mid,mid,0.5974798578472337,,0.0
2020__2020-07-04,stationary,20-35,mid,high,0.2449544816622576,,0.0
2020__2020-07-04,stationary,20-35,high,low,0.0112216927901716,,0.0
2020__2020-07-04,stationary,20-35,high,mid,0.1817570991656993,,0.0
2020__2020-07-04,stationary,20-35,high,high,0.8070212080441291,,0.0
2020__2020-07-04,age_banded,0-5,low,low,0.6374552612741589,35621.0,0.0
2020__2020-07-04,age_banded,0-5,low,mid,0.3042591267000716,17002.0,0.0
2020__2020-07-04,age_banded,0-5,low,high,0.0582856120257695,3257.0,0.0
2020__2020-07-04,age_banded,0-5,mid,low,0.1388208220579148,6515.0,0.0
2020__2020-07-04,age_banded,0-5,mid,mid,0.5551128252114806,26052.0,0.0
2020__2020-07-04,age_banded,0-5,mid,high,0.3060663527306045,14364.0,0.0
2020__2020-07-04,age_banded,0-5,high,low,0.0137147535950053,536.0,0.0
2020__2020-07-04,age_banded,0-5,high,mid,0.1637070774269484,6398.0,0.0
2020__2020-07-04,age_banded,0-5,high,high,0.8225781689780461,32148.0,0.0
2020__2020-07-04,age_banded,5-10,low,low,0.7512931489496464,7117.0,0.0
2020__2020-07-04,age_banded,5-10,low,mid,0.2321334318589676,2199.0,0.0
2020__2020-07-04,age_banded,5-10,low,high,0.016573419191386,157.0,0.0
2020__2020-07-04,age_banded,5-10,mid,low,0.1530283955798013,3282.0,0.0
2020__2020-07-04,age_banded,5-10,mid,mid,0.638970485382571,13704.0,0.0
2020__2020-07-04,age_banded,5-10,mid,high,0.2080011190376276,4461.0,0.0
2020__2020-07-04,age_banded,5-10,high,low,0.0079868585023224,282.0,0.0
2020__2020-07-04,age_banded,5-10,high,mid,0.1768437747819191,6244.0,0.0
2020__2020-07-04,age_banded,5-10,high,high,0.8151693667157585,28782.0,0.0
2020__2020-07-04,age_banded,10-20,low,low,0.7808786957723128,8478.0,0.0
2020__2020-07-04,age_banded,10-20,low,mid,0.2088053790181449,2267.0,0.0
2020__2020-07-04,age_banded,10-20,low,high,0.0103159252095422,112.0,0.0
2020__2020-07-04,age_banded,10-20,mid,low,0.1823756409578686,3450.0,0.0
2020__2020-07-04,age_banded,10-20,mid,mid,0.647089919120368,12241.0,0.0
2020__2020-07-04,age_banded,10-20,mid,high,0.1705344399217634,3226.0,0.0
2020__2020-07-04,age_banded,10-20,high,low,0.0102216151914349,232.0,0.0
2020__2020-07-04,age_banded,10-20,high,mid,0.2066352381371987,4690.0,0.0
2020__2020-07-04,age_banded,10-20,high,high,0.7831431466713663,17775.0,0.0
2020__2020-07-04,age_banded,20-35,low,low,0.8048043003527633,4791.0,0.0
2020__2020-07-04,age_banded,20-35,low,mid,0.1873005207458424,1115.0,0.0
2020__2020-07-04,age_banded,20-35,low,high,0.0078951789013942,47.0,0.0
2020__2020-07-04,age_banded,20-35,mid,low,0.2340009034783918,1554.0,0.0
2020__2020-07-04,age_banded,20-35,mid,mid,0.6215931335642223,4128.0,0.0
2020__2020-07-04,age_banded,20-35,mid,high,0.1444059629573859,959.0,0.0
2020__2020-07-04,age_banded,20-35,high,low,0.017939518195797,105.0,0.0
2020__2020-07-04,age_banded,20-35,high,mid,0.2354348197505552,1378.0,0.0
2020__2020-07-04,age_banded,20-35,high,high,0.7466256620536477,4370.0,0.0
2020__2020-07-10,stationary,0-5,low,low,0.6819947858019619,,0.0
2020__2020-07-10,stationary,0-5,low,mid,0.2743986934071842,,0.0
2020__2020-07-10,stationary,0-5,low,high,0.0436065207908538,,0.0
2020__2020-07-10,stationary,0-5,mid,low,0.1573743574467028,,0.0
2020__2020-07-10,stationary,0-5,mid,mid,0.5977452341562626,,0.0
2020__2020-07-10,stationary,0-5,mid,high,0.2448804083970345,,0.0
2020__2020-07-10,stationary,0-5,high,low,0.0112368650814863,,0.0
2020__2020-07-10,stationary,0-5,high,mid,0.1817871102450339,,0.0
2020__2020-07-10,stationary,0-5,high,high,0.8069760246734797,,0.0
2020__2020-07-10,stationary,5-10,low,low,0.6819947858019619,,0.0
2020__2020-07-10,stationary,5-10,low,mid,0.2743986934071842,,0.0
2020__2020-07-10,stationary,5-10,low,high,0.0436065207908538,,0.0
2020__2020-07-10,stationary,5-10,mid,low,0.1573743574467028,,0.0
2020__2020-07-10,stationary,5-10,mid,mid,0.5977452341562626,,0.0
2020__2020-07-10,stationary,5-10,mid,high,0.2448804083970345,,0.0
2020__2020-07-10,stationary,5-10,high,low,0.0112368650814863,,0.0
2020__2020-07-10,stationary,5-10,high,mid,0.1817871102450339,,0.0
2020__2020-07-10,stationary,5-10,high,high,0.8069760246734797,,0.0
2020__2020-07-10,stationary,10-20,low,low,0.6819947858019619,,0.0
2020__2020-07-10,stationary,10-20,low,mid,0.2743986934071842,,0.0
2020__2020-07-10,stationary,10-20,low,high,0.0436065207908538,,0.0
2020__2020-07-10,stationary,10-20,mid,low,0.1573743574467028,,0.0
2020__2020-07-10,stationary,10-20,mid,mid,0.5977452341562626,,0.0
2020__2020-07-10,stationary,10-20,mid,high,0.2448804083970345,,0.0
2020__2020-07-10,stationary,10-20,high,low,0.0112368650814863,,0.0
2020__2020-07-10,stationary,10-20,high,mid,0.1817871102450339,,0.0
2020__2020-07-10,stationary,10-20,high,high,0.8069760246734797,,0.0
2020__2020-07-10,stationary,20-35,low,low,0.6819947858019619,,0.0
2020__2020-07-10,stationary,20-35,low,mid,0.2743986934071842,,0.0
2020__2020-07-10,stationary,20-35,low,high,0.0436065207908538,,0.0
2020__2020-07-10,stationary,20-35,mid,low,0.1573743574467028,,0.0
2020__2020-07-10,stationary,20-35,mid,mid,0.5977452341562626,,0.0
2020__2020-07-10,stationary,20-35,mid,high,0.2448804083970345,,0.0
2020__2020-07-10,stationary,20-35,high,low,0.0112368650814863,,0.0
2020__2020-07-10,stationary,20-35,high,mid,0.1817871102450339,,0.0
2020__2020-07-10,stationary,20-35,high,high,0.8069760246734797,,0.0
2020__2020-07-10,age_banded,0-5,low,low,0.6376546857930837,35606.0,0.0
2020__2020-07-10,age_banded,0-5,low,mid,0.3039094539658661,16970.0,0.0
2020__2020-07-10,age_banded,0-5,low,high,0.0584358602410501,3263.0,0.0
2020__2020-07-10,age_banded,0-5,mid,low,0.1387616877169815,6515.0,0.0
2020__2020-07-10,age_banded,0-5,mid,mid,0.5553449340802112,26074.0,0.0
2020__2020-07-10,age_banded,0-5,mid,high,0.3058933782028072,14362.0,0.0
2020__2020-07-10,age_banded,0-5,high,low,0.0138853372883956,543.0,0.0
2020__2020-07-10,age_banded,0-5,high,mid,0.1638111798700966,6406.0,0.0
2020__2020-07-10,age_banded,0-5,high,high,0.8223034828415077,32157.0,0.0
2020__2020-07-10,age_banded,5-10,low,low,0.7529411764705882,7168.0,0.0
2020__2020-07-10,age_banded,5-10,low,mid,0.2301470588235294,2191.0,0.0
2020__2020-07-10,age_banded,5-10,low,high,0.0169117647058823,161.0,0.0
2020__2020-07-10,age_banded,5-10,mid,low,0.1524571854058078,3276.0,0.0
2020__2020-07-10,age_banded,5-10,mid,mid,0.6395197319434103,13742.0,0.0
2020__2020-07-10,age_banded,5-10,mid,high,0.2080230826507818,4470.0,0.0
2020__2020-07-10,age_banded,5-10,high,low,0.0078606089843639,277.0,0.0
2020__2020-07-10,age_banded,5-10,high,mid,0.1771616674707,6243.0,0.0
2020__2020-07-10,age_banded,5-10,high,high,0.814977723544936,28719.0,0.0
2020__2020-07-10,age_banded,10-20,low,low,0.7808673234508793,8481.0,0.0
2020__2020-07-10,age_banded,10-20,low,mid,0.2090046957002117,2270.0,0.0
2020__2020-07-10,age_banded,10-20,low,high,0.0101279808489089,110.0,0.0
2020__2020-07-10,age_banded,10-20,mid,low,0.1822508990903321,3446.0,0.0
2020__2020-07-10,age_banded,10-20,mid,mid,0.6466046118045272,12226.0,0.0
2020__2020-07-10,age_banded,10-20,mid,high,0.1711444891051406,3236.0,0.0
2020__2020-07-10,age_banded,10-20,high,low,0.0101587580808302,231.0,0.0
2020__2020-07-10,age_banded,10-20,high,mid,0.205989709309996,4684.0,0.0
2020__2020-07-10,age_banded,10-20,high,high,0.7838515326091736,17824.0,0.0
2020__2020-07-10,age_banded,20-35,low,low,0.8046229120971824,4769.0,0.0
2020__2020-07-10,age_banded,20-35,low,mid,0.1872785557617682,1110.0,0.0
2020__2020-07-10,age_banded,20-35,low,high,0.0080985321410494,48.0,0.0
2020__2020-07-10,age_banded,20-35,mid,low,0.2339753235028588,1555.0,0.0
2020__2020-07-10,age_banded,20-35,mid,mid,0.6232320192597051,4142.0,0.0
2020__2020-07-10,age_banded,20-35,mid,high,0.142792657237436,949.0,0.0
2020__2020-07-10,age_banded,20-35,high,low,0.0180847399242163,105.0,0.0
2020__2020-07-10,age_banded,20-35,high,mid,0.2361350327247675,1371.0,0.0
2020__2020-07-10,age_banded,20-35,high,high,0.7457802273510162,4330.0,0.0
2020__2020-07-11,stationary,0-5,low,low,0.6816838381318094,,0.0
2020__2020-07-11,stationary,0-5,low,mid,0.2749726656240048,,0.0
2020__2020-07-11,stationary,0-5,low,high,0.0433434962441857,,0.0
2020__2020-07-11,stationary,0-5,mid,low,0.1576050040879014,,0.0
2020__2020-07-11,stationary,0-5,mid,mid,0.5974064438095339,,0.0
2020__2020-07-11,stationary,0-5,mid,high,0.2449885521025646,,0.0
2020__2020-07-11,stationary,0-5,high,low,0.0111539090492543,,0.0
2020__2020-07-11,stationary,0-5,high,mid,0.1816149124639145,,0.0
2020__2020-07-11,stationary,0-5,high,high,0.8072311784868312,,0.0
2020__2020-07-11,stationary,5-10,low,low,0.6816838381318094,,0.0
2020__2020-07-11,stationary,5-10,low,mid,0.2749726656240048,,0.0
2020__2020-07-11,stationary,5-10,low,high,0.0433434962441857,,0.0
2020__2020-07-11,stationary,5-10,mid,low,0.1576050040879014,,0.0
2020__2020-07-11,stationary,5-10,mid,mid,0.5974064438095339,,0.0
2020__2020-07-11,stationary,5-10,mid,high,0.2449885521025646,,0.0
2020__2020-07-11,stationary,5-10,high,low,0.0111539090492543,,0.0
2020__2020-07-11,stationary,5-10,high,mid,0.1816149124639145,,0.0
2020__2020-07-11,stationary,5-10,high,high,0.8072311784868312,,0.0
2020__2020-07-11,stationary,10-20,low,low,0.6816838381318094,,0.0
2020__2020-07-11,stationary,10-20,low,mid,0.2749726656240048,,0.0
2020__2020-07-11,stationary,10-20,low,high,0.0433434962441857,,0.0
2020__2020-07-11,stationary,10-20,mid,low,0.1576050040879014,,0.0
2020__2020-07-11,stationary,10-20,mid,mid,0.5974064438095339,,0.0
2020__2020-07-11,stationary,10-20,mid,high,0.2449885521025646,,0.0
2020__2020-07-11,stationary,10-20,high,low,0.0111539090492543,,0.0
2020__2020-07-11,stationary,10-20,high,mid,0.1816149124639145,,0.0
2020__2020-07-11,stationary,10-20,high,high,0.8072311784868312,,0.0
2020__2020-07-11,stationary,20-35,low,low,0.6816838381318094,,0.0
2020__2020-07-11,stationary,20-35,low,mid,0.2749726656240048,,0.0
2020__2020-07-11,stationary,20-35,low,high,0.0433434962441857,,0.0
2020__2020-07-11,stationary,20-35,mid,low,0.1576050040879014,,0.0
2020__2020-07-11,stationary,20-35,mid,mid,0.5974064438095339,,0.0
2020__2020-07-11,stationary,20-35,mid,high,0.2449885521025646,,0.0
2020__2020-07-11,stationary,20-35,high,low,0.0111539090492543,,0.0
2020__2020-07-11,stationary,20-35,high,mid,0.1816149124639145,,0.0
2020__2020-07-11,stationary,20-35,high,high,0.8072311784868312,,0.0
2020__2020-07-11,age_banded,0-5,low,low,0.6377141016233243,35631.0,0.0
2020__2020-07-11,age_banded,0-5,low,mid,0.3042793478066329,17001.0,0.0
2020__2020-07-11,age_banded,0-5,low,high,0.0580065505700427,3241.0,0.0
2020__2020-07-11,age_banded,0-5,mid,low,0.1390748241313152,6524.0,0.0
2020__2020-07-11,age_banded,0-5,mid,mid,0.5550628863781709,26038.0,0.0
2020__2020-07-11,age_banded,0-5,mid,high,0.3058622894905137,14348.0,0.0
2020__2020-07-11,age_banded,0-5,high,low,0.0136593116526998,533.0,0.0
2020__2020-07-11,age_banded,0-5,high,mid,0.1631685502678045,6367.0,0.0
2020__2020-07-11,age_banded,0-5,high,high,0.8231721380794956,32121.0,0.0
2020__2020-07-11,age_banded,5-10,low,low,0.751578947368421,7140.0,0.0
2020__2020-07-11,age_banded,5-10,low,mid,0.2317894736842105,2202.0,0.0
2020__2020-07-11,age_banded,5-10,low,high,0.0166315789473684,158.0,0.0
2020__2020-07-11,age_banded,5-10,mid,low,0.1528600065265022,3279.0,0.0
2020__2020-07-11,age_banded,5-10,mid,mid,0.6389911892219476,13707.0,0.0
2020__2020-07-11,age_banded,5-10,mid,high,0.20814880425155,4465.0,0.0
2020__2020-07-11,age_banded,5-10,high,low,0.0079560576460262,281.0,0.0
2020__2020-07-11,age_banded,5-10,high,mid,0.1767886973017356,6244.0,0.0
2020__2020-07-11,age_banded,5-10,high,high,0.8152552450522381,28794.0,0.0
2020__2020-07-11,age_banded,10-20,low,low,0.7797827287792304,8470.0,0.0
2020__2020-07-11,age_banded,10-20,low,mid,0.2098140305652734,2279.0,0.0
2020__2020-07-11,age_banded,10-20,low,high,0.0104032406554962,113.0,0.0
2020__2020-07-11,age_banded,10-20,mid,low,0.1822306637121452,3454.0,0.0
2020__2020-07-11,age_banded,10-20,mid,mid,0.6462488129154795,12249.0,0.0
2020__2020-07-11,age_banded,10-20,mid,high,0.1715205233723752,3251.0,0.0
2020__2020-07-11,age_banded,10-20,high,low,0.0101001229580186,230.0,0.0
2020__2020-07-11,age_banded,10-20,high,mid,0.2064816441243632,4702.0,0.0
2020__2020-07-11,age_banded,10-20,high,high,0.7834182329176181,17840.0,0.0
2020__2020-07-11,age_banded,20-35,low,low,0.8044211947350658,4767.0,0.0
2020__2020-07-11,age_banded,20-35,low,mid,0.1873101586230172,1110.0,0.0
2020__2020-07-11,age_banded,20-35,low,high,0.0082686466419169,49.0,0.0
2020__2020-07-11,age_banded,20-35,mid,low,0.2332983035580243,1554.0,0.0
2020__2020-07-11,age_banded,20-35,mid,mid,0.6227293199219336,4148.0,0.0
2020__2020-07-11,age_banded,20-35,mid,high,0.143972376520042,959.0,0.0
2020__2020-07-11,age_banded,20-35,high,low,0.0178510127016821,104.0,0.0
2020__2020-07-11,age_banded,20-35,high,mid,0.2372124957088912,1382.0,0.0
2020__2020-07-11,age_banded,20-35,high,high,0.7449364915894267,4340.0,0.0
2020__2020-07-18,stationary,0-5,low,low,0.6823145854508641,,0.0
2020__2020-07-18,stationary,0-5,low,mid,0.2742879517314555,,0.0
2020__2020-07-18,stationary,0-5,low,high,0.0433974628176803,,0.0
2020__2020-07-18,stationary,0-5,mid,low,0.1571529170945947,,0.0
2020__2020-07-18,stationary,0-5,mid,mid,0.5981573817366517,,0.0
2020__2020-07-18,stationary,0-5,mid,high,0.2446897011687535,,0.0
2020__2020-07-18,stationary,0-5,high,low,0.0110893545759176,,0.0
2020__2020-07-18,stationary,0-5,high,mid,0.1814187312430863,,0.0
2020__2020-07-18,stationary,0-5,high,high,0.8074919141809961,,0.0
2020__2020-07-18,stationary,5-10,low,low,0.6823145854508641,,0.0
2020__2020-07-18,stationary,5-10,low,mid,0.2742879517314555,,0.0
2020__2020-07-18,stationary,5-10,low,high,0.0433974628176803,,0.0
2020__2020-07-18,stationary,5-10,mid,low,0.1571529170945947,,0.0
2020__2020-07-18,stationary,5-10,mid,mid,0.5981573817366517,,0.0
2020__2020-07-18,stationary,5-10,mid,high,0.2446897011687535,,0.0
2020__2020-07-18,stationary,5-10,high,low,0.0110893545759176,,0.0
2020__2020-07-18,stationary,5-10,high,mid,0.1814187312430863,,0.0
2020__2020-07-18,stationary,5-10,high,high,0.8074919141809961,,0.0
2020__2020-07-18,stationary,10-20,low,low,0.6823145854508641,,0.0
2020__2020-07-18,stationary,10-20,low,mid,0.2742879517314555,,0.0
2020__2020-07-18,stationary,10-20,low,high,0.0433974628176803,,0.0
2020__2020-07-18,stationary,10-20,mid,low,0.1571529170945947,,0.0
2020__2020-07-18,stationary,10-20,mid,mid,0.5981573817366517,,0.0
2020__2020-07-18,stationary,10-20,mid,high,0.2446897011687535,,0.0
2020__2020-07-18,stationary,10-20,high,low,0.0110893545759176,,0.0
2020__2020-07-18,stationary,10-20,high,mid,0.1814187312430863,,0.0
2020__2020-07-18,stationary,10-20,high,high,0.8074919141809961,,0.0
2020__2020-07-18,stationary,20-35,low,low,0.6823145854508641,,0.0
2020__2020-07-18,stationary,20-35,low,mid,0.2742879517314555,,0.0
2020__2020-07-18,stationary,20-35,low,high,0.0433974628176803,,0.0
2020__2020-07-18,stationary,20-35,mid,low,0.1571529170945947,,0.0
2020__2020-07-18,stationary,20-35,mid,mid,0.5981573817366517,,0.0
2020__2020-07-18,stationary,20-35,mid,high,0.2446897011687535,,0.0
2020__2020-07-18,stationary,20-35,high,low,0.0110893545759176,,0.0
2020__2020-07-18,stationary,20-35,high,mid,0.1814187312430863,,0.0
2020__2020-07-18,stationary,20-35,high,high,0.8074919141809961,,0.0
2020__2020-07-18,age_banded,0-5,low,low,0.637735172908081,35592.0,0.0
2020__2020-07-18,age_banded,0-5,low,mid,0.3039240279519799,16962.0,0.0
2020__2020-07-18,age_banded,0-5,low,high,0.058340799139939,3256.0,0.0
2020__2020-07-18,age_banded,0-5,mid,low,0.1384307207092017,6496.0,0.0
2020__2020-07-18,age_banded,0-5,mid,mid,0.5557686570344799,26080.0,0.0
2020__2020-07-18,age_banded,0-5,mid,high,0.3058006222563184,14350.0,0.0
2020__2020-07-18,age_banded,0-5,high,low,0.0136256531093125,532.0,0.0
2020__2020-07-18,age_banded,0-5,high,mid,0.1633285524024177,6377.0,0.0
2020__2020-07-18,age_banded,0-5,high,high,0.8230457944882696,32135.0,0.0
2020__2020-07-18,age_banded,5-10,low,low,0.7530343007915568,7135.0,0.0
2020__2020-07-18,age_banded,5-10,low,mid,0.2305013192612137,2184.0,0.0
2020__2020-07-18,age_banded,5-10,low,high,0.0164643799472295,156.0,0.0
2020__2020-07-18,age_banded,5-10,mid,low,0.1522681710103035,3266.0,0.0
2020__2020-07-18,age_banded,5-10,mid,mid,0.6397967271201455,13723.0,0.0
2020__2020-07-18,age_banded,5-10,mid,high,0.207935101869551,4460.0,0.0
2020__2020-07-18,age_banded,5-10,high,low,0.0078333427938922,276.0,0.0
2020__2020-07-18,age_banded,5-10,high,mid,0.1771868081966282,6243.0,0.0
2020__2020-07-18,age_banded,5-10,high,high,0.8149798490094795,28715.0,0.0
2020__2020-07-18,age_banded,10-20,low,low,0.7819065969354987,8522.0,0.0
2020__2020-07-18,age_banded,10-20,low,mid,0.2081842370859712,2269.0,0.0
2020__2020-07-18,age_banded,10-20,low,high,0.0099091659785301,108.0,0.0
2020__2020-07-18,age_banded,10-20,mid,low,0.1820919175911252,3447.0,0.0
2020__2020-07-18,age_banded,10-20,mid,mid,0.6475964078182779,12259.0,0.0
2020__2020-07-18,age_banded,10-20,mid,high,0.1703116745905969,3224.0,0.0
2020__2020-07-18,age_banded,10-20,high,low,0.0100570926657883,229.0,0.0
2020__2020-07-18,age_banded,10-20,high,mid,0.2053579270970575,4676.0,0.0
2020__2020-07-18,age_banded,10-20,high,high,0.7845849802371542,17865.0,0.0
2020__2020-07-18,age_banded,20-35,low,low,0.8050946874476286,4804.0,0.0
2020__2020-07-18,age_banded,20-35,low,mid,0.1873638344226579,1118.0,0.0
2020__2020-07-18,age_banded,20-35,low,high,0.0075414781297134,45.0,0.0
2020__2020-07-18,age_banded,20-35,mid,low,0.2339594290007513,1557.0,0.0
2020__2020-07-18,age_banded,20-35,mid,mid,0.6222389181066867,4141.0,0.0
2020__2020-07-18,age_banded,20-35,mid,high,0.1438016528925619,957.0,0.0
2020__2020-07-18,age_banded,20-35,high,low,0.0177534994878798,104.0,0.0
2020__2020-07-18,age_banded,20-35,high,mid,0.2343803345851826,1373.0,0.0
2020__2020-07-18,age_banded,20-35,high,high,0.7478661659269376,4381.0,0.0
2020__2020-07-19,stationary,0-5,low,low,0.6812372297060119,,0.0
2020__2020-07-19,stationary,0-5,low,mid,0.2752134046745109,,0.0
2020__2020-07-19,stationary,0-5,low,high,0.0435493656194771,,0.0
2020__2020-07-19,stationary,0-5,mid,low,0.1576291173471649,,0.0
2020__2020-07-19,stationary,0-5,mid,mid,0.597411003236246,,0.0
2020__2020-07-19,stationary,0-5,mid,high,0.2449598794165891,,0.0
2020__2020-07-19,stationary,0-5,high,low,0.0112457182134595,,0.0
2020__2020-07-19,stationary,0-5,high,mid,0.1815801717415868,,0.0
2020__2020-07-19,stationary,0-5,high,high,0.8071741100449538,,0.0
2020__2020-07-19,stationary,5-10,low,low,0.6812372297060119,,0.0
2020__2020-07-19,stationary,5-10,low,mid,0.2752134046745109,,0.0
2020__2020-07-19,stationary,5-10,low,high,0.0435493656194771,,0.0
2020__2020-07-19,stationary,5-10,mid,low,0.1576291173471649,,0.0
2020__2020-07-19,stationary,5-10,mid,mid,0.597411003236246,,0.0
2020__2020-07-19,stationary,5-10,mid,high,0.2449598794165891,,0.0
2020__2020-07-19,stationary,5-10,high,low,0.0112457182134595,,0.0
2020__2020-07-19,stationary,5-10,high,mid,0.1815801717415868,,0.0
2020__2020-07-19,stationary,5-10,high,high,0.8071741100449538,,0.0
2020__2020-07-19,stationary,10-20,low,low,0.6812372297060119,,0.0
2020__2020-07-19,stationary,10-20,low,mid,0.2752134046745109,,0.0
2020__2020-07-19,stationary,10-20,low,high,0.0435493656194771,,0.0
2020__2020-07-19,stationary,10-20,mid,low,0.1576291173471649,,0.0
2020__2020-07-19,stationary,10-20,mid,mid,0.597411003236246,,0.0
2020__2020-07-19,stationary,10-20,mid,high,0.2449598794165891,,0.0
2020__2020-07-19,stationary,10-20,high,low,0.0112457182134595,,0.0
2020__2020-07-19,stationary,10-20,high,mid,0.1815801717415868,,0.0
2020__2020-07-19,stationary,10-20,high,high,0.8071741100449538,,0.0
2020__2020-07-19,stationary,20-35,low,low,0.6812372297060119,,0.0
2020__2020-07-19,stationary,20-35,low,mid,0.2752134046745109,,0.0
2020__2020-07-19,stationary,20-35,low,high,0.0435493656194771,,0.0
2020__2020-07-19,stationary,20-35,mid,low,0.1576291173471649,,0.0
2020__2020-07-19,stationary,20-35,mid,mid,0.597411003236246,,0.0
2020__2020-07-19,stationary,20-35,mid,high,0.2449598794165891,,0.0
2020__2020-07-19,stationary,20-35,high,low,0.0112457182134595,,0.0
2020__2020-07-19,stationary,20-35,high,mid,0.1815801717415868,,0.0
2020__2020-07-19,stationary,20-35,high,high,0.8071741100449538,,0.0
2020__2020-07-19,age_banded,0-5,low,low,0.6377824656750573,35675.0,0.0
2020__2020-07-19,age_banded,0-5,low,mid,0.3039187643020595,17000.0,0.0
2020__2020-07-19,age_banded,0-5,low,high,0.0582987700228832,3261.0,0.0
2020__2020-07-19,age_banded,0-5,mid,low,0.1390196621434505,6526.0,0.0
2020__2020-07-19,age_banded,0-5,mid,mid,0.554843107598577,26046.0,0.0
2020__2020-07-19,age_banded,0-5,mid,high,0.3061372302579724,14371.0,0.0
2020__2020-07-19,age_banded,0-5,high,low,0.0137363337495858,539.0,0.0
2020__2020-07-19,age_banded,0-5,high,mid,0.1628736716022324,6391.0,0.0
2020__2020-07-19,age_banded,0-5,high,high,0.8233899946481816,32309.0,0.0
2020__2020-07-19,age_banded,5-10,low,low,0.7502368171771393,7128.0,0.0
2020__2020-07-19,age_banded,5-10,low,mid,0.233133354383749,2215.0,0.0
2020__2020-07-19,age_banded,5-10,low,high,0.0166298284391116,158.0,0.0
2020__2020-07-19,age_banded,5-10,mid,low,0.1531409958120055,3291.0,0.0
2020__2020-07-19,age_banded,5-10,mid,mid,0.6390414146114471,13733.0,0.0
2020__2020-07-19,age_banded,5-10,mid,high,0.2078175895765472,4466.0,0.0
2020__2020-07-19,age_banded,5-10,high,low,0.0079931972789115,282.0,0.0
2020__2020-07-19,age_banded,5-10,high,mid,0.1770124716553288,6245.0,0.0
2020__2020-07-19,age_banded,5-10,high,high,0.8149943310657597,28753.0,0.0
2020__2020-07-19,age_banded,10-20,low,low,0.7783438310485365,8403.0,0.0
2020__2020-07-19,age_banded,10-20,low,mid,0.2113745831789551,2282.0,0.0
2020__2020-07-19,age_banded,10-20,low,high,0.0102815857725083,111.0,0.0
2020__2020-07-19,age_banded,10-20,mid,low,0.1820579083381678,3452.0,0.0
2020__2020-07-19,age_banded,10-20,mid,mid,0.6474342070565898,12276.0,0.0
2020__2020-07-19,age_banded,10-20,mid,high,0.1705078846052423,3233.0,0.0
2020__2020-07-19,age_banded,10-20,high,low,0.010290986515259,232.0,0.0
2020__2020-07-19,age_banded,10-20,high,mid,0.2071948190205819,4671.0,0.0
2020__2020-07-19,age_banded,10-20,high,high,0.7825141944641589,17641.0,0.0
2020__2020-07-19,age_banded,20-35,low,low,0.8042999830709328,4751.0,0.0
2020__2020-07-19,age_banded,20-35,low,mid,0.1877433553411207,1109.0,0.0
2020__2020-07-19,age_banded,20-35,low,high,0.0079566615879465,47.0,0.0
2020__2020-07-19,age_banded,20-35,mid,low,0.2344911269528287,1546.0,0.0
2020__2020-07-19,age_banded,20-35,mid,mid,0.6209616259669346,4094.0,0.0
2020__2020-07-19,age_banded,20-35,mid,high,0.1445472470802366,953.0,0.0
2020__2020-07-19,age_banded,20-35,high,low,0.0179255134006265,103.0,0.0
2020__2020-07-19,age_banded,20-35,high,mid,0.23686042464323,1361.0,0.0
2020__2020-07-19,age_banded,20-35,high,high,0.7452140619561434,4282.0,0.0
2020__2020-07-24,stationary,0-5,low,low,0.682270865880074,,0.0
2020__2020-07-24,stationary,0-5,low,mid,0.2743733296050218,,0.0
2020__2020-07-24,stationary,0-5,low,high,0.0433558045149041,,0.0
2020__2020-07-24,stationary,0-5,mid,low,0.1574082442401785,,0.0
2020__2020-07-24,stationary,0-5,mid,mid,0.5979209529733456,,0.0
2020__2020-07-24,stationary,0-5,mid,high,0.2446708027864759,,0.0
2020__2020-07-24,stationary,0-5,high,low,0.0111739894267278,,0.0
2020__2020-07-24,stationary,0-5,high,mid,0.1814603421335988,,0.0
2020__2020-07-24,stationary,0-5,high,high,0.8073656684396733,,0.0
2020__2020-07-24,stationary,5-10,low,low,0.682270865880074,,0.0
2020__2020-07-24,stationary,5-10,low,mid,0.2743733296050218,,0.0
2020__2020-07-24,stationary,5-10,low,high,0.0433558045149041,,0.0
2020__2020-07-24,stationary,5-10,mid,low,0.1574082442401785,,0.0
2020__2020-07-24,stationary,5-10,mid,mid,0.5979209529733456,,0.0
2020__2020-07-24,stationary,5-10,mid,high,0.2446708027864759,,0.0
2020__2020-07-24,stationary,5-10,high,low,0.0111739894267278,,0.0
2020__2020-07-24,stationary,5-10,high,mid,0.1814603421335988,,0.0
2020__2020-07-24,stationary,5-10,high,high,0.8073656684396733,,0.0
2020__2020-07-24,stationary,10-20,low,low,0.682270865880074,,0.0
2020__2020-07-24,stationary,10-20,low,mid,0.2743733296050218,,0.0
2020__2020-07-24,stationary,10-20,low,high,0.0433558045149041,,0.0
2020__2020-07-24,stationary,10-20,mid,low,0.1574082442401785,,0.0
2020__2020-07-24,stationary,10-20,mid,mid,0.5979209529733456,,0.0
2020__2020-07-24,stationary,10-20,mid,high,0.2446708027864759,,0.0
2020__2020-07-24,stationary,10-20,high,low,0.0111739894267278,,0.0
2020__2020-07-24,stationary,10-20,high,mid,0.1814603421335988,,0.0
2020__2020-07-24,stationary,10-20,high,high,0.8073656684396733,,0.0
2020__2020-07-24,stationary,20-35,low,low,0.682270865880074,,0.0
2020__2020-07-24,stationary,20-35,low,mid,0.2743733296050218,,0.0
2020__2020-07-24,stationary,20-35,low,high,0.0433558045149041,,0.0
2020__2020-07-24,stationary,20-35,mid,low,0.1574082442401785,,0.0
2020__2020-07-24,stationary,20-35,mid,mid,0.5979209529733456,,0.0
2020__2020-07-24,stationary,20-35,mid,high,0.2446708027864759,,0.0
2020__2020-07-24,stationary,20-35,high,low,0.0111739894267278,,0.0
2020__2020-07-24,stationary,20-35,high,mid,0.1814603421335988,,0.0
2020__2020-07-24,stationary,20-35,high,high,0.8073656684396733,,0.0
2020__2020-07-24,age_banded,0-5,low,low,0.6379946284691137,35632.0,0.0
2020__2020-07-24,age_banded,0-5,low,mid,0.3039033124440465,16973.0,0.0
2020__2020-07-24,age_banded,0-5,low,high,0.0581020590868397,3245.0,0.0
2020__2020-07-24,age_banded,0-5,mid,low,0.1385542168674698,6509.0,0.0
2020__2020-07-24,age_banded,0-5,mid,mid,0.5555792072885181,26100.0,0.0
2020__2020-07-24,age_banded,0-5,mid,high,0.3058665758440121,14369.0,0.0
2020__2020-07-24,age_banded,0-5,high,low,0.0137105438174655,536.0,0.0
2020__2020-07-24,age_banded,0-5,high,mid,0.1636056683890111,6396.0,0.0
2020__2020-07-24,age_banded,0-5,high,high,0.8226837877935234,32162.0,0.0
2020__2020-07-24,age_banded,5-10,low,low,0.7524887351985748,7181.0,0.0
2020__2020-07-24,age_banded,5-10,low,mid,0.2305354710258828,2200.0,0.0
2020__2020-07-24,age_banded,5-10,low,high,0.0169757937755422,162.0,0.0
2020__2020-07-24,age_banded,5-10,mid,low,0.1532873905755261,3292.0,0.0
2020__2020-07-24,age_banded,5-10,mid,mid,0.639085490780406,13725.0,0.0
2020__2020-07-24,age_banded,5-10,mid,high,0.2076271186440678,4459.0,0.0
2020__2020-07-24,age_banded,5-10,high,low,0.0079074908596207,279.0,0.0
2020__2020-07-24,age_banded,5-10,high,mid,0.1763738911090326,6223.0,0.0
2020__2020-07-24,age_banded,5-10,high,high,0.8157186180313465,28781.0,0.0
2020__2020-07-24,age_banded,10-20,low,low,0.7808571166376067,8509.0,0.0
2020__2020-07-24,age_banded,10-20,low,mid,0.2088648251812425,2276.0,0.0
2020__2020-07-24,age_banded,10-20,low,high,0.0102780581811507,112.0,0.0
2020__2020-07-24,age_banded,10-20,mid,low,0.1821400264200792,3447.0,0.0
2020__2020-07-24,age_banded,10-20,mid,mid,0.6471334214002642,12247.0,0.0
2020__2020-07-24,age_banded,10-20,mid,high,0.1707265521796565,3231.0,0.0
2020__2020-07-24,age_banded,10-20,high,low,0.0101223483848252,230.0,0.0
2020__2020-07-24,age_banded,10-20,high,mid,0.2063638764193293,4689.0,0.0
2020__2020-07-24,age_banded,10-20,high,high,0.7835137751958454,17803.0,0.0
2020__2020-07-24,age_banded,20-35,low,low,0.804460841858125,4797.0,0.0
2020__2020-07-24,age_banded,20-35,low,mid,0.1876572195203756,1119.0,0.0
2020__2020-07-24,age_banded,20-35,low,high,0.0078819386214992,47.0,0.0
2020__2020-07-24,age_banded,20-35,mid,low,0.2332833583208395,1556.0,0.0
2020__2020-07-24,age_banded,20-35,mid,mid,0.6239880059970015,4162.0,0.0
2020__2020-07-24,age_banded,20-35,mid,high,0.1427286356821589,952.0,0.0
2020__2020-07-24,age_banded,20-35,high,low,0.0180010286302074,105.0,0.0
2020__2020-07-24,age_banded,20-35,high,mid,0.2348705640322304,1370.0,0.0
2020__2020-07-24,age_banded,20-35,high,high,0.7471284073375621,4358.0,0.0
2020__2020-07-25,stationary,0-5,low,low,0.6815509708787116,,0.0
2020__2020-07-25,stationary,0-5,low,mid,0.2753220874145953,,0.0
2020__2020-07-25,stationary,0-5,low,high,0.0431269417066929,,0.0
2020__2020-07-25,stationary,0-5,mid,low,0.1577349119772959,,0.0
2020__2020-07-25,stationary,0-5,mid,mid,0.5973358165934991,,0.0
2020__2020-07-25,stationary,0-5,mid,high,0.2449292714292049,,0.0
2020__2020-07-25,stationary,0-5,high,low,0.0112348996114671,,0.0
2020__2020-07-25,stationary,0-5,high,mid,0.1813860533062542,,0.0
2020__2020-07-25,stationary,0-5,high,high,0.8073790470822786,,0.0
2020__2020-07-25,stationary,5-10,low,low,0.6815509708787116,,0.0
2020__2020-07-25,stationary,5-10,low,mid,0.2753220874145953,,0.0
2020__2020-07-25,stationary,5-10,low,high,0.0431269417066929,,0.0
2020__2020-07-25,stationary,5-10,mid,low,0.1577349119772959,,0.0
2020__2020-07-25,stationary,5-10,mid,mid,0.5973358165934991,,0.0
2020__2020-07-25,stationary,5-10,mid,high,0.2449292714292049,,0.0
2020__2020-07-25,stationary,5-10,high,low,0.0112348996114671,,0.0
2020__2020-07-25,stationary,5-10,high,mid,0.1813860533062542,,0.0
2020__2020-07-25,stationary,5-10,high,high,0.8073790470822786,,0.0
2020__2020-07-25,stationary,10-20,low,low,0.6815509708787116,,0.0
2020__2020-07-25,stationary,10-20,low,mid,0.2753220874145953,,0.0
2020__2020-07-25,stationary,10-20,low,high,0.0431269417066929,,0.0
2020__2020-07-25,stationary,10-20,mid,low,0.1577349119772959,,0.0
2020__2020-07-25,stationary,10-20,mid,mid,0.5973358165934991,,0.0
2020__2020-07-25,stationary,10-20,mid,high,0.2449292714292049,,0.0
2020__2020-07-25,stationary,10-20,high,low,0.0112348996114671,,0.0
2020__2020-07-25,stationary,10-20,high,mid,0.1813860533062542,,0.0
2020__2020-07-25,stationary,10-20,high,high,0.8073790470822786,,0.0
2020__2020-07-25,stationary,20-35,low,low,0.6815509708787116,,0.0
2020__2020-07-25,stationary,20-35,low,mid,0.2753220874145953,,0.0
2020__2020-07-25,stationary,20-35,low,high,0.0431269417066929,,0.0
2020__2020-07-25,stationary,20-35,mid,low,0.1577349119772959,,0.0
2020__2020-07-25,stationary,20-35,mid,mid,0.5973358165934991,,0.0
2020__2020-07-25,stationary,20-35,mid,high,0.2449292714292049,,0.0
2020__2020-07-25,stationary,20-35,high,low,0.0112348996114671,,0.0
2020__2020-07-25,stationary,20-35,high,mid,0.1813860533062542,,0.0
2020__2020-07-25,stationary,20-35,high,high,0.8073790470822786,,0.0
2020__2020-07-25,age_banded,0-5,low,low,0.6372452363453851,35550.0,0.0
2020__2020-07-25,age_banded,0-5,low,mid,0.3049276713212756,17011.0,0.0
2020__2020-07-25,age_banded,0-5,low,high,0.0578270923333393,3226.0,0.0
2020__2020-07-25,age_banded,0-5,mid,low,0.138868776353337,6521.0,0.0
2020__2020-07-25,age_banded,0-5,mid,mid,0.5552621491545636,26074.0,0.0
2020__2020-07-25,age_banded,0-5,mid,high,0.3058690744920993,14363.0,0.0
2020__2020-07-25,age_banded,0-5,high,low,0.013770508587371,538.0,0.0
2020__2020-07-25,age_banded,0-5,high,mid,0.1634032097059049,6384.0,0.0
2020__2020-07-25,age_banded,0-5,high,high,0.822826281706724,32147.0,0.0
2020__2020-07-25,age_banded,5-10,low,low,0.7528608923884514,7171.0,0.0
2020__2020-07-25,age_banded,5-10,low,mid,0.2311811023622047,2202.0,0.0
2020__2020-07-25,age_banded,5-10,low,high,0.0159580052493438,152.0,0.0
2020__2020-07-25,age_banded,5-10,mid,low,0.1529878618113912,3277.0,0.0
2020__2020-07-25,age_banded,5-10,mid,mid,0.6394024276377217,13696.0,0.0
2020__2020-07-25,age_banded,5-10,mid,high,0.207609710550887,4447.0,0.0
2020__2020-07-25,age_banded,5-10,high,low,0.0079461929222124,280.0,0.0
2020__2020-07-25,age_banded,5-10,high,mid,0.1764622413939892,6218.0,0.0
2020__2020-07-25,age_banded,5-10,high,high,0.8155915656837983,28739.0,0.0
2020__2020-07-25,age_banded,10-20,low,low,0.7795659370976642,8477.0,0.0
2020__2020-07-25,age_banded,10-20,low,mid,0.209858377781865,2282.0,0.0
2020__2020-07-25,age_banded,10-20,low,high,0.0105756851204708,115.0,0.0
2020__2020-07-25,age_banded,10-20,mid,low,0.1828559348906035,3460.0,0.0
2020__2020-07-25,age_banded,10-20,mid,mid,0.6457034140154317,12218.0,0.0
2020__2020-07-25,age_banded,10-20,mid,high,0.1714406510939647,3244.0,0.0
2020__2020-07-25,age_banded,10-20,high,low,0.0102857142857142,234.0,0.0
2020__2020-07-25,age_banded,10-20,high,mid,0.2057142857142857,4680.0,0.0
2020__2020-07-25,age_banded,10-20,high,high,0.784,17836.0,0.0
2020__2020-07-25,age_banded,20-35,low,low,0.8037666050109299,4780.0,0.0
2020__2020-07-25,age_banded,20-35,low,mid,0.187993946527661,1118.0,0.0
2020__2020-07-25,age_banded,20-35,low,high,0.0082394484614091,49.0,0.0
2020__2020-07-25,age_banded,20-35,mid,low,0.2346142299609726,1563.0,0.0
2020__2020-07-25,age_banded,20-35,mid,mid,0.6212848994296007,4139.0,0.0
2020__2020-07-25,age_banded,20-35,mid,high,0.1441008706094266,960.0,0.0
2020__2020-07-25,age_banded,20-35,high,low,0.0177717019822283,104.0,0.0
2020__2020-07-25,age_banded,20-35,high,mid,0.2365003417634996,1384.0,0.0
2020__2020-07-25,age_banded,20-35,high,high,0.745727956254272,4364.0,0.0
2020__2020-08-01,stationary,0-5,low,low,0.6819354982594221,,0.0
2020__2020-08-01,stationary,0-5,low,mid,0.2745612060978008,,0.0
2020__2020-08-01,stationary,0-5,low,high,0.043503295642777,,0.0
2020__2020-08-01,stationary,0-5,mid,low,0.1574006592864881,,0.0
2020__2020-08-01,stationary,0-5,mid,mid,0.5976260012093421,,0.0
2020__2020-08-01,stationary,0-5,mid,high,0.2449733395041697,,0.0
2020__2020-08-01,stationary,0-5,high,low,0.0112031347404043,,0.0
2020__2020-08-01,stationary,0-5,high,mid,0.1818489463159514,,0.0
2020__2020-08-01,stationary,0-5,high,high,0.8069479189436444,,0.0
2020__2020-08-01,stationary,5-10,low,low,0.6819354982594221,,0.0
2020__2020-08-01,stationary,5-10,low,mid,0.2745612060978008,,0.0
2020__2020-08-01,stationary,5-10,low,high,0.043503295642777,,0.0
2020__2020-08-01,stationary,5-10,mid,low,0.1574006592864881,,0.0
2020__2020-08-01,stationary,5-10,mid,mid,0.5976260012093421,,0.0
2020__2020-08-01,stationary,5-10,mid,high,0.2449733395041697,,0.0
2020__2020-08-01,stationary,5-10,high,low,0.0112031347404043,,0.0
2020__2020-08-01,stationary,5-10,high,mid,0.1818489463159514,,0.0
2020__2020-08-01,stationary,5-10,high,high,0.8069479189436444,,0.0
2020__2020-08-01,stationary,10-20,low,low,0.6819354982594221,,0.0
2020__2020-08-01,stationary,10-20,low,mid,0.2745612060978008,,0.0
2020__2020-08-01,stationary,10-20,low,high,0.043503295642777,,0.0
2020__2020-08-01,stationary,10-20,mid,low,0.1574006592864881,,0.0
2020__2020-08-01,stationary,10-20,mid,mid,0.5976260012093421,,0.0
2020__2020-08-01,stationary,10-20,mid,high,0.2449733395041697,,0.0
2020__2020-08-01,stationary,10-20,high,low,0.0112031347404043,,0.0
2020__2020-08-01,stationary,10-20,high,mid,0.1818489463159514,,0.0
2020__2020-08-01,stationary,10-20,high,high,0.8069479189436444,,0.0
2020__2020-08-01,stationary,20-35,low,low,0.6819354982594221,,0.0
2020__2020-08-01,stationary,20-35,low,mid,0.2745612060978008,,0.0
2020__2020-08-01,stationary,20-35,low,high,0.043503295642777,,0.0
2020__2020-08-01,stationary,20-35,mid,low,0.1574006592864881,,0.0
2020__2020-08-01,stationary,20-35,mid,mid,0.5976260012093421,,0.0
2020__2020-08-01,stationary,20-35,mid,high,0.2449733395041697,,0.0
2020__2020-08-01,stationary,20-35,high,low,0.0112031347404043,,0.0
2020__2020-08-01,stationary,20-35,high,mid,0.1818489463159514,,0.0
2020__2020-08-01,stationary,20-35,high,high,0.8069479189436444,,0.0
2020__2020-08-01,age_banded,0-5,low,low,0.6378678114658796,35660.0,0.0
2020__2020-08-01,age_banded,0-5,low,mid,0.3038189786244522,16985.0,0.0
2020__2020-08-01,age_banded,0-5,low,high,0.0583132099096681,3260.0,0.0
2020__2020-08-01,age_banded,0-5,mid,low,0.1391582312200319,6530.0,0.0
2020__2020-08-01,age_banded,0-5,mid,mid,0.5552264251465104,26054.0,0.0
2020__2020-08-01,age_banded,0-5,mid,high,0.3056153436334576,14341.0,0.0
2020__2020-08-01,age_banded,0-5,high,low,0.0137989298789073,539.0,0.0
2020__2020-08-01,age_banded,0-5,high,mid,0.1636926857991346,6394.0,0.0
2020__2020-08-01,age_banded,0-5,high,high,0.8225083843219579,32128.0,0.0
2020__2020-08-01,age_banded,5-10,low,low,0.7518662601198612,7151.0,0.0
2020__2020-08-01,age_banded,5-10,low,mid,0.2314162548627904,2201.0,0.0
2020__2020-08-01,age_banded,5-10,low,high,0.0167174850173483,159.0,0.0
2020__2020-08-01,age_banded,5-10,mid,low,0.1523197316936836,3270.0,0.0
2020__2020-08-01,age_banded,5-10,mid,mid,0.6390907397056084,13720.0,0.0
2020__2020-08-01,age_banded,5-10,mid,high,0.208589528600708,4478.0,0.0
2020__2020-08-01,age_banded,5-10,high,low,0.0078824997164568,278.0,0.0
2020__2020-08-01,age_banded,5-10,high,mid,0.1772144720426449,6250.0,0.0
2020__2020-08-01,age_banded,5-10,high,high,0.8149030282408982,28740.0,0.0
2020__2020-08-01,age_banded,10-20,low,low,0.7806404122193595,8484.0,0.0
2020__2020-08-01,age_banded,10-20,low,mid,0.2093301435406698,2275.0,0.0
2020__2020-08-01,age_banded,10-20,low,high,0.0100294442399705,109.0,0.0
2020__2020-08-01,age_banded,10-20,mid,low,0.1816695670516268,3445.0,0.0
2020__2020-08-01,age_banded,10-20,mid,mid,0.6470495174814112,12270.0,0.0
2020__2020-08-01,age_banded,10-20,mid,high,0.1712809154669619,3248.0,0.0
2020__2020-08-01,age_banded,10-20,high,low,0.0101888449714536,232.0,0.0
2020__2020-08-01,age_banded,10-20,high,mid,0.2063680281071585,4699.0,0.0
2020__2020-08-01,age_banded,10-20,high,high,0.7834431269213878,17839.0,0.0
2020__2020-08-01,age_banded,20-35,low,low,0.8045608108108108,4763.0,0.0
2020__2020-08-01,age_banded,20-35,low,mid,0.187331081081081,1109.0,0.0
2020__2020-08-01,age_banded,20-35,low,high,0.0081081081081081,48.0,0.0
2020__2020-08-01,age_banded,20-35,mid,low,0.2334941211938498,1549.0,0.0
2020__2020-08-01,age_banded,20-35,mid,mid,0.6220982815797407,4127.0,0.0
2020__2020-08-01,age_banded,20-35,mid,high,0.1444075972264094,958.0,0.0
2020__2020-08-01,age_banded,20-35,high,low,0.0178295902623007,104.0,0.0
2020__2020-08-01,age_banded,20-35,high,mid,0.2357277558717641,1375.0,0.0
2020__2020-08-01,age_banded,20-35,high,high,0.7464426538659352,4354.0,0.0
2020__2020-08-02,stationary,0-5,low,low,0.6815776932826362,,0.0
2020__2020-08-02,stationary,0-5,low,mid,0.2749465145754119,,0.0
2020__2020-08-02,stationary,0-5,low,high,0.0434757921419518,,0.0
2020__2020-08-02,stationary,0-5,mid,low,0.1574923954204024,,0.0
2020__2020-08-02,stationary,0-5,mid,mid,0.5978999831502027,,0.0
2020__2020-08-02,stationary,0-5,mid,high,0.2446076214293949,,0.0
2020__2020-08-02,stationary,0-5,high,low,0.0112371927266836,,0.0
2020__2020-08-02,stationary,0-5,high,mid,0.1813939173044992,,0.0
2020__2020-08-02,stationary,0-5,high,high,0.8073688899688172,,0.0
2020__2020-08-02,stationary,5-10,low,low,0.6815776932826362,,0.0
2020__2020-08-02,stationary,5-10,low,mid,0.2749465145754119,,0.0
2020__2020-08-02,stationary,5-10,low,high,0.0434757921419518,,0.0
2020__2020-08-02,stationary,5-10,mid,low,0.1574923954204024,,0.0
2020__2020-08-02,stationary,5-10,mid,mid,0.5978999831502027,,0.0
2020__2020-08-02,stationary,5-10,mid,high,0.2446076214293949,,0.0
2020__2020-08-02,stationary,5-10,high,low,0.0112371927266836,,0.0
2020__2020-08-02,stationary,5-10,high,mid,0.1813939173044992,,0.0
2020__2020-08-02,stationary,5-10,high,high,0.8073688899688172,,0.0
2020__2020-08-02,stationary,10-20,low,low,0.6815776932826362,,0.0
2020__2020-08-02,stationary,10-20,low,mid,0.2749465145754119,,0.0
2020__2020-08-02,stationary,10-20,low,high,0.0434757921419518,,0.0
2020__2020-08-02,stationary,10-20,mid,low,0.1574923954204024,,0.0
2020__2020-08-02,stationary,10-20,mid,mid,0.5978999831502027,,0.0
2020__2020-08-02,stationary,10-20,mid,high,0.2446076214293949,,0.0
2020__2020-08-02,stationary,10-20,high,low,0.0112371927266836,,0.0
2020__2020-08-02,stationary,10-20,high,mid,0.1813939173044992,,0.0
2020__2020-08-02,stationary,10-20,high,high,0.8073688899688172,,0.0
2020__2020-08-02,stationary,20-35,low,low,0.6815776932826362,,0.0
2020__2020-08-02,stationary,20-35,low,mid,0.2749465145754119,,0.0
2020__2020-08-02,stationary,20-35,low,high,0.0434757921419518,,0.0
2020__2020-08-02,stationary,20-35,mid,low,0.1574923954204024,,0.0
2020__2020-08-02,stationary,20-35,mid,mid,0.5978999831502027,,0.0
2020__2020-08-02,stationary,20-35,mid,high,0.2446076214293949,,0.0
2020__2020-08-02,stationary,20-35,high,low,0.0112371927266836,,0.0
2020__2020-08-02,stationary,20-35,high,mid,0.1813939173044992,,0.0
2020__2020-08-02,stationary,20-35,high,high,0.8073688899688172,,0.0
2020__2020-08-02,age_banded,0-5,low,low,0.6374139318608603,35641.0,0.0
2020__2020-08-02,age_banded,0-5,low,mid,0.3042832871322543,17014.0,0.0
2020__2020-08-02,age_banded,0-5,low,high,0.0583027810068854,3260.0,0.0
2020__2020-08-02,age_banded,0-5,mid,low,0.1389545909778601,6521.0,0.0
2020__2020-08-02,age_banded,0-5,mid,mid,0.5550725564150099,26049.0,0.0
2020__2020-08-02,age_banded,0-5,mid,high,0.3059728526071299,14359.0,0.0
2020__2020-08-02,age_banded,0-5,high,low,0.0138636654303619,542.0,0.0
2020__2020-08-02,age_banded,0-5,high,mid,0.1631922240695741,6380.0,0.0
2020__2020-08-02,age_banded,0-5,high,high,0.822944110500064,32173.0,0.0
2020__2020-08-02,age_banded,5-10,low,low,0.7519755557896955,7137.0,0.0
2020__2020-08-02,age_banded,5-10,low,mid,0.2316931830154883,2199.0,0.0
2020__2020-08-02,age_banded,5-10,low,high,0.0163312611948161,155.0,0.0
2020__2020-08-02,age_banded,5-10,mid,low,0.1526190587247539,3272.0,0.0
2020__2020-08-02,age_banded,5-10,mid,mid,0.6402817295582817,13727.0,0.0
2020__2020-08-02,age_banded,5-10,mid,high,0.2070992117169644,4440.0,0.0
2020__2020-08-02,age_banded,5-10,high,low,0.0079362829851761,280.0,0.0
2020__2020-08-02,age_banded,5-10,high,mid,0.1763555454777358,6222.0,0.0
2020__2020-08-02,age_banded,5-10,high,high,0.815708171537088,28779.0,0.0
2020__2020-08-02,age_banded,10-20,low,low,0.7804247460757157,8452.0,0.0
2020__2020-08-02,age_banded,10-20,low,mid,0.2094182825484764,2268.0,0.0
2020__2020-08-02,age_banded,10-20,low,high,0.0101569713758079,110.0,0.0
2020__2020-08-02,age_banded,10-20,mid,low,0.1820438341695273,3447.0,0.0
2020__2020-08-02,age_banded,10-20,mid,mid,0.6473197781885397,12257.0,0.0
2020__2020-08-02,age_banded,10-20,mid,high,0.1706363876419329,3231.0,0.0
2020__2020-08-02,age_banded,10-20,high,low,0.0100467083810698,228.0,0.0
2020__2020-08-02,age_banded,10-20,high,mid,0.2067066184894685,4691.0,0.0
2020__2020-08-02,age_banded,10-20,high,high,0.7832466731294615,17775.0,0.0
2020__2020-08-02,age_banded,20-35,low,low,0.8044026214081667,4787.0,0.0
2020__2020-08-02,age_banded,20-35,low,mid,0.1875315073096958,1116.0,0.0
2020__2020-08-02,age_banded,20-35,low,high,0.0080658712821374,48.0,0.0
2020__2020-08-02,age_banded,20-35,mid,low,0.2339435774309723,1559.0,0.0
2020__2020-08-02,age_banded,20-35,mid,mid,0.6227490996398559,4150.0,0.0
2020__2020-08-02,age_banded,20-35,mid,high,0.1433073229291716,955.0,0.0
2020__2020-08-02,age_banded,20-35,high,low,0.0182224514354478,106.0,0.0
2020__2020-08-02,age_banded,20-35,high,mid,0.235516589307203,1370.0,0.0
2020__2020-08-02,age_banded,20-35,high,high,0.7462609592573491,4341.0,0.0
2020__2020-08-07,stationary,0-5,low,low,0.6818260152019252,,0.0
2020__2020-08-07,stationary,0-5,low,mid,0.2745490413136345,,0.0
2020__2020-08-07,stationary,0-5,low,high,0.0436249434844402,,0.0
2020__2020-08-07,stationary,0-5,mid,low,0.1574262782138264,,0.0
2020__2020-08-07,stationary,0-5,mid,mid,0.5976976630748082,,0.0
2020__2020-08-07,stationary,0-5,mid,high,0.2448760587113653,,0.0
2020__2020-08-07,stationary,0-5,high,low,0.0111531874004469,,0.0
2020__2020-08-07,stationary,0-5,high,mid,0.1817323008168417,,0.0
2020__2020-08-07,stationary,0-5,high,high,0.8071145117827114,,0.0
2020__2020-08-07,stationary,5-10,low,low,0.6818260152019252,,0.0
2020__2020-08-07,stationary,5-10,low,mid,0.2745490413136345,,0.0
2020__2020-08-07,stationary,5-10,low,high,0.0436249434844402,,0.0
2020__2020-08-07,stationary,5-10,mid,low,0.1574262782138264,,0.0
2020__2020-08-07,stationary,5-10,mid,mid,0.5976976630748082,,0.0
2020__2020-08-07,stationary,5-10,mid,high,0.2448760587113653,,0.0
2020__2020-08-07,stationary,5-10,high,low,0.0111531874004469,,0.0
2020__2020-08-07,stationary,5-10,high,mid,0.1817323008168417,,0.0
2020__2020-08-07,stationary,5-10,high,high,0.8071145117827114,,0.0
2020__2020-08-07,stationary,10-20,low,low,0.6818260152019252,,0.0
2020__2020-08-07,stationary,10-20,low,mid,0.2745490413136345,,0.0
2020__2020-08-07,stationary,10-20,low,high,0.0436249434844402,,0.0
2020__2020-08-07,stationary,10-20,mid,low,0.1574262782138264,,0.0
2020__2020-08-07,stationary,10-20,mid,mid,0.5976976630748082,,0.0
2020__2020-08-07,stationary,10-20,mid,high,0.2448760587113653,,0.0
2020__2020-08-07,stationary,10-20,high,low,0.0111531874004469,,0.0
2020__2020-08-07,stationary,10-20,high,mid,0.1817323008168417,,0.0
2020__2020-08-07,stationary,10-20,high,high,0.8071145117827114,,0.0
2020__2020-08-07,stationary,20-35,low,low,0.6818260152019252,,0.0
2020__2020-08-07,stationary,20-35,low,mid,0.2745490413136345,,0.0
2020__2020-08-07,stationary,20-35,low,high,0.0436249434844402,,0.0
2020__2020-08-07,stationary,20-35,mid,low,0.1574262782138264,,0.0
2020__2020-08-07,stationary,20-35,mid,mid,0.5976976630748082,,0.0
2020__2020-08-07,stationary,20-35,mid,high,0.2448760587113653,,0.0
2020__2020-08-07,stationary,20-35,high,low,0.0111531874004469,,0.0
2020__2020-08-07,stationary,20-35,high,mid,0.1817323008168417,,0.0
2020__2020-08-07,stationary,20-35,high,high,0.8071145117827114,,0.0
2020__2020-08-07,age_banded,0-5,low,low,0.6376002290950744,35624.0,0.0
2020__2020-08-07,age_banded,0-5,low,mid,0.3039268327605956,16981.0,0.0
2020__2020-08-07,age_banded,0-5,low,high,0.0584729381443299,3267.0,0.0
2020__2020-08-07,age_banded,0-5,mid,low,0.138519196780307,6505.0,0.0
2020__2020-08-07,age_banded,0-5,mid,mid,0.5555673857030302,26090.0,0.0
2020__2020-08-07,age_banded,0-5,mid,high,0.3059134175166628,14366.0,0.0
2020__2020-08-07,age_banded,0-5,high,low,0.0136549259826442,535.0,0.0
2020__2020-08-07,age_banded,0-5,high,mid,0.1632210311383359,6395.0,0.0
2020__2020-08-07,age_banded,0-5,high,high,0.8231240428790199,32250.0,0.0
2020__2020-08-07,age_banded,5-10,low,low,0.7519672647151401,7167.0,0.0
2020__2020-08-07,age_banded,5-10,low,mid,0.2312454097156646,2204.0,0.0
2020__2020-08-07,age_banded,5-10,low,high,0.0167873255691952,160.0,0.0
2020__2020-08-07,age_banded,5-10,mid,low,0.1532261821569997,3289.0,0.0
2020__2020-08-07,age_banded,5-10,mid,mid,0.6392732354996506,13722.0,0.0
2020__2020-08-07,age_banded,5-10,mid,high,0.2075005823433496,4454.0,0.0
2020__2020-08-07,age_banded,5-10,high,low,0.007878925291917,278.0,0.0
2020__2020-08-07,age_banded,5-10,high,mid,0.1772191361523636,6253.0,0.0
2020__2020-08-07,age_banded,5-10,high,high,0.8149019385557194,28753.0,0.0
2020__2020-08-07,age_banded,10-20,low,low,0.7810259238830667,8496.0,0.0
2020__2020-08-07,age_banded,10-20,low,mid,0.2087699944842801,2271.0,0.0
2020__2020-08-07,age_banded,10-20,low,high,0.010204081632653,111.0,0.0
2020__2020-08-07,age_banded,10-20,mid,low,0.1821018670333739,3443.0,0.0
2020__2020-08-07,age_banded,10-20,mid,mid,0.6468503728777701,12230.0,0.0
2020__2020-08-07,age_banded,10-20,mid,high,0.1710477600888559,3234.0,0.0
2020__2020-08-07,age_banded,10-20,high,low,0.0101260225514039,229.0,0.0
2020__2020-08-07,age_banded,10-20,high,mid,0.2069865133760778,4681.0,0.0
2020__2020-08-07,age_banded,10-20,high,high,0.7828874640725182,17705.0,0.0
2020__2020-08-07,age_banded,20-35,low,low,0.8039844673307446,4762.0,0.0
2020__2020-08-07,age_banded,20-35,low,mid,0.1879115313185885,1113.0,0.0
2020__2020-08-07,age_banded,20-35,low,high,0.0081040013506668,48.0,0.0
2020__2020-08-07,age_banded,20-35,mid,low,0.2345753507316337,1555.0,0.0
2020__2020-08-07,age_banded,20-35,mid,mid,0.6213606878865591,4119.0,0.0
2020__2020-08-07,age_banded,20-35,mid,high,0.1440639613818072,955.0,0.0
2020__2020-08-07,age_banded,20-35,high,low,0.0181786703601108,105.0,0.0
2020__2020-08-07,age_banded,20-35,high,mid,0.2359764542936288,1363.0,0.0
2020__2020-08-07,age_banded,20-35,high,high,0.7458448753462604,4308.0,0.0
2020__2020-08-08,stationary,0-5,low,low,0.6819260312886879,,0.0
2020__2020-08-08,stationary,0-5,low,mid,0.2747556900956978,,0.0
2020__2020-08-08,stationary,0-5,low,high,0.0433182786156143,,0.0
2020__2020-08-08,stationary,0-5,mid,low,0.1575860412090006,,0.0
2020__2020-08-08,stationary,0-5,mid,mid,0.5973709359701987,,0.0
2020__2020-08-08,stationary,0-5,mid,high,0.2450430228208006,,0.0
2020__2020-08-08,stationary,0-5,high,low,0.0111771384517209,,0.0
2020__2020-08-08,stationary,0-5,high,mid,0.1818418874641452,,0.0
2020__2020-08-08,stationary,0-5,high,high,0.8069809740841339,,0.0
2020__2020-08-08,stationary,5-10,low,low,0.6819260312886879,,0.0
2020__2020-08-08,stationary,5-10,low,mid,0.2747556900956978,,0.0
2020__2020-08-08,stationary,5-10,low,high,0.0433182786156143,,0.0
2020__2020-08-08,stationary,5-10,mid,low,0.1575860412090006,,0.0
2020__2020-08-08,stationary,5-10,mid,mid,0.5973709359701987,,0.0
2020__2020-08-08,stationary,5-10,mid,high,0.2450430228208006,,0.0
2020__2020-08-08,stationary,5-10,high,low,0.0111771384517209,,0.0
2020__2020-08-08,stationary,5-10,high,mid,0.1818418874641452,,0.0
2020__2020-08-08,stationary,5-10,high,high,0.8069809740841339,,0.0
2020__2020-08-08,stationary,10-20,low,low,0.6819260312886879,,0.0
2020__2020-08-08,stationary,10-20,low,mid,0.2747556900956978,,0.0
2020__2020-08-08,stationary,10-20,low,high,0.0433182786156143,,0.0
2020__2020-08-08,stationary,10-20,mid,low,0.1575860412090006,,0.0
2020__2020-08-08,stationary,10-20,mid,mid,0.5973709359701987,,0.0
2020__2020-08-08,stationary,10-20,mid,high,0.2450430228208006,,0.0
2020__2020-08-08,stationary,10-20,high,low,0.0111771384517209,,0.0
2020__2020-08-08,stationary,10-20,high,mid,0.1818418874641452,,0.0
2020__2020-08-08,stationary,10-20,high,high,0.8069809740841339,,0.0
2020__2020-08-08,stationary,20-35,low,low,0.6819260312886879,,0.0
2020__2020-08-08,stationary,20-35,low,mid,0.2747556900956978,,0.0
2020__2020-08-08,stationary,20-35,low,high,0.0433182786156143,,0.0
2020__2020-08-08,stationary,20-35,mid,low,0.1575860412090006,,0.0
2020__2020-08-08,stationary,20-35,mid,mid,0.5973709359701987,,0.0
2020__2020-08-08,stationary,20-35,mid,high,0.2450430228208006,,0.0
2020__2020-08-08,stationary,20-35,high,low,0.0111771384517209,,0.0
2020__2020-08-08,stationary,20-35,high,mid,0.1818418874641452,,0.0
2020__2020-08-08,stationary,20-35,high,high,0.8069809740841339,,0.0
2020__2020-08-08,age_banded,0-5,low,low,0.6375418434384118,35615.0,0.0
2020__2020-08-08,age_banded,0-5,low,mid,0.3042443119775164,16996.0,0.0
2020__2020-08-08,age_banded,0-5,low,high,0.0582138445840717,3252.0,0.0
2020__2020-08-08,age_banded,0-5,mid,low,0.1390643674235957,6516.0,0.0
2020__2020-08-08,age_banded,0-5,mid,mid,0.5543793751067099,25976.0,0.0
2020__2020-08-08,age_banded,0-5,mid,high,0.3065562574696944,14364.0,0.0
2020__2020-08-08,age_banded,0-5,high,low,0.0136317135549872,533.0,0.0
2020__2020-08-08,age_banded,0-5,high,mid,0.1636572890025575,6399.0,0.0
2020__2020-08-08,age_banded,0-5,high,high,0.8227109974424552,32168.0,0.0
2020__2020-08-08,age_banded,5-10,low,low,0.751994960100798,7162.0,0.0
2020__2020-08-08,age_banded,5-10,low,mid,0.2318353632927341,2208.0,0.0
2020__2020-08-08,age_banded,5-10,low,high,0.0161696766064678,154.0,0.0
2020__2020-08-08,age_banded,5-10,mid,low,0.1528695005115803,3287.0,0.0
2020__2020-08-08,age_banded,5-10,mid,mid,0.6396149195423682,13753.0,0.0
2020__2020-08-08,age_banded,5-10,mid,high,0.2075155799460515,4462.0,0.0
2020__2020-08-08,age_banded,5-10,high,low,0.0079434877585179,280.0,0.0
2020__2020-08-08,age_banded,5-10,high,mid,0.1773383642089137,6251.0,0.0
2020__2020-08-08,age_banded,5-10,high,high,0.8147181480325683,28718.0,0.0
2020__2020-08-08,age_banded,10-20,low,low,0.7809261806510774,8516.0,0.0
2020__2020-08-08,age_banded,10-20,low,mid,0.2089867033470885,2279.0,0.0
2020__2020-08-08,age_banded,10-20,low,high,0.010087116001834,110.0,0.0
2020__2020-08-08,age_banded,10-20,mid,low,0.1816076222561457,3450.0,0.0
2020__2020-08-08,age_banded,10-20,mid,mid,0.647049534136969,12292.0,0.0
2020__2020-08-08,age_banded,10-20,mid,high,0.1713428436068853,3255.0,0.0
2020__2020-08-08,age_banded,10-20,high,low,0.0101210121012101,230.0,0.0
2020__2020-08-08,age_banded,10-20,high,mid,0.2064246424642464,4691.0,0.0
2020__2020-08-08,age_banded,10-20,high,high,0.7834543454345435,17804.0,0.0
2020__2020-08-08,age_banded,20-35,low,low,0.8047962435015932,4799.0,0.0
2020__2020-08-08,age_banded,20-35,low,mid,0.1873218178769076,1117.0,0.0
2020__2020-08-08,age_banded,20-35,low,high,0.0078819386214992,47.0,0.0
2020__2020-08-08,age_banded,20-35,mid,low,0.2347629796839729,1560.0,0.0
2020__2020-08-08,age_banded,20-35,mid,mid,0.6218209179834462,4132.0,0.0
2020__2020-08-08,age_banded,20-35,mid,high,0.1434161023325809,953.0,0.0
2020__2020-08-08,age_banded,20-35,high,low,0.0183564933950934,107.0,0.0
2020__2020-08-08,age_banded,20-35,high,mid,0.2352032938754503,1371.0,0.0
2020__2020-08-08,age_banded,20-35,high,high,0.7464402127294562,4351.0,0.0
2020__2020-08-12,stationary,0-5,low,low,0.6812369437876237,,0.0
2020__2020-08-12,stationary,0-5,low,mid,0.2751170626840027,,0.0
2020__2020-08-12,stationary,0-5,low,high,0.0436459935283736,,0.0
2020__2020-08-12,stationary,0-5,mid,low,0.1576919737236159,,0.0
2020__2020-08-12,stationary,0-5,mid,mid,0.5972383924410207,,0.0
2020__2020-08-12,stationary,0-5,mid,high,0.2450696338353632,,0.0
2020__2020-08-12,stationary,0-5,high,low,0.0112547718191786,,0.0
2020__2020-08-12,stationary,0-5,high,mid,0.1816554831583329,,0.0
2020__2020-08-12,stationary,0-5,high,high,0.8070897450224885,,0.0
2020__2020-08-12,stationary,5-10,low,low,0.6812369437876237,,0.0
2020__2020-08-12,stationary,5-10,low,mid,0.2751170626840027,,0.0
2020__2020-08-12,stationary,5-10,low,high,0.0436459935283736,,0.0
2020__2020-08-12,stationary,5-10,mid,low,0.1576919737236159,,0.0
2020__2020-08-12,stationary,5-10,mid,mid,0.5972383924410207,,0.0
2020__2020-08-12,stationary,5-10,mid,high,0.2450696338353632,,0.0
2020__2020-08-12,stationary,5-10,high,low,0.0112547718191786,,0.0
2020__2020-08-12,stationary,5-10,high,mid,0.1816554831583329,,0.0
2020__2020-08-12,stationary,5-10,high,high,0.8070897450224885,,0.0
2020__2020-08-12,stationary,10-20,low,low,0.6812369437876237,,0.0
2020__2020-08-12,stationary,10-20,low,mid,0.2751170626840027,,0.0
2020__2020-08-12,stationary,10-20,low,high,0.0436459935283736,,0.0
2020__2020-08-12,stationary,10-20,mid,low,0.1576919737236159,,0.0
2020__2020-08-12,stationary,10-20,mid,mid,0.5972383924410207,,0.0
2020__2020-08-12,stationary,10-20,mid,high,0.2450696338353632,,0.0
2020__2020-08-12,stationary,10-20,high,low,0.0112547718191786,,0.0
2020__2020-08-12,stationary,10-20,high,mid,0.1816554831583329,,0.0
2020__2020-08-12,stationary,10-20,high,high,0.8070897450224885,,0.0
2020__2020-08-12,stationary,20-35,low,low,0.6812369437876237,,0.0
2020__2020-08-12,stationary,20-35,low,mid,0.2751170626840027,,0.0
2020__2020-08-12,stationary,20-35,low,high,0.0436459935283736,,0.0
2020__2020-08-12,stationary,20-35,mid,low,0.1576919737236159,,0.0
2020__2020-08-12,stationary,20-35,mid,mid,0.5972383924410207,,0.0
2020__2020-08-12,stationary,20-35,mid,high,0.2450696338353632,,0.0
2020__2020-08-12,stationary,20-35,high,low,0.0112547718191786,,0.0
2020__2020-08-12,stationary,20-35,high,mid,0.1816554831583329,,0.0
2020__2020-08-12,stationary,20-35,high,high,0.8070897450224885,,0.0
2020__2020-08-12,age_banded,0-5,low,low,0.6371575311823339,35605.0,0.0
2020__2020-08-12,age_banded,0-5,low,mid,0.3043252626116211,17006.0,0.0
2020__2020-08-12,age_banded,0-5,low,high,0.0585172062060449,3270.0,0.0
2020__2020-08-12,age_banded,0-5,mid,low,0.1386136508611524,6519.0,0.0
2020__2020-08-12,age_banded,0-5,mid,mid,0.5554539655539018,26123.0,0.0
2020__2020-08-12,age_banded,0-5,mid,high,0.3059323835849458,14388.0,0.0
2020__2020-08-12,age_banded,0-5,high,low,0.0137832456991168,540.0,0.0
2020__2020-08-12,age_banded,0-5,high,mid,0.1634846087089693,6405.0,0.0
2020__2020-08-12,age_banded,0-5,high,high,0.8227321455919139,32233.0,0.0
2020__2020-08-12,age_banded,5-10,low,low,0.7503412073490814,7147.0,0.0
2020__2020-08-12,age_banded,5-10,low,mid,0.2325459317585302,2215.0,0.0
2020__2020-08-12,age_banded,5-10,low,high,0.0171128608923884,163.0,0.0
2020__2020-08-12,age_banded,5-10,mid,low,0.1528158861554201,3286.0,0.0
2020__2020-08-12,age_banded,5-10,mid,mid,0.6390736176347487,13742.0,0.0
2020__2020-08-12,age_banded,5-10,mid,high,0.2081104962098312,4475.0,0.0
2020__2020-08-12,age_banded,5-10,high,low,0.0080034057045551,282.0,0.0
2020__2020-08-12,age_banded,5-10,high,mid,0.1770114942528735,6237.0,0.0
2020__2020-08-12,age_banded,5-10,high,high,0.8149851000425713,28716.0,0.0
2020__2020-08-12,age_banded,10-20,low,low,0.7802147380012847,8502.0,0.0
2020__2020-08-12,age_banded,10-20,low,mid,0.2097825089474167,2286.0,0.0
2020__2020-08-12,age_banded,10-20,low,high,0.0100027530512985,109.0,0.0
2020__2020-08-12,age_banded,10-20,mid,low,0.1832530056670727,3460.0,0.0
2020__2020-08-12,age_banded,10-20,mid,mid,0.6456755468460357,12191.0,0.0
2020__2020-08-12,age_banded,10-20,mid,high,0.1710714474868916,3230.0,0.0
2020__2020-08-12,age_banded,10-20,high,low,0.010184287099903,231.0,0.0
2020__2020-08-12,age_banded,10-20,high,mid,0.2065514504893748,4685.0,0.0
2020__2020-08-12,age_banded,10-20,high,high,0.7832642624107221,17766.0,0.0
2020__2020-08-12,age_banded,20-35,low,low,0.8032924575844113,4782.0,0.0
2020__2020-08-12,age_banded,20-35,low,mid,0.1886443809843776,1123.0,0.0
2020__2020-08-12,age_banded,20-35,low,high,0.0080631614312111,48.0,0.0
2020__2020-08-12,age_banded,20-35,mid,low,0.2359499773994274,1566.0,0.0
2020__2020-08-12,age_banded,20-35,mid,mid,0.6200090402290191,4115.0,0.0
2020__2020-08-12,age_banded,20-35,mid,high,0.1440409823715534,956.0,0.0
2020__2020-08-12,age_banded,20-35,high,low,0.0180754002410053,105.0,0.0
2020__2020-08-12,age_banded,20-35,high,mid,0.2351523498020313,1366.0,0.0
2020__2020-08-12,age_banded,20-35,high,high,0.7467722499569633,4338.0,0.0
2020__2020-08-16,stationary,0-5,low,low,0.6813218301947082,,0.0
2020__2020-08-16,stationary,0-5,low,mid,0.2751620849954131,,0.0
2020__2020-08-16,stationary,0-5,low,high,0.0435160848098786,,0.0
2020__2020-08-16,stationary,0-5,mid,low,0.1576907197164332,,0.0
2020__2020-08-16,stationary,0-5,mid,mid,0.5974174658207262,,0.0
2020__2020-08-16,stationary,0-5,mid,high,0.2448918144628404,,0.0
2020__2020-08-16,stationary,0-5,high,low,0.0112706956977947,,0.0
2020__2020-08-16,stationary,0-5,high,mid,0.1812932436677373,,0.0
2020__2020-08-16,stationary,0-5,high,high,0.807436060634468,,0.0
2020__2020-08-16,stationary,5-10,low,low,0.6813218301947082,,0.0
2020__2020-08-16,stationary,5-10,low,mid,0.2751620849954131,,0.0
2020__2020-08-16,stationary,5-10,low,high,0.0435160848098786,,0.0
2020__2020-08-16,stationary,5-10,mid,low,0.1576907197164332,,0.0
2020__2020-08-16,stationary,5-10,mid,mid,0.5974174658207262,,0.0
2020__2020-08-16,stationary,5-10,mid,high,0.2448918144628404,,0.0
2020__2020-08-16,stationary,5-10,high,low,0.0112706956977947,,0.0
2020__2020-08-16,stationary,5-10,high,mid,0.1812932436677373,,0.0
2020__2020-08-16,stationary,5-10,high,high,0.807436060634468,,0.0
2020__2020-08-16,stationary,10-20,low,low,0.6813218301947082,,0.0
2020__2020-08-16,stationary,10-20,low,mid,0.2751620849954131,,0.0
2020__2020-08-16,stationary,10-20,low,high,0.0435160848098786,,0.0
2020__2020-08-16,stationary,10-20,mid,low,0.1576907197164332,,0.0
2020__2020-08-16,stationary,10-20,mid,mid,0.5974174658207262,,0.0
2020__2020-08-16,stationary,10-20,mid,high,0.2448918144628404,,0.0
2020__2020-08-16,stationary,10-20,high,low,0.0112706956977947,,0.0
2020__2020-08-16,stationary,10-20,high,mid,0.1812932436677373,,0.0
2020__2020-08-16,stationary,10-20,high,high,0.807436060634468,,0.0
2020__2020-08-16,stationary,20-35,low,low,0.6813218301947082,,0.0
2020__2020-08-16,stationary,20-35,low,mid,0.2751620849954131,,0.0
2020__2020-08-16,stationary,20-35,low,high,0.0435160848098786,,0.0
2020__2020-08-16,stationary,20-35,mid,low,0.1576907197164332,,0.0
2020__2020-08-16,stationary,20-35,mid,mid,0.5974174658207262,,0.0
2020__2020-08-16,stationary,20-35,mid,high,0.2448918144628404,,0.0
2020__2020-08-16,stationary,20-35,high,low,0.0112706956977947,,0.0
2020__2020-08-16,stationary,20-35,high,mid,0.1812932436677373,,0.0
2020__2020-08-16,stationary,20-35,high,high,0.807436060634468,,0.0
2020__2020-08-16,age_banded,0-5,low,low,0.6375603733159022,35113.0,0.0
2020__2020-08-16,age_banded,0-5,low,mid,0.3041725678178451,16752.0,0.0
2020__2020-08-16,age_banded,0-5,low,high,0.0582670588662526,3209.0,0.0
2020__2020-08-16,age_banded,0-5,mid,low,0.1392796179857825,6446.0,0.0
2020__2020-08-16,age_banded,0-5,mid,mid,0.5557140079082129,25719.0,0.0
2020__2020-08-16,age_banded,0-5,mid,high,0.3050063741060046,14116.0,0.0
2020__2020-08-16,age_banded,0-5,high,low,0.0139159838730654,535.0,0.0
2020__2020-08-16,age_banded,0-5,high,mid,0.1629860840161269,6266.0,0.0
2020__2020-08-16,age_banded,0-5,high,high,0.8230979321108076,31644.0,0.0
2020__2020-08-16,age_banded,5-10,low,low,0.7513340448239061,7040.0,0.0
2020__2020-08-16,age_banded,5-10,low,mid,0.232017075773746,2174.0,0.0
2020__2020-08-16,age_banded,5-10,low,high,0.0166488794023479,156.0,0.0
2020__2020-08-16,age_banded,5-10,mid,low,0.1535283502706809,3233.0,0.0
2020__2020-08-16,age_banded,5-10,mid,mid,0.6385221768449045,13446.0,0.0
2020__2020-08-16,age_banded,5-10,mid,high,0.2079494728844144,4379.0,0.0
2020__2020-08-16,age_banded,5-10,high,low,0.0079166306819817,275.0,0.0
2020__2020-08-16,age_banded,5-10,high,mid,0.1768143478135705,6142.0,0.0
2020__2020-08-16,age_banded,5-10,high,high,0.8152690215044477,28320.0,0.0
2020__2020-08-16,age_banded,10-20,low,low,0.7804624823029731,8269.0,0.0
2020__2020-08-16,age_banded,10-20,low,mid,0.2096271826333176,2221.0,0.0
2020__2020-08-16,age_banded,10-20,low,high,0.0099103350637092,105.0,0.0
2020__2020-08-16,age_banded,10-20,mid,low,0.1810247292710522,3360.0,0.0
2020__2020-08-16,age_banded,10-20,mid,mid,0.6468401486988847,12006.0,0.0
2020__2020-08-16,age_banded,10-20,mid,high,0.172135122030063,3195.0,0.0
2020__2020-08-16,age_banded,10-20,high,low,0.0103793843951324,232.0,0.0
2020__2020-08-16,age_banded,10-20,high,mid,0.2057534001431639,4599.0,0.0
2020__2020-08-16,age_banded,10-20,high,high,0.7838672154617037,17521.0,0.0
2020__2020-08-16,age_banded,20-35,low,low,0.8025137741046832,4661.0,0.0
2020__2020-08-16,age_banded,20-35,low,mid,0.1892217630853994,1099.0,0.0
2020__2020-08-16,age_banded,20-35,low,high,0.0082644628099173,48.0,0.0
2020__2020-08-16,age_banded,20-35,mid,low,0.2351322427763339,1538.0,0.0
2020__2020-08-16,age_banded,20-35,mid,mid,0.6199357896346125,4055.0,0.0
2020__2020-08-16,age_banded,20-35,mid,high,0.1449319675890536,948.0,0.0
2020__2020-08-16,age_banded,20-35,high,low,0.0172265288544358,100.0,0.0
2020__2020-08-16,age_banded,20-35,high,mid,0.2351421188630491,1365.0,0.0
2020__2020-08-16,age_banded,20-35,high,high,0.7476313522825151,4340.0,0.0
2020__2020-08-22,stationary,0-5,low,low,0.6816020278833966,,0.0
2020__2020-08-22,stationary,0-5,low,mid,0.2748613434727503,,0.0
2020__2020-08-22,stationary,0-5,low,high,0.0435366286438529,,0.0
2020__2020-08-22,stationary,0-5,mid,low,0.1575456758860758,,0.0
2020__2020-08-22,stationary,0-5,mid,mid,0.5977684738411013,,0.0
2020__2020-08-22,stationary,0-5,mid,high,0.2446858502728228,,0.0
2020__2020-08-22,stationary,0-5,high,low,0.0111493934490226,,0.0
2020__2020-08-22,stationary,0-5,high,mid,0.1817190767531178,,0.0
2020__2020-08-22,stationary,0-5,high,high,0.8071315297978596,,0.0
2020__2020-08-22,stationary,5-10,low,low,0.6816020278833966,,0.0
2020__2020-08-22,stationary,5-10,low,mid,0.2748613434727503,,0.0
2020__2020-08-22,stationary,5-10,low,high,0.0435366286438529,,0.0
2020__2020-08-22,stationary,5-10,mid,low,0.1575456758860758,,0.0
2020__2020-08-22,stationary,5-10,mid,mid,0.5977684738411013,,0.0
2020__2020-08-22,stationary,5-10,mid,high,0.2446858502728228,,0.0
2020__2020-08-22,stationary,5-10,high,low,0.0111493934490226,,0.0
2020__2020-08-22,stationary,5-10,high,mid,0.1817190767531178,,0.0
2020__2020-08-22,stationary,5-10,high,high,0.8071315297978596,,0.0
2020__2020-08-22,stationary,10-20,low,low,0.6816020278833966,,0.0
2020__2020-08-22,stationary,10-20,low,mid,0.2748613434727503,,0.0
2020__2020-08-22,stationary,10-20,low,high,0.0435366286438529,,0.0
2020__2020-08-22,stationary,10-20,mid,low,0.1575456758860758,,0.0
2020__2020-08-22,stationary,10-20,mid,mid,0.5977684738411013,,0.0
2020__2020-08-22,stationary,10-20,mid,high,0.2446858502728228,,0.0
2020__2020-08-22,stationary,10-20,high,low,0.0111493934490226,,0.0
2020__2020-08-22,stationary,10-20,high,mid,0.1817190767531178,,0.0
2020__2020-08-22,stationary,10-20,high,high,0.8071315297978596,,0.0
2020__2020-08-22,stationary,20-35,low,low,0.6816020278833966,,0.0
2020__2020-08-22,stationary,20-35,low,mid,0.2748613434727503,,0.0
2020__2020-08-22,stationary,20-35,low,high,0.0435366286438529,,0.0
2020__2020-08-22,stationary,20-35,mid,low,0.1575456758860758,,0.0
2020__2020-08-22,stationary,20-35,mid,mid,0.5977684738411013,,0.0
2020__2020-08-22,stationary,20-35,mid,high,0.2446858502728228,,0.0
2020__2020-08-22,stationary,20-35,high,low,0.0111493934490226,,0.0
2020__2020-08-22,stationary,20-35,high,mid,0.1817190767531178,,0.0
2020__2020-08-22,stationary,20-35,high,high,0.8071315297978596,,0.0
2020__2020-08-22,age_banded,0-5,low,low,0.6372861335815019,35609.0,0.0
2020__2020-08-22,age_banded,0-5,low,mid,0.3043882883527811,17008.0,0.0
2020__2020-08-22,age_banded,0-5,low,high,0.0583255780657169,3259.0,0.0
2020__2020-08-22,age_banded,0-5,mid,low,0.1388314539679833,6513.0,0.0
2020__2020-08-22,age_banded,0-5,mid,mid,0.555709504828086,26070.0,0.0
2020__2020-08-22,age_banded,0-5,mid,high,0.3054590412039307,14330.0,0.0
2020__2020-08-22,age_banded,0-5,high,low,0.0136635791412926,534.0,0.0
2020__2020-08-22,age_banded,0-5,high,mid,0.163604728519523,6394.0,0.0
2020__2020-08-22,age_banded,0-5,high,high,0.8227316923391843,32154.0,0.0
2020__2020-08-22,age_banded,5-10,low,low,0.7523070469798657,7174.0,0.0
2020__2020-08-22,age_banded,5-10,low,mid,0.2310192953020134,2203.0,0.0
2020__2020-08-22,age_banded,5-10,low,high,0.0166736577181208,159.0,0.0
2020__2020-08-22,age_banded,5-10,mid,low,0.1532880662263975,3296.0,0.0
2020__2020-08-22,age_banded,5-10,mid,mid,0.63933587573249,13747.0,0.0
2020__2020-08-22,age_banded,5-10,mid,high,0.2073760580411124,4459.0,0.0
2020__2020-08-22,age_banded,5-10,high,low,0.0079274876399386,279.0,0.0
2020__2020-08-22,age_banded,5-10,high,mid,0.1771608796954026,6235.0,0.0
2020__2020-08-22,age_banded,5-10,high,high,0.8149116326646587,28680.0,0.0
2020__2020-08-22,age_banded,10-20,low,low,0.7802946593001842,8474.0,0.0
2020__2020-08-22,age_banded,10-20,low,mid,0.2093922651933701,2274.0,0.0
2020__2020-08-22,age_banded,10-20,low,high,0.0103130755064456,112.0,0.0
2020__2020-08-22,age_banded,10-20,mid,low,0.1817941952506596,3445.0,0.0
2020__2020-08-22,age_banded,10-20,mid,mid,0.6468073878627968,12257.0,0.0
2020__2020-08-22,age_banded,10-20,mid,high,0.1713984168865435,3248.0,0.0
2020__2020-08-22,age_banded,10-20,high,low,0.0100708034654118,229.0,0.0
2020__2020-08-22,age_banded,10-20,high,mid,0.2060336866177052,4685.0,0.0
2020__2020-08-22,age_banded,10-20,high,high,0.7838955099168828,17825.0,0.0
2020__2020-08-22,age_banded,20-35,low,low,0.8050718512256974,4762.0,0.0
2020__2020-08-22,age_banded,20-35,low,mid,0.1868131868131868,1105.0,0.0
2020__2020-08-22,age_banded,20-35,low,high,0.0081149619611158,48.0,0.0
2020__2020-08-22,age_banded,20-35,mid,low,0.2345567134873886,1553.0,0.0
2020__2020-08-22,age_banded,20-35,mid,mid,0.6204500830690228,4108.0,0.0
2020__2020-08-22,age_banded,20-35,mid,high,0.1449932034435885,960.0,0.0
2020__2020-08-22,age_banded,20-35,high,low,0.0178723404255319,105.0,0.0
2020__2020-08-22,age_banded,20-35,high,mid,0.2354042553191489,1383.0,0.0
2020__2020-08-22,age_banded,20-35,high,high,0.7467234042553191,4387.0,0.0
2020__2020-08-26,stationary,0-5,low,low,0.6818990471901542,,0.0
2020__2020-08-26,stationary,0-5,low,mid,0.2748421281110347,,0.0
2020__2020-08-26,stationary,0-5,low,high,0.043258824698811,,0.0
2020__2020-08-26,stationary,0-5,mid,low,0.1574683472465341,,0.0
2020__2020-08-26,stationary,0-5,mid,mid,0.5977426740657582,,0.0
2020__2020-08-26,stationary,0-5,mid,high,0.2447889786877076,,0.0
2020__2020-08-26,stationary,0-5,high,low,0.0112489894055679,,0.0
2020__2020-08-26,stationary,0-5,high,mid,0.1813496519018617,,0.0
2020__2020-08-26,stationary,0-5,high,high,0.8074013586925703,,0.0
2020__2020-08-26,stationary,5-10,low,low,0.6818990471901542,,0.0
2020__2020-08-26,stationary,5-10,low,mid,0.2748421281110347,,0.0
2020__2020-08-26,stationary,5-10,low,high,0.043258824698811,,0.0
2020__2020-08-26,stationary,5-10,mid,low,0.1574683472465341,,0.0
2020__2020-08-26,stationary,5-10,mid,mid,0.5977426740657582,,0.0
2020__2020-08-26,stationary,5-10,mid,high,0.2447889786877076,,0.0
2020__2020-08-26,stationary,5-10,high,low,0.0112489894055679,,0.0
2020__2020-08-26,stationary,5-10,high,mid,0.1813496519018617,,0.0
2020__2020-08-26,stationary,5-10,high,high,0.8074013586925703,,0.0
2020__2020-08-26,stationary,10-20,low,low,0.6818990471901542,,0.0
2020__2020-08-26,stationary,10-20,low,mid,0.2748421281110347,,0.0
2020__2020-08-26,stationary,10-20,low,high,0.043258824698811,,0.0
2020__2020-08-26,stationary,10-20,mid,low,0.1574683472465341,,0.0
2020__2020-08-26,stationary,10-20,mid,mid,0.5977426740657582,,0.0
2020__2020-08-26,stationary,10-20,mid,high,0.2447889786877076,,0.0
2020__2020-08-26,stationary,10-20,high,low,0.0112489894055679,,0.0
2020__2020-08-26,stationary,10-20,high,mid,0.1813496519018617,,0.0
2020__2020-08-26,stationary,10-20,high,high,0.8074013586925703,,0.0
2020__2020-08-26,stationary,20-35,low,low,0.6818990471901542,,0.0
2020__2020-08-26,stationary,20-35,low,mid,0.2748421281110347,,0.0
2020__2020-08-26,stationary,20-35,low,high,0.043258824698811,,0.0
2020__2020-08-26,stationary,20-35,mid,low,0.1574683472465341,,0.0
2020__2020-08-26,stationary,20-35,mid,mid,0.5977426740657582,,0.0
2020__2020-08-26,stationary,20-35,mid,high,0.2447889786877076,,0.0
2020__2020-08-26,stationary,20-35,high,low,0.0112489894055679,,0.0
2020__2020-08-26,stationary,20-35,high,mid,0.1813496519018617,,0.0
2020__2020-08-26,stationary,20-35,high,high,0.8074013586925703,,0.0
2020__2020-08-26,age_banded,0-5,low,low,0.6373187041718209,35549.0,0.0
2020__2020-08-26,age_banded,0-5,low,mid,0.3045949192348375,16990.0,0.0
2020__2020-08-26,age_banded,0-5,low,high,0.0580863765933415,3240.0,0.0
2020__2020-08-26,age_banded,0-5,mid,low,0.1386943658074541,6516.0,0.0
2020__2020-08-26,age_banded,0-5,mid,mid,0.5553308784402206,26090.0,0.0
2020__2020-08-26,age_banded,0-5,mid,high,0.3059747557523254,14375.0,0.0
2020__2020-08-26,age_banded,0-5,high,low,0.0138070081412857,541.0,0.0
2020__2020-08-26,age_banded,0-5,high,mid,0.1631830130413699,6394.0,0.0
2020__2020-08-26,age_banded,0-5,high,high,0.8230099788173443,32248.0,0.0
2020__2020-08-26,age_banded,5-10,low,low,0.7526757607555089,7173.0,0.0
2020__2020-08-26,age_banded,5-10,low,mid,0.2310598111227702,2202.0,0.0
2020__2020-08-26,age_banded,5-10,low,high,0.0162644281217208,155.0,0.0
2020__2020-08-26,age_banded,5-10,mid,low,0.1528644620400558,3282.0,0.0
2020__2020-08-26,age_banded,5-10,mid,mid,0.639869585468095,13738.0,0.0
2020__2020-08-26,age_banded,5-10,mid,high,0.2072659524918491,4450.0,0.0
2020__2020-08-26,age_banded,5-10,high,low,0.0079668849763261,281.0,0.0
2020__2020-08-26,age_banded,5-10,high,mid,0.1763771937285588,6221.0,0.0
2020__2020-08-26,age_banded,5-10,high,high,0.815655921295115,28769.0,0.0
2020__2020-08-26,age_banded,10-20,low,low,0.7807565185457216,8504.0,0.0
2020__2020-08-26,age_banded,10-20,low,mid,0.2090525156077855,2277.0,0.0
2020__2020-08-26,age_banded,10-20,low,high,0.0101909658464928,111.0,0.0
2020__2020-08-26,age_banded,10-20,mid,low,0.182240769108869,3450.0,0.0
2020__2020-08-26,age_banded,10-20,mid,mid,0.6471924356874967,12252.0,0.0
2020__2020-08-26,age_banded,10-20,mid,high,0.1705667952036342,3229.0,0.0
2020__2020-08-26,age_banded,10-20,high,low,0.0101278138958913,229.0,0.0
2020__2020-08-26,age_banded,10-20,high,mid,0.2067577727654681,4675.0,0.0
2020__2020-08-26,age_banded,10-20,high,high,0.7831144133386405,17707.0,0.0
2020__2020-08-26,age_banded,20-35,low,low,0.8053364658499749,4799.0,0.0
2020__2020-08-26,age_banded,20-35,low,mid,0.1866084913576103,1112.0,0.0
2020__2020-08-26,age_banded,20-35,low,high,0.0080550427924148,48.0,0.0
2020__2020-08-26,age_banded,20-35,mid,low,0.2350978310329137,1550.0,0.0
2020__2020-08-26,age_banded,20-35,mid,mid,0.6208099499469134,4093.0,0.0
2020__2020-08-26,age_banded,20-35,mid,high,0.1440922190201729,950.0,0.0
2020__2020-08-26,age_banded,20-35,high,low,0.0182664139238325,106.0,0.0
2020__2020-08-26,age_banded,20-35,high,mid,0.2352231604342581,1365.0,0.0
2020__2020-08-26,age_banded,20-35,high,high,0.7465104256419094,4332.0,0.0
2020__2020-08-30,stationary,0-5,low,low,0.6821040453384222,,0.0
2020__2020-08-30,stationary,0-5,low,mid,0.2745523077841525,,0.0
2020__2020-08-30,stationary,0-5,low,high,0.0433436468774252,,0.0
2020__2020-08-30,stationary,0-5,mid,low,0.157452406050941,,0.0
2020__2020-08-30,stationary,0-5,mid,mid,0.5977583768053265,,0.0
2020__2020-08-30,stationary,0-5,mid,high,0.2447892171437324,,0.0
2020__2020-08-30,stationary,0-5,high,low,0.0111712992910743,,0.0
2020__2020-08-30,stationary,0-5,high,mid,0.1811949520936104,,0.0
2020__2020-08-30,stationary,0-5,high,high,0.8076337486153152,,0.0
2020__2020-08-30,stationary,5-10,low,low,0.6821040453384222,,0.0
2020__2020-08-30,stationary,5-10,low,mid,0.2745523077841525,,0.0
2020__2020-08-30,stationary,5-10,low,high,0.0433436468774252,,0.0
2020__2020-08-30,stationary,5-10,mid,low,0.157452406050941,,0.0
2020__2020-08-30,stationary,5-10,mid,mid,0.5977583768053265,,0.0
2020__2020-08-30,stationary,5-10,mid,high,0.2447892171437324,,0.0
2020__2020-08-30,stationary,5-10,high,low,0.0111712992910743,,0.0
2020__2020-08-30,stationary,5-10,high,mid,0.1811949520936104,,0.0
2020__2020-08-30,stationary,5-10,high,high,0.8076337486153152,,0.0
2020__2020-08-30,stationary,10-20,low,low,0.6821040453384222,,0.0
2020__2020-08-30,stationary,10-20,low,mid,0.2745523077841525,,0.0
2020__2020-08-30,stationary,10-20,low,high,0.0433436468774252,,0.0
2020__2020-08-30,stationary,10-20,mid,low,0.157452406050941,,0.0
2020__2020-08-30,stationary,10-20,mid,mid,0.5977583768053265,,0.0
2020__2020-08-30,stationary,10-20,mid,high,0.2447892171437324,,0.0
2020__2020-08-30,stationary,10-20,high,low,0.0111712992910743,,0.0
2020__2020-08-30,stationary,10-20,high,mid,0.1811949520936104,,0.0
2020__2020-08-30,stationary,10-20,high,high,0.8076337486153152,,0.0
2020__2020-08-30,stationary,20-35,low,low,0.6821040453384222,,0.0
2020__2020-08-30,stationary,20-35,low,mid,0.2745523077841525,,0.0
2020__2020-08-30,stationary,20-35,low,high,0.0433436468774252,,0.0
2020__2020-08-30,stationary,20-35,mid,low,0.157452406050941,,0.0
2020__2020-08-30,stationary,20-35,mid,mid,0.5977583768053265,,0.0
2020__2020-08-30,stationary,20-35,mid,high,0.2447892171437324,,0.0
2020__2020-08-30,stationary,20-35,high,low,0.0111712992910743,,0.0
2020__2020-08-30,stationary,20-35,high,mid,0.1811949520936104,,0.0
2020__2020-08-30,stationary,20-35,high,high,0.8076337486153152,,0.0
2020__2020-08-30,age_banded,0-5,low,low,0.6374693209708209,35064.0,0.0
2020__2020-08-30,age_banded,0-5,low,mid,0.304372329788201,16742.0,0.0
2020__2020-08-30,age_banded,0-5,low,high,0.058158349240978,3199.0,0.0
2020__2020-08-30,age_banded,0-5,mid,low,0.1391480905477795,6442.0,0.0
2020__2020-08-30,age_banded,0-5,mid,mid,0.5553179540349058,25709.0,0.0
2020__2020-08-30,age_banded,0-5,mid,high,0.3055339554173146,14145.0,0.0
2020__2020-08-30,age_banded,0-5,high,low,0.0137898856891054,532.0,0.0
2020__2020-08-30,age_banded,0-5,high,mid,0.1626273361155032,6274.0,0.0
2020__2020-08-30,age_banded,0-5,high,high,0.8235827781953913,31773.0,0.0
2020__2020-08-30,age_banded,5-10,low,low,0.752532252905427,7058.0,0.0
2020__2020-08-30,age_banded,5-10,low,mid,0.2310480861499093,2167.0,0.0
2020__2020-08-30,age_banded,5-10,low,high,0.0164196609446636,154.0,0.0
2020__2020-08-30,age_banded,5-10,mid,low,0.1524678517397882,3225.0,0.0
2020__2020-08-30,age_banded,5-10,mid,mid,0.6397031013615734,13531.0,0.0
2020__2020-08-30,age_banded,5-10,mid,high,0.2078290468986384,4396.0,0.0
2020__2020-08-30,age_banded,5-10,high,low,0.0080405775382575,279.0,0.0
2020__2020-08-30,age_banded,5-10,high,mid,0.1771232600363123,6146.0,0.0
2020__2020-08-30,age_banded,5-10,high,high,0.8148361624254301,28274.0,0.0
2020__2020-08-30,age_banded,10-20,low,low,0.779923500326523,8360.0,0.0
2020__2020-08-30,age_banded,10-20,low,mid,0.2098143483533911,2249.0,0.0
2020__2020-08-30,age_banded,10-20,low,high,0.0102621513200858,110.0,0.0
2020__2020-08-30,age_banded,10-20,mid,low,0.1825469414106633,3393.0,0.0
2020__2020-08-30,age_banded,10-20,mid,mid,0.6466347447140475,12019.0,0.0
2020__2020-08-30,age_banded,10-20,mid,high,0.1708183138752891,3175.0,0.0
2020__2020-08-30,age_banded,10-20,high,low,0.0100044863167339,223.0,0.0
2020__2020-08-30,age_banded,10-20,high,mid,0.2058322117541498,4588.0,0.0
2020__2020-08-30,age_banded,10-20,high,high,0.7841633019291162,17479.0,0.0
2020__2020-08-30,age_banded,20-35,low,low,0.8094912939569819,4742.0,0.0
2020__2020-08-30,age_banded,20-35,low,mid,0.1826561966541481,1070.0,0.0
2020__2020-08-30,age_banded,20-35,low,high,0.0078525093888699,46.0,0.0
2020__2020-08-30,age_banded,20-35,mid,low,0.232770636518507,1503.0,0.0
2020__2020-08-30,age_banded,20-35,mid,mid,0.6239739817252594,4029.0,0.0
2020__2020-08-30,age_banded,20-35,mid,high,0.1432553817562335,925.0,0.0
2020__2020-08-30,age_banded,20-35,high,low,0.0170534458509142,97.0,0.0
2020__2020-08-30,age_banded,20-35,high,mid,0.235407876230661,1339.0,0.0
2020__2020-08-30,age_banded,20-35,high,high,0.7475386779184248,4252.0,0.0
2020__2020-09-05,stationary,0-5,low,low,0.6822054954839835,,0.0
2020__2020-09-05,stationary,0-5,low,mid,0.2742610385316709,,0.0
2020__2020-09-05,stationary,0-5,low,high,0.0435334659843455,,0.0
2020__2020-09-05,stationary,0-5,mid,low,0.1572697666420242,,0.0
2020__2020-09-05,stationary,0-5,mid,mid,0.5979818071902551,,0.0
2020__2020-09-05,stationary,0-5,mid,high,0.2447484261677206,,0.0
2020__2020-09-05,stationary,0-5,high,low,0.0111751836755844,,0.0
2020__2020-09-05,stationary,0-5,high,mid,0.1817517881751302,,0.0
2020__2020-09-05,stationary,0-5,high,high,0.8070730281492854,,0.0
2020__2020-09-05,stationary,5-10,low,low,0.6822054954839835,,0.0
2020__2020-09-05,stationary,5-10,low,mid,0.2742610385316709,,0.0
2020__2020-09-05,stationary,5-10,low,high,0.0435334659843455,,0.0
2020__2020-09-05,stationary,5-10,mid,low,0.1572697666420242,,0.0
2020__2020-09-05,stationary,5-10,mid,mid,0.5979818071902551,,0.0
2020__2020-09-05,stationary,5-10,mid,high,0.2447484261677206,,0.0
2020__2020-09-05,stationary,5-10,high,low,0.0111751836755844,,0.0
2020__2020-09-05,stationary,5-10,high,mid,0.1817517881751302,,0.0
2020__2020-09-05,stationary,5-10,high,high,0.8070730281492854,,0.0
2020__2020-09-05,stationary,10-20,low,low,0.6822054954839835,,0.0
2020__2020-09-05,stationary,10-20,low,mid,0.2742610385316709,,0.0
2020__2020-09-05,stationary,10-20,low,high,0.0435334659843455,,0.0
2020__2020-09-05,stationary,10-20,mid,low,0.1572697666420242,,0.0
2020__2020-09-05,stationary,10-20,mid,mid,0.5979818071902551,,0.0
2020__2020-09-05,stationary,10-20,mid,high,0.2447484261677206,,0.0
2020__2020-09-05,stationary,10-20,high,low,0.0111751836755844,,0.0
2020__2020-09-05,stationary,10-20,high,mid,0.1817517881751302,,0.0
2020__2020-09-05,stationary,10-20,high,high,0.8070730281492854,,0.0
2020__2020-09-05,stationary,20-35,low,low,0.6822054954839835,,0.0
2020__2020-09-05,stationary,20-35,low,mid,0.2742610385316709,,0.0
2020__2020-09-05,stationary,20-35,low,high,0.0435334659843455,,0.0
2020__2020-09-05,stationary,20-35,mid,low,0.1572697666420242,,0.0
2020__2020-09-05,stationary,20-35,mid,mid,0.5979818071902551,,0.0
2020__2020-09-05,stationary,20-35,mid,high,0.2447484261677206,,0.0
2020__2020-09-05,stationary,20-35,high,low,0.0111751836755844,,0.0
2020__2020-09-05,stationary,20-35,high,mid,0.1817517881751302,,0.0
2020__2020-09-05,stationary,20-35,high,high,0.8070730281492854,,0.0
2020__2020-09-05,age_banded,0-5,low,low,0.6378213741825675,35600.0,0.0
2020__2020-09-05,age_banded,0-5,low,mid,0.3037713876198155,16955.0,0.0
2020__2020-09-05,age_banded,0-5,low,high,0.0584072381976171,3260.0,0.0
2020__2020-09-05,age_banded,0-5,mid,low,0.1386893979754928,6508.0,0.0
2020__2020-09-05,age_banded,0-5,mid,mid,0.555673947789025,26075.0,0.0
2020__2020-09-05,age_banded,0-5,mid,high,0.3056366542354821,14342.0,0.0
2020__2020-09-05,age_banded,0-5,high,low,0.0137431540154578,537.0,0.0
2020__2020-09-05,age_banded,0-5,high,mid,0.1635358550442749,6390.0,0.0
2020__2020-09-05,age_banded,0-5,high,high,0.8227209909402672,32147.0,0.0
2020__2020-09-05,age_banded,5-10,low,low,0.7531963948857682,7187.0,0.0
2020__2020-09-05,age_banded,5-10,low,mid,0.2301404317753091,2196.0,0.0
2020__2020-09-05,age_banded,5-10,low,high,0.0166631733389226,159.0,0.0
2020__2020-09-05,age_banded,5-10,mid,low,0.1524390243902439,3275.0,0.0
2020__2020-09-05,age_banded,5-10,mid,mid,0.6395457084341836,13740.0,0.0
2020__2020-09-05,age_banded,5-10,mid,high,0.2080152671755725,4469.0,0.0
2020__2020-09-05,age_banded,5-10,high,low,0.0079083874259474,279.0,0.0
2020__2020-09-05,age_banded,5-10,high,mid,0.1771875620057257,6251.0,0.0
2020__2020-09-05,age_banded,5-10,high,high,0.8149040505683268,28749.0,0.0
2020__2020-09-05,age_banded,10-20,low,low,0.7803037275655775,8478.0,0.0
2020__2020-09-05,age_banded,10-20,low,mid,0.2094799815922687,2276.0,0.0
2020__2020-09-05,age_banded,10-20,low,high,0.0102162908421537,111.0,0.0
2020__2020-09-05,age_banded,10-20,mid,low,0.1819141078400337,3448.0,0.0
2020__2020-09-05,age_banded,10-20,mid,mid,0.6469874432837396,12263.0,0.0
2020__2020-09-05,age_banded,10-20,mid,high,0.1710984488762266,3243.0,0.0
2020__2020-09-05,age_banded,10-20,high,low,0.0100281491907107,228.0,0.0
2020__2020-09-05,age_banded,10-20,high,mid,0.2064127375087966,4693.0,0.0
2020__2020-09-05,age_banded,10-20,high,high,0.7835591133004927,17815.0,0.0
2020__2020-09-05,age_banded,20-35,low,low,0.8056489576328177,4792.0,0.0
2020__2020-09-05,age_banded,20-35,low,mid,0.1864492266308002,1109.0,0.0
2020__2020-09-05,age_banded,20-35,low,high,0.0079018157363819,47.0,0.0
2020__2020-09-05,age_banded,20-35,mid,low,0.233754512635379,1554.0,0.0
2020__2020-09-05,age_banded,20-35,mid,mid,0.6225932611311673,4139.0,0.0
2020__2020-09-05,age_banded,20-35,mid,high,0.1436522262334536,955.0,0.0
2020__2020-09-05,age_banded,20-35,high,low,0.0181755829903978,106.0,0.0
2020__2020-09-05,age_banded,20-35,high,mid,0.2352537722908093,1372.0,0.0
2020__2020-09-05,age_banded,20-35,high,high,0.7465706447187929,4354.0,0.0
2020__2020-09-12,stationary,0-5,low,low,0.6823203355776813,,0.0
2020__2020-09-12,stationary,0-5,low,mid,0.2745180328400634,,0.0
2020__2020-09-12,stationary,0-5,low,high,0.0431616315822552,,0.0
2020__2020-09-12,stationary,0-5,mid,low,0.1571947417820383,,0.0
2020__2020-09-12,stationary,0-5,mid,mid,0.597582028803452,,0.0
2020__2020-09-12,stationary,0-5,mid,high,0.2452232294145096,,0.0
2020__2020-09-12,stationary,0-5,high,low,0.0111524284036132,,0.0
2020__2020-09-12,stationary,0-5,high,mid,0.1814768906712034,,0.0
2020__2020-09-12,stationary,0-5,high,high,0.8073706809251834,,0.0
2020__2020-09-12,stationary,5-10,low,low,0.6823203355776813,,0.0
2020__2020-09-12,stationary,5-10,low,mid,0.2745180328400634,,0.0
2020__2020-09-12,stationary,5-10,low,high,0.0431616315822552,,0.0
2020__2020-09-12,stationary,5-10,mid,low,0.1571947417820383,,0.0
2020__2020-09-12,stationary,5-10,mid,mid,0.597582028803452,,0.0
2020__2020-09-12,stationary,5-10,mid,high,0.2452232294145096,,0.0
2020__2020-09-12,stationary,5-10,high,low,0.0111524284036132,,0.0
2020__2020-09-12,stationary,5-10,high,mid,0.1814768906712034,,0.0
2020__2020-09-12,stationary,5-10,high,high,0.8073706809251834,,0.0
2020__2020-09-12,stationary,10-20,low,low,0.6823203355776813,,0.0
2020__2020-09-12,stationary,10-20,low,mid,0.2745180328400634,,0.0
2020__2020-09-12,stationary,10-20,low,high,0.0431616315822552,,0.0
2020__2020-09-12,stationary,10-20,mid,low,0.1571947417820383,,0.0
2020__2020-09-12,stationary,10-20,mid,mid,0.597582028803452,,0.0
2020__2020-09-12,stationary,10-20,mid,high,0.2452232294145096,,0.0
2020__2020-09-12,stationary,10-20,high,low,0.0111524284036132,,0.0
2020__2020-09-12,stationary,10-20,high,mid,0.1814768906712034,,0.0
2020__2020-09-12,stationary,10-20,high,high,0.8073706809251834,,0.0
2020__2020-09-12,stationary,20-35,low,low,0.6823203355776813,,0.0
2020__2020-09-12,stationary,20-35,low,mid,0.2745180328400634,,0.0
2020__2020-09-12,stationary,20-35,low,high,0.0431616315822552,,0.0
2020__2020-09-12,stationary,20-35,mid,low,0.1571947417820383,,0.0
2020__2020-09-12,stationary,20-35,mid,mid,0.597582028803452,,0.0
2020__2020-09-12,stationary,20-35,mid,high,0.2452232294145096,,0.0
2020__2020-09-12,stationary,20-35,high,low,0.0111524284036132,,0.0
2020__2020-09-12,stationary,20-35,high,mid,0.1814768906712034,,0.0
2020__2020-09-12,stationary,20-35,high,high,0.8073706809251834,,0.0
2020__2020-09-12,age_banded,0-5,low,low,0.637736929713089,35631.0,0.0
2020__2020-09-12,age_banded,0-5,low,mid,0.3042544432711067,16999.0,0.0
2020__2020-09-12,age_banded,0-5,low,high,0.0580086270158042,3241.0,0.0
2020__2020-09-12,age_banded,0-5,mid,low,0.1384297960138685,6508.0,0.0
2020__2020-09-12,age_banded,0-5,mid,mid,0.555335758194542,26108.0,0.0
2020__2020-09-12,age_banded,0-5,mid,high,0.3062344457915895,14397.0,0.0
2020__2020-09-12,age_banded,0-5,high,low,0.0135736196319018,531.0,0.0
2020__2020-09-12,age_banded,0-5,high,mid,0.1633946830265848,6392.0,0.0
2020__2020-09-12,age_banded,0-5,high,high,0.8230316973415133,32197.0,0.0
2020__2020-09-12,age_banded,5-10,low,low,0.7544985793959802,7170.0,0.0
2020__2020-09-12,age_banded,5-10,low,mid,0.2294012417131432,2180.0,0.0
2020__2020-09-12,age_banded,5-10,low,high,0.0161001788908765,153.0,0.0
2020__2020-09-12,age_banded,5-10,mid,low,0.1526215042719081,3269.0,0.0
2020__2020-09-12,age_banded,5-10,mid,mid,0.6392455296699192,13692.0,0.0
2020__2020-09-12,age_banded,5-10,mid,high,0.2081329660581726,4458.0,0.0
2020__2020-09-12,age_banded,5-10,high,low,0.0080396319886765,284.0,0.0
2020__2020-09-12,age_banded,5-10,high,mid,0.1764755838641189,6234.0,0.0
2020__2020-09-12,age_banded,5-10,high,high,0.8154847841472045,28807.0,0.0
2020__2020-09-12,age_banded,10-20,low,low,0.7815280198110611,8521.0,0.0
2020__2020-09-12,age_banded,10-20,low,mid,0.2084747317252132,2273.0,0.0
2020__2020-09-12,age_banded,10-20,low,high,0.0099972484637255,109.0,0.0
2020__2020-09-12,age_banded,10-20,mid,low,0.1821362311158229,3436.0,0.0
2020__2020-09-12,age_banded,10-20,mid,mid,0.6471243042671614,12208.0,0.0
2020__2020-09-12,age_banded,10-20,mid,high,0.1707394646170156,3221.0,0.0
2020__2020-09-12,age_banded,10-20,high,low,0.0100746763289293,228.0,0.0
2020__2020-09-12,age_banded,10-20,high,mid,0.2061773673280014,4666.0,0.0
2020__2020-09-12,age_banded,10-20,high,high,0.7837479563430693,17737.0,0.0
2020__2020-09-12,age_banded,20-35,low,low,0.804351492663181,4769.0,0.0
2020__2020-09-12,age_banded,20-35,low,mid,0.188058694552201,1115.0,0.0
2020__2020-09-12,age_banded,20-35,low,high,0.0075898127846179,45.0,0.0
2020__2020-09-12,age_banded,20-35,mid,low,0.2339560108466405,1553.0,0.0
2020__2020-09-12,age_banded,20-35,mid,mid,0.6215727628803857,4126.0,0.0
2020__2020-09-12,age_banded,20-35,mid,high,0.1444712262729738,959.0,0.0
2020__2020-09-12,age_banded,20-35,high,low,0.0179744210162461,104.0,0.0
2020__2020-09-12,age_banded,20-35,high,mid,0.2376425855513308,1375.0,0.0
2020__2020-09-12,age_banded,20-35,high,high,0.7443829934324231,4307.0,0.0
2020__2020-09-26,stationary,0-5,low,low,0.6818746743385905,,0.0
2020__2020-09-26,stationary,0-5,low,mid,0.2748653257019587,,0.0
2020__2020-09-26,stationary,0-5,low,high,0.0432599999594507,,0.0
2020__2020-09-26,stationary,0-5,mid,low,0.1575764347420488,,0.0
2020__2020-09-26,stationary,0-5,mid,mid,0.5978660877862256,,0.0
2020__2020-09-26,stationary,0-5,mid,high,0.2445574774717255,,0.0
2020__2020-09-26,stationary,0-5,high,low,0.0112236446942549,,0.0
2020__2020-09-26,stationary,0-5,high,mid,0.1812168861962946,,0.0
2020__2020-09-26,stationary,0-5,high,high,0.8075594691094504,,0.0
2020__2020-09-26,stationary,5-10,low,low,0.6818746743385905,,0.0
2020__2020-09-26,stationary,5-10,low,mid,0.2748653257019587,,0.0
2020__2020-09-26,stationary,5-10,low,high,0.0432599999594507,,0.0
2020__2020-09-26,stationary,5-10,mid,low,0.1575764347420488,,0.0
2020__2020-09-26,stationary,5-10,mid,mid,0.5978660877862256,,0.0
2020__2020-09-26,stationary,5-10,mid,high,0.2445574774717255,,0.0
2020__2020-09-26,stationary,5-10,high,low,0.0112236446942549,,0.0
2020__2020-09-26,stationary,5-10,high,mid,0.1812168861962946,,0.0
2020__2020-09-26,stationary,5-10,high,high,0.8075594691094504,,0.0
2020__2020-09-26,stationary,10-20,low,low,0.6818746743385905,,0.0
2020__2020-09-26,stationary,10-20,low,mid,0.2748653257019587,,0.0
2020__2020-09-26,stationary,10-20,low,high,0.0432599999594507,,0.0
2020__2020-09-26,stationary,10-20,mid,low,0.1575764347420488,,0.0
2020__2020-09-26,stationary,10-20,mid,mid,0.5978660877862256,,0.0
2020__2020-09-26,stationary,10-20,mid,high,0.2445574774717255,,0.0
2020__2020-09-26,stationary,10-20,high,low,0.0112236446942549,,0.0
2020__2020-09-26,stationary,10-20,high,mid,0.1812168861962946,,0.0
2020__2020-09-26,stationary,10-20,high,high,0.8075594691094504,,0.0
2020__2020-09-26,stationary,20-35,low,low,0.6818746743385905,,0.0
2020__2020-09-26,stationary,20-35,low,mid,0.2748653257019587,,0.0
2020__2020-09-26,stationary,20-35,low,high,0.0432599999594507,,0.0
2020__2020-09-26,stationary,20-35,mid,low,0.1575764347420488,,0.0
2020__2020-09-26,stationary,20-35,mid,mid,0.5978660877862256,,0.0
2020__2020-09-26,stationary,20-35,mid,high,0.2445574774717255,,0.0
2020__2020-09-26,stationary,20-35,high,low,0.0112236446942549,,0.0
2020__2020-09-26,stationary,20-35,high,mid,0.1812168861962946,,0.0
2020__2020-09-26,stationary,20-35,high,high,0.8075594691094504,,0.0
2020__2020-09-26,age_banded,0-5,low,low,0.6373990437134005,35593.0,0.0
2020__2020-09-26,age_banded,0-5,low,mid,0.3045790727243423,17008.0,0.0
2020__2020-09-26,age_banded,0-5,low,high,0.0580218835622571,3240.0,0.0
2020__2020-09-26,age_banded,0-5,mid,low,0.1392943780057028,6546.0,0.0
2020__2020-09-26,age_banded,0-5,mid,mid,0.5553049325445801,26096.0,0.0
2020__2020-09-26,age_banded,0-5,mid,high,0.305400689449717,14352.0,0.0
2020__2020-09-26,age_banded,0-5,high,low,0.0138531010026277,543.0,0.0
2020__2020-09-26,age_banded,0-5,high,mid,0.1624614128632293,6368.0,0.0
2020__2020-09-26,age_banded,0-5,high,high,0.8236854861341429,32286.0,0.0
2020__2020-09-26,age_banded,5-10,low,low,0.7522040302267002,7167.0,0.0
2020__2020-09-26,age_banded,5-10,low,mid,0.2313182199832074,2204.0,0.0
2020__2020-09-26,age_banded,5-10,low,high,0.0164777497900923,157.0,0.0
2020__2020-09-26,age_banded,5-10,mid,low,0.152827637652105,3278.0,0.0
2020__2020-09-26,age_banded,5-10,mid,mid,0.639610238239545,13719.0,0.0
2020__2020-09-26,age_banded,5-10,mid,high,0.20756212410835,4452.0,0.0
2020__2020-09-26,age_banded,5-10,high,low,0.0078528094347111,277.0,0.0
2020__2020-09-26,age_banded,5-10,high,mid,0.1769291829676249,6241.0,0.0
2020__2020-09-26,age_banded,5-10,high,high,0.815218007597664,28756.0,0.0
2020__2020-09-26,age_banded,10-20,low,low,0.7809515062454078,8503.0,0.0
2020__2020-09-26,age_banded,10-20,low,mid,0.2087619397501837,2273.0,0.0
2020__2020-09-26,age_banded,10-20,low,high,0.0102865540044085,112.0,0.0
2020__2020-09-26,age_banded,10-20,mid,low,0.1816354596424415,3434.0,0.0
2020__2020-09-26,age_banded,10-20,mid,mid,0.6473077329948165,12238.0,0.0
2020__2020-09-26,age_banded,10-20,mid,high,0.1710568073627419,3234.0,0.0
2020__2020-09-26,age_banded,10-20,high,low,0.0101801442924799,230.0,0.0
2020__2020-09-26,age_banded,10-20,high,mid,0.2062143141681051,4659.0,0.0
2020__2020-09-26,age_banded,10-20,high,high,0.7836055415394149,17704.0,0.0
2020__2020-09-26,age_banded,20-35,low,low,0.805448125105095,4790.0,0.0
2020__2020-09-26,age_banded,20-35,low,mid,0.1866487304523289,1110.0,0.0
2020__2020-09-26,age_banded,20-35,low,high,0.007903144442576,47.0,0.0
2020__2020-09-26,age_banded,20-35,mid,low,0.2339622641509434,1550.0,0.0
2020__2020-09-26,age_banded,20-35,mid,mid,0.6235471698113207,4131.0,0.0
2020__2020-09-26,age_banded,20-35,mid,high,0.1424905660377358,944.0,0.0
2020__2020-09-26,age_banded,20-35,high,low,0.0180273877621771,104.0,0.0
2020__2020-09-26,age_banded,20-35,high,mid,0.2369561449124631,1367.0,0.0
2020__2020-09-26,age_banded,20-35,high,high,0.7450164673253596,4298.0,0.0
2020__2020-09-27,stationary,0-5,low,low,0.6821020140380337,,0.0
2020__2020-09-27,stationary,0-5,low,mid,0.2745650379546086,,0.0
2020__2020-09-27,stationary,0-5,low,high,0.0433329480073576,,0.0
2020__2020-09-27,stationary,0-5,mid,low,0.1573288209428838,,0.0
2020__2020-09-27,stationary,0-5,mid,mid,0.5980212174585522,,0.0
2020__2020-09-27,stationary,0-5,mid,high,0.244649961598564,,0.0
2020__2020-09-27,stationary,0-5,high,low,0.0111969005657568,,0.0
2020__2020-09-27,stationary,0-5,high,mid,0.1813710007887878,,0.0
2020__2020-09-27,stationary,0-5,high,high,0.8074320986454553,,0.0
2020__2020-09-27,stationary,5-10,low,low,0.6821020140380337,,0.0
2020__2020-09-27,stationary,5-10,low,mid,0.2745650379546086,,0.0
2020__2020-09-27,stationary,5-10,low,high,0.0433329480073576,,0.0
2020__2020-09-27,stationary,5-10,mid,low,0.1573288209428838,,0.0
2020__2020-09-27,stationary,5-10,mid,mid,0.5980212174585522,,0.0
2020__2020-09-27,stationary,5-10,mid,high,0.244649961598564,,0.0
2020__2020-09-27,stationary,5-10,high,low,0.0111969005657568,,0.0
2020__2020-09-27,stationary,5-10,high,mid,0.1813710007887878,,0.0
2020__2020-09-27,stationary,5-10,high,high,0.8074320986454553,,0.0
2020__2020-09-27,stationary,10-20,low,low,0.6821020140380337,,0.0
2020__2020-09-27,stationary,10-20,low,mid,0.2745650379546086,,0.0
2020__2020-09-27,stationary,10-20,low,high,0.0433329480073576,,0.0
2020__2020-09-27,stationary,10-20,mid,low,0.1573288209428838,,0.0
2020__2020-09-27,stationary,10-20,mid,mid,0.5980212174585522,,0.0
2020__2020-09-27,stationary,10-20,mid,high,0.244649961598564,,0.0
2020__2020-09-27,stationary,10-20,high,low,0.0111969005657568,,0.0
2020__2020-09-27,stationary,10-20,high,mid,0.1813710007887878,,0.0
2020__2020-09-27,stationary,10-20,high,high,0.8074320986454553,,0.0
2020__2020-09-27,stationary,20-35,low,low,0.6821020140380337,,0.0
2020__2020-09-27,stationary,20-35,low,mid,0.2745650379546086,,0.0
2020__2020-09-27,stationary,20-35,low,high,0.0433329480073576,,0.0
2020__2020-09-27,stationary,20-35,mid,low,0.1573288209428838,,0.0
2020__2020-09-27,stationary,20-35,mid,mid,0.5980212174585522,,0.0
2020__2020-09-27,stationary,20-35,mid,high,0.244649961598564,,0.0
2020__2020-09-27,stationary,20-35,high,low,0.0111969005657568,,0.0
2020__2020-09-27,stationary,20-35,high,mid,0.1813710007887878,,0.0
2020__2020-09-27,stationary,20-35,high,high,0.8074320986454553,,0.0
2020__2020-09-27,age_banded,0-5,low,low,0.6379785824289961,35626.0,0.0
2020__2020-09-27,age_banded,0-5,low,mid,0.3039468500411876,16973.0,0.0
2020__2020-09-27,age_banded,0-5,low,high,0.0580745675298162,3243.0,0.0
2020__2020-09-27,age_banded,0-5,mid,low,0.1384116970032823,6494.0,0.0
2020__2020-09-27,age_banded,0-5,mid,mid,0.5557568523807493,26075.0,0.0
2020__2020-09-27,age_banded,0-5,mid,high,0.3058314506159683,14349.0,0.0
2020__2020-09-27,age_banded,0-5,high,low,0.013828536373396,541.0,0.0
2020__2020-09-27,age_banded,0-5,high,mid,0.1628239865037574,6370.0,0.0
2020__2020-09-27,age_banded,0-5,high,high,0.8233474771228465,32211.0,0.0
2020__2020-09-27,age_banded,5-10,low,low,0.7522588779155285,7160.0,0.0
2020__2020-09-27,age_banded,5-10,low,mid,0.2308258037402815,2197.0,0.0
2020__2020-09-27,age_banded,5-10,low,high,0.0169153183441899,161.0,0.0
2020__2020-09-27,age_banded,5-10,mid,low,0.1528490161335447,3278.0,0.0
2020__2020-09-27,age_banded,5-10,mid,mid,0.6396530821598433,13718.0,0.0
2020__2020-09-27,age_banded,5-10,mid,high,0.2074979017066119,4450.0,0.0
2020__2020-09-27,age_banded,5-10,high,low,0.0077697433716149,274.0,0.0
2020__2020-09-27,age_banded,5-10,high,mid,0.1765773429746207,6227.0,0.0
2020__2020-09-27,age_banded,5-10,high,high,0.8156529136537644,28764.0,0.0
2020__2020-09-27,age_banded,10-20,low,low,0.7805550450284874,8494.0,0.0
2020__2020-09-27,age_banded,10-20,low,mid,0.2093365190222385,2278.0,0.0
2020__2020-09-27,age_banded,10-20,low,high,0.010108435949274,110.0,0.0
2020__2020-09-27,age_banded,10-20,mid,low,0.1820966464219699,3448.0,0.0
2020__2020-09-27,age_banded,10-20,mid,mid,0.6471085291787695,12253.0,0.0
2020__2020-09-27,age_banded,10-20,mid,high,0.1707948243992606,3234.0,0.0
2020__2020-09-27,age_banded,10-20,high,low,0.0103088241772765,234.0,0.0
2020__2020-09-27,age_banded,10-20,high,mid,0.2068373056081765,4695.0,0.0
2020__2020-09-27,age_banded,10-20,high,high,0.7828538702145469,17770.0,0.0
2020__2020-09-27,age_banded,20-35,low,low,0.8041757871695572,4776.0,0.0
2020__2020-09-27,age_banded,20-35,low,mid,0.1879104226300724,1116.0,0.0
2020__2020-09-27,age_banded,20-35,low,high,0.0079137902003704,47.0,0.0
2020__2020-09-27,age_banded,20-35,mid,low,0.2345438175270108,1563.0,0.0
2020__2020-09-27,age_banded,20-35,mid,mid,0.6221488595438175,4146.0,0.0
2020__2020-09-27,age_banded,20-35,mid,high,0.1433073229291716,955.0,0.0
2020__2020-09-27,age_banded,20-35,high,low,0.0177158582731338,103.0,0.0
2020__2020-09-27,age_banded,20-35,high,mid,0.2358101135190918,1371.0,0.0
2020__2020-09-27,age_banded,20-35,high,high,0.7464740282077743,4340.0,0.0
2020__2020-10-04,stationary,0-5,low,low,0.6818442588887335,,0.0
2020__2020-10-04,stationary,0-5,low,mid,0.2749136922680841,,0.0
2020__2020-10-04,stationary,0-5,low,high,0.0432420488431824,,0.0
2020__2020-10-04,stationary,0-5,mid,low,0.1574975039944954,,0.0
2020__2020-10-04,stationary,0-5,mid,mid,0.5978301155699316,,0.0
2020__2020-10-04,stationary,0-5,mid,high,0.2446723804355729,,0.0
2020__2020-10-04,stationary,0-5,high,low,0.0111767039979269,,0.0
2020__2020-10-04,stationary,0-5,high,mid,0.1814266857776806,,0.0
2020__2020-10-04,stationary,0-5,high,high,0.8073966102243925,,0.0
2020__2020-10-04,stationary,5-10,low,low,0.6818442588887335,,0.0
2020__2020-10-04,stationary,5-10,low,mid,0.2749136922680841,,0.0
2020__2020-10-04,stationary,5-10,low,high,0.0432420488431824,,0.0
2020__2020-10-04,stationary,5-10,mid,low,0.1574975039944954,,0.0
2020__2020-10-04,stationary,5-10,mid,mid,0.5978301155699316,,0.0
2020__2020-10-04,stationary,5-10,mid,high,0.2446723804355729,,0.0
2020__2020-10-04,stationary,5-10,high,low,0.0111767039979269,,0.0
2020__2020-10-04,stationary,5-10,high,mid,0.1814266857776806,,0.0
2020__2020-10-04,stationary,5-10,high,high,0.8073966102243925,,0.0
2020__2020-10-04,stationary,10-20,low,low,0.6818442588887335,,0.0
2020__2020-10-04,stationary,10-20,low,mid,0.2749136922680841,,0.0
2020__2020-10-04,stationary,10-20,low,high,0.0432420488431824,,0.0
2020__2020-10-04,stationary,10-20,mid,low,0.1574975039944954,,0.0
2020__2020-10-04,stationary,10-20,mid,mid,0.5978301155699316,,0.0
2020__2020-10-04,stationary,10-20,mid,high,0.2446723804355729,,0.0
2020__2020-10-04,stationary,10-20,high,low,0.0111767039979269,,0.0
2020__2020-10-04,stationary,10-20,high,mid,0.1814266857776806,,0.0
2020__2020-10-04,stationary,10-20,high,high,0.8073966102243925,,0.0
2020__2020-10-04,stationary,20-35,low,low,0.6818442588887335,,0.0
2020__2020-10-04,stationary,20-35,low,mid,0.2749136922680841,,0.0
2020__2020-10-04,stationary,20-35,low,high,0.0432420488431824,,0.0
2020__2020-10-04,stationary,20-35,mid,low,0.1574975039944954,,0.0
2020__2020-10-04,stationary,20-35,mid,mid,0.5978301155699316,,0.0
2020__2020-10-04,stationary,20-35,mid,high,0.2446723804355729,,0.0
2020__2020-10-04,stationary,20-35,high,low,0.0111767039979269,,0.0
2020__2020-10-04,stationary,20-35,high,mid,0.1814266857776806,,0.0
2020__2020-10-04,stationary,20-35,high,high,0.8073966102243925,,0.0
2020__2020-10-04,age_banded,0-5,low,low,0.6375284075658071,35627.0,0.0
2020__2020-10-04,age_banded,0-5,low,mid,0.3044396328042517,17013.0,0.0
2020__2020-10-04,age_banded,0-5,low,high,0.0580319596299411,3243.0,0.0
2020__2020-10-04,age_banded,0-5,mid,low,0.139074117471612,6528.0,0.0
2020__2020-10-04,age_banded,0-5,mid,mid,0.5553803873111911,26069.0,0.0
2020__2020-10-04,age_banded,0-5,mid,high,0.3055454952171967,14342.0,0.0
2020__2020-10-04,age_banded,0-5,high,low,0.013816395455941,540.0,0.0
2020__2020-10-04,age_banded,0-5,high,mid,0.1630846382151264,6374.0,0.0
2020__2020-10-04,age_banded,0-5,high,high,0.8230989663289325,32170.0,0.0
2020__2020-10-04,age_banded,5-10,low,low,0.7526011560693642,7161.0,0.0
2020__2020-10-04,age_banded,5-10,low,mid,0.2312138728323699,2200.0,0.0
2020__2020-10-04,age_banded,5-10,low,high,0.0161849710982658,154.0,0.0
2020__2020-10-04,age_banded,5-10,mid,low,0.1526742452478569,3277.0,0.0
2020__2020-10-04,age_banded,5-10,mid,mid,0.6400018635855386,13737.0,0.0
2020__2020-10-04,age_banded,5-10,mid,high,0.2073238911666045,4450.0,0.0
2020__2020-10-04,age_banded,5-10,high,low,0.0078516964766575,277.0,0.0
2020__2020-10-04,age_banded,5-10,high,mid,0.1765639615635363,6229.0,0.0
2020__2020-10-04,age_banded,5-10,high,high,0.8155843419598061,28773.0,0.0
2020__2020-10-04,age_banded,10-20,low,low,0.7805550450284874,8494.0,0.0
2020__2020-10-04,age_banded,10-20,low,mid,0.2093365190222385,2278.0,0.0
2020__2020-10-04,age_banded,10-20,low,high,0.010108435949274,110.0,0.0
2020__2020-10-04,age_banded,10-20,mid,low,0.1819765600253405,3447.0,0.0
2020__2020-10-04,age_banded,10-20,mid,mid,0.6468693907718298,12253.0,0.0
2020__2020-10-04,age_banded,10-20,mid,high,0.1711540492028297,3242.0,0.0
2020__2020-10-04,age_banded,10-20,high,low,0.0100708034654118,229.0,0.0
2020__2020-10-04,age_banded,10-20,high,mid,0.2061216412331237,4687.0,0.0
2020__2020-10-04,age_banded,10-20,high,high,0.7838075553014644,17823.0,0.0
2020__2020-10-04,age_banded,20-35,low,low,0.8047177759056445,4776.0,0.0
2020__2020-10-04,age_banded,20-35,low,mid,0.1871946082561078,1111.0,0.0
2020__2020-10-04,age_banded,20-35,low,high,0.0080876158382476,48.0,0.0
2020__2020-10-04,age_banded,20-35,mid,low,0.2335040674902078,1550.0,0.0
2020__2020-10-04,age_banded,20-35,mid,mid,0.6217234106658632,4127.0,0.0
2020__2020-10-04,age_banded,20-35,mid,high,0.1447725218439289,961.0,0.0
2020__2020-10-04,age_banded,20-35,high,low,0.0179155900086132,104.0,0.0
2020__2020-10-04,age_banded,20-35,high,mid,0.2377260981912144,1380.0,0.0
2020__2020-10-04,age_banded,20-35,high,high,0.7443583118001723,4321.0,0.0
2020__2020-10-18,stationary,0-5,low,low,0.6820316440711116,,0.0
2020__2020-10-18,stationary,0-5,low,mid,0.2744840081117528,,0.0
2020__2020-10-18,stationary,0-5,low,high,0.0434843478171355,,0.0
2020__2020-10-18,stationary,0-5,mid,low,0.1570823217275793,,0.0
2020__2020-10-18,stationary,0-5,mid,mid,0.5982487730055821,,0.0
2020__2020-10-18,stationary,0-5,mid,high,0.2446689052668386,,0.0
2020__2020-10-18,stationary,0-5,high,low,0.0112747009399148,,0.0
2020__2020-10-18,stationary,0-5,high,mid,0.1812885701547001,,0.0
2020__2020-10-18,stationary,0-5,high,high,0.807436728905385,,0.0
2020__2020-10-18,stationary,5-10,low,low,0.6820316440711116,,0.0
2020__2020-10-18,stationary,5-10,low,mid,0.2744840081117528,,0.0
2020__2020-10-18,stationary,5-10,low,high,0.0434843478171355,,0.0
2020__2020-10-18,stationary,5-10,mid,low,0.1570823217275793,,0.0
2020__2020-10-18,stationary,5-10,mid,mid,0.5982487730055821,,0.0
2020__2020-10-18,stationary,5-10,mid,high,0.2446689052668386,,0.0
2020__2020-10-18,stationary,5-10,high,low,0.0112747009399148,,0.0
2020__2020-10-18,stationary,5-10,high,mid,0.1812885701547001,,0.0
2020__2020-10-18,stationary,5-10,high,high,0.807436728905385,,0.0
2020__2020-10-18,stationary,10-20,low,low,0.6820316440711116,,0.0
2020__2020-10-18,stationary,10-20,low,mid,0.2744840081117528,,0.0
2020__2020-10-18,stationary,10-20,low,high,0.0434843478171355,,0.0
2020__2020-10-18,stationary,10-20,mid,low,0.1570823217275793,,0.0
2020__2020-10-18,stationary,10-20,mid,mid,0.5982487730055821,,0.0
2020__2020-10-18,stationary,10-20,mid,high,0.2446689052668386,,0.0
2020__2020-10-18,stationary,10-20,high,low,0.0112747009399148,,0.0
2020__2020-10-18,stationary,10-20,high,mid,0.1812885701547001,,0.0
2020__2020-10-18,stationary,10-20,high,high,0.807436728905385,,0.0
2020__2020-10-18,stationary,20-35,low,low,0.6820316440711116,,0.0
2020__2020-10-18,stationary,20-35,low,mid,0.2744840081117528,,0.0
2020__2020-10-18,stationary,20-35,low,high,0.0434843478171355,,0.0
2020__2020-10-18,stationary,20-35,mid,low,0.1570823217275793,,0.0
2020__2020-10-18,stationary,20-35,mid,mid,0.5982487730055821,,0.0
2020__2020-10-18,stationary,20-35,mid,high,0.2446689052668386,,0.0
2020__2020-10-18,stationary,20-35,high,low,0.0112747009399148,,0.0
2020__2020-10-18,stationary,20-35,high,mid,0.1812885701547001,,0.0
2020__2020-10-18,stationary,20-35,high,high,0.807436728905385,,0.0
2020__2020-10-18,age_banded,0-5,low,low,0.6375290951411114,35059.0,0.0
2020__2020-10-18,age_banded,0-5,low,mid,0.3040987780040733,16723.0,0.0
2020__2020-10-18,age_banded,0-5,low,high,0.0583721268548152,3210.0,0.0
2020__2020-10-18,age_banded,0-5,mid,low,0.1383872504438958,6391.0,0.0
2020__2020-10-18,age_banded,0-5,mid,mid,0.5558875752457667,25672.0,0.0
2020__2020-10-18,age_banded,0-5,mid,high,0.3057251743103373,14119.0,0.0
2020__2020-10-18,age_banded,0-5,high,low,0.0137664627190708,531.0,0.0
2020__2020-10-18,age_banded,0-5,high,mid,0.1625531473607798,6270.0,0.0
2020__2020-10-18,age_banded,0-5,high,high,0.8236803899201494,31771.0,0.0
2020__2020-10-18,age_banded,5-10,low,low,0.7531982942430704,7065.0,0.0
2020__2020-10-18,age_banded,5-10,low,mid,0.2304904051172707,2162.0,0.0
2020__2020-10-18,age_banded,5-10,low,high,0.0163113006396588,153.0,0.0
2020__2020-10-18,age_banded,5-10,mid,low,0.1523457842162571,3218.0,0.0
2020__2020-10-18,age_banded,5-10,mid,mid,0.6405340150546798,13530.0,0.0
2020__2020-10-18,age_banded,5-10,mid,high,0.2071202007290631,4375.0,0.0
2020__2020-10-18,age_banded,5-10,high,low,0.008041504539559,279.0,0.0
2020__2020-10-18,age_banded,5-10,high,mid,0.1765960513042225,6127.0,0.0
2020__2020-10-18,age_banded,5-10,high,high,0.8153624441562185,28289.0,0.0
2020__2020-10-18,age_banded,10-20,low,low,0.780946148092745,8353.0,0.0
2020__2020-10-18,age_banded,10-20,low,mid,0.2088631264023934,2234.0,0.0
2020__2020-10-18,age_banded,10-20,low,high,0.0101907255048616,109.0,0.0
2020__2020-10-18,age_banded,10-20,mid,low,0.1812426225989913,3378.0,0.0
2020__2020-10-18,age_banded,10-20,mid,mid,0.6472260972207319,12063.0,0.0
2020__2020-10-18,age_banded,10-20,mid,high,0.1715312801802768,3197.0,0.0
2020__2020-10-18,age_banded,10-20,high,low,0.0101245408117552,226.0,0.0
2020__2020-10-18,age_banded,10-20,high,mid,0.2069259026968909,4619.0,0.0
2020__2020-10-18,age_banded,10-20,high,high,0.7829495564913538,17477.0,0.0
2020__2020-10-18,age_banded,20-35,low,low,0.8047246770904147,4735.0,0.0
2020__2020-10-18,age_banded,20-35,low,mid,0.1871176070700204,1101.0,0.0
2020__2020-10-18,age_banded,20-35,low,high,0.0081577158395649,48.0,0.0
2020__2020-10-18,age_banded,20-35,mid,low,0.2357088122605364,1538.0,0.0
2020__2020-10-18,age_banded,20-35,mid,mid,0.6213026819923372,4054.0,0.0
2020__2020-10-18,age_banded,20-35,mid,high,0.1429885057471264,933.0,0.0
2020__2020-10-18,age_banded,20-35,high,low,0.0185509275463773,106.0,0.0
2020__2020-10-18,age_banded,20-35,high,mid,0.236086804340217,1349.0,0.0
2020__2020-10-18,age_banded,20-35,high,high,0.7453622681134057,4259.0,0.0
2020__2020-11-01,stationary,0-5,low,low,0.6817126410495715,,0.0
2020__2020-11-01,stationary,0-5,low,mid,0.2749336085821595,,0.0
2020__2020-11-01,stationary,0-5,low,high,0.0433537503682689,,0.0
2020__2020-11-01,stationary,0-5,mid,low,0.1577033220334095,,0.0
2020__2020-11-01,stationary,0-5,mid,mid,0.5980110692395169,,0.0
2020__2020-11-01,stationary,0-5,mid,high,0.2442856087270735,,0.0
2020__2020-11-01,stationary,0-5,high,low,0.011115446865332,,0.0
2020__2020-11-01,stationary,0-5,high,mid,0.1809046798155273,,0.0
2020__2020-11-01,stationary,0-5,high,high,0.8079798733191407,,0.0
2020__2020-11-01,stationary,5-10,low,low,0.6817126410495715,,0.0
2020__2020-11-01,stationary,5-10,low,mid,0.2749336085821595,,0.0
2020__2020-11-01,stationary,5-10,low,high,0.0433537503682689,,0.0
2020__2020-11-01,stationary,5-10,mid,low,0.1577033220334095,,0.0
2020__2020-11-01,stationary,5-10,mid,mid,0.5980110692395169,,0.0
2020__2020-11-01,stationary,5-10,mid,high,0.2442856087270735,,0.0
2020__2020-11-01,stationary,5-10,high,low,0.011115446865332,,0.0
2020__2020-11-01,stationary,5-10,high,mid,0.1809046798155273,,0.0
2020__2020-11-01,stationary,5-10,high,high,0.8079798733191407,,0.0
2020__2020-11-01,stationary,10-20,low,low,0.6817126410495715,,0.0
2020__2020-11-01,stationary,10-20,low,mid,0.2749336085821595,,0.0
2020__2020-11-01,stationary,10-20,low,high,0.0433537503682689,,0.0
2020__2020-11-01,stationary,10-20,mid,low,0.1577033220334095,,0.0
2020__2020-11-01,stationary,10-20,mid,mid,0.5980110692395169,,0.0
2020__2020-11-01,stationary,10-20,mid,high,0.2442856087270735,,0.0
2020__2020-11-01,stationary,10-20,high,low,0.011115446865332,,0.0
2020__2020-11-01,stationary,10-20,high,mid,0.1809046798155273,,0.0
2020__2020-11-01,stationary,10-20,high,high,0.8079798733191407,,0.0
2020__2020-11-01,stationary,20-35,low,low,0.6817126410495715,,0.0
2020__2020-11-01,stationary,20-35,low,mid,0.2749336085821595,,0.0
2020__2020-11-01,stationary,20-35,low,high,0.0433537503682689,,0.0
2020__2020-11-01,stationary,20-35,mid,low,0.1577033220334095,,0.0
2020__2020-11-01,stationary,20-35,mid,mid,0.5980110692395169,,0.0
2020__2020-11-01,stationary,20-35,mid,high,0.2442856087270735,,0.0
2020__2020-11-01,stationary,20-35,high,low,0.011115446865332,,0.0
2020__2020-11-01,stationary,20-35,high,mid,0.1809046798155273,,0.0
2020__2020-11-01,stationary,20-35,high,high,0.8079798733191407,,0.0
2020__2020-11-01,age_banded,0-5,low,low,0.6371837543878794,35033.0,0.0
2020__2020-11-01,age_banded,0-5,low,mid,0.3046143213109983,16748.0,0.0
2020__2020-11-01,age_banded,0-5,low,high,0.0582019243011222,3200.0,0.0
2020__2020-11-01,age_banded,0-5,mid,low,0.1387497841478155,6428.0,0.0
2020__2020-11-01,age_banded,0-5,mid,mid,0.5561215679502677,25764.0,0.0
2020__2020-11-01,age_banded,0-5,mid,high,0.3051286479019168,14136.0,0.0
2020__2020-11-01,age_banded,0-5,high,low,0.0137539824384179,531.0,0.0
2020__2020-11-01,age_banded,0-5,high,mid,0.16294972414329,6291.0,0.0
2020__2020-11-01,age_banded,0-5,high,high,0.823296293418292,31785.0,0.0
2020__2020-11-01,age_banded,5-10,low,low,0.7547512278453983,7069.0,0.0
2020__2020-11-01,age_banded,5-10,low,mid,0.2286995515695067,2142.0,0.0
2020__2020-11-01,age_banded,5-10,low,high,0.016549220585095,155.0,0.0
2020__2020-11-01,age_banded,5-10,mid,low,0.1527527717236804,3224.0,0.0
2020__2020-11-01,age_banded,5-10,mid,mid,0.6398180612148204,13504.0,0.0
2020__2020-11-01,age_banded,5-10,mid,high,0.2074291670614991,4378.0,0.0
2020__2020-11-01,age_banded,5-10,high,low,0.0080119891636405,278.0,0.0
2020__2020-11-01,age_banded,5-10,high,mid,0.1761773012853766,6113.0,0.0
2020__2020-11-01,age_banded,5-10,high,high,0.8158107095509828,28307.0,0.0
2020__2020-11-01,age_banded,10-20,low,low,0.7802761709274119,8363.0,0.0
2020__2020-11-01,age_banded,10-20,low,mid,0.2098339242395969,2249.0,0.0
2020__2020-11-01,age_banded,10-20,low,high,0.0098899048329912,106.0,0.0
2020__2020-11-01,age_banded,10-20,mid,low,0.18343578130055,3402.0,0.0
2020__2020-11-01,age_banded,10-20,mid,mid,0.6472554728782487,12004.0,0.0
2020__2020-11-01,age_banded,10-20,mid,high,0.1693087458212013,3140.0,0.0
2020__2020-11-01,age_banded,10-20,high,low,0.00976290097629,217.0,0.0
2020__2020-11-01,age_banded,10-20,high,mid,0.2055158140999685,4568.0,0.0
2020__2020-11-01,age_banded,10-20,high,high,0.7847212849237414,17442.0,0.0
2020__2020-11-01,age_banded,20-35,low,low,0.8031212484993998,4683.0,0.0
2020__2020-11-01,age_banded,20-35,low,mid,0.1889898816669525,1102.0,0.0
2020__2020-11-01,age_banded,20-35,low,high,0.0078888698336477,46.0,0.0
2020__2020-11-01,age_banded,20-35,mid,low,0.2354570637119113,1530.0,0.0
2020__2020-11-01,age_banded,20-35,mid,mid,0.6203447214527547,4031.0,0.0
2020__2020-11-01,age_banded,20-35,mid,high,0.1441982148353339,937.0,0.0
2020__2020-11-01,age_banded,20-35,high,low,0.0173897769190233,99.0,0.0
2020__2020-11-01,age_banded,20-35,high,mid,0.2353767784999121,1340.0,0.0
2020__2020-11-01,age_banded,20-35,high,high,0.7472334445810644,4254.0,0.0
2020__2020-11-07,stationary,0-5,low,low,0.6814120328936675,,0.0
2020__2020-11-07,stationary,0-5,low,mid,0.2748991360988868,,0.0
2020__2020-11-07,stationary,0-5,low,high,0.0436888310074457,,0.0
2020__2020-11-07,stationary,0-5,mid,low,0.1577443216116622,,0.0
2020__2020-11-07,stationary,0-5,mid,mid,0.5973150976205278,,0.0
2020__2020-11-07,stationary,0-5,mid,high,0.24494058076781,,0.0
2020__2020-11-07,stationary,0-5,high,low,0.0112935517356535,,0.0
2020__2020-11-07,stationary,0-5,high,mid,0.1817875232986054,,0.0
2020__2020-11-07,stationary,0-5,high,high,0.806918924965741,,0.0
2020__2020-11-07,stationary,5-10,low,low,0.6814120328936675,,0.0
2020__2020-11-07,stationary,5-10,low,mid,0.2748991360988868,,0.0
2020__2020-11-07,stationary,5-10,low,high,0.0436888310074457,,0.0
2020__2020-11-07,stationary,5-10,mid,low,0.1577443216116622,,0.0
2020__2020-11-07,stationary,5-10,mid,mid,0.5973150976205278,,0.0
2020__2020-11-07,stationary,5-10,mid,high,0.24494058076781,,0.0
2020__2020-11-07,stationary,5-10,high,low,0.0112935517356535,,0.0
2020__2020-11-07,stationary,5-10,high,mid,0.1817875232986054,,0.0
2020__2020-11-07,stationary,5-10,high,high,0.806918924965741,,0.0
2020__2020-11-07,stationary,10-20,low,low,0.6814120328936675,,0.0
2020__2020-11-07,stationary,10-20,low,mid,0.2748991360988868,,0.0
2020__2020-11-07,stationary,10-20,low,high,0.0436888310074457,,0.0
2020__2020-11-07,stationary,10-20,mid,low,0.1577443216116622,,0.0
2020__2020-11-07,stationary,10-20,mid,mid,0.5973150976205278,,0.0
2020__2020-11-07,stationary,10-20,mid,high,0.24494058076781,,0.0
2020__2020-11-07,stationary,10-20,high,low,0.0112935517356535,,0.0
2020__2020-11-07,stationary,10-20,high,mid,0.1817875232986054,,0.0
2020__2020-11-07,stationary,10-20,high,high,0.806918924965741,,0.0
2020__2020-11-07,stationary,20-35,low,low,0.6814120328936675,,0.0
2020__2020-11-07,stationary,20-35,low,mid,0.2748991360988868,,0.0
2020__2020-11-07,stationary,20-35,low,high,0.0436888310074457,,0.0
2020__2020-11-07,stationary,20-35,mid,low,0.1577443216116622,,0.0
2020__2020-11-07,stationary,20-35,mid,mid,0.5973150976205278,,0.0
2020__2020-11-07,stationary,20-35,mid,high,0.24494058076781,,0.0
2020__2020-11-07,stationary,20-35,high,low,0.0112935517356535,,0.0
2020__2020-11-07,stationary,20-35,high,mid,0.1817875232986054,,0.0
2020__2020-11-07,stationary,20-35,high,high,0.806918924965741,,0.0
2020__2020-11-07,age_banded,0-5,low,low,0.6369305166709086,35035.0,0.0
2020__2020-11-07,age_banded,0-5,low,mid,0.3045667745336872,16753.0,0.0
2020__2020-11-07,age_banded,0-5,low,high,0.0585027087954041,3218.0,0.0
2020__2020-11-07,age_banded,0-5,mid,low,0.1390097638068022,6421.0,0.0
2020__2020-11-07,age_banded,0-5,mid,mid,0.5555627719685653,25662.0,0.0
2020__2020-11-07,age_banded,0-5,mid,high,0.3054274642246325,14108.0,0.0
2020__2020-11-07,age_banded,0-5,high,low,0.0137580146925213,530.0,0.0
2020__2020-11-07,age_banded,0-5,high,mid,0.1630454533655219,6281.0,0.0
2020__2020-11-07,age_banded,0-5,high,high,0.8231965319419567,31712.0,0.0
2020__2020-11-07,age_banded,5-10,low,low,0.7510417779677316,7029.0,0.0
2020__2020-11-07,age_banded,5-10,low,mid,0.2317555294369056,2169.0,0.0
2020__2020-11-07,age_banded,5-10,low,high,0.0172026925953627,161.0,0.0
2020__2020-11-07,age_banded,5-10,mid,low,0.1532120523024445,3234.0,0.0
2020__2020-11-07,age_banded,5-10,mid,mid,0.6381466742467311,13470.0,0.0
2020__2020-11-07,age_banded,5-10,mid,high,0.2086412734508243,4404.0,0.0
2020__2020-11-07,age_banded,5-10,high,low,0.0080628905462608,280.0,0.0
2020__2020-11-07,age_banded,5-10,high,mid,0.1770956316410862,6150.0,0.0
2020__2020-11-07,age_banded,5-10,high,high,0.8148414778126529,28297.0,0.0
2020__2020-11-07,age_banded,10-20,low,low,0.7800055954490348,8364.0,0.0
2020__2020-11-07,age_banded,10-20,low,mid,0.2096428238366129,2248.0,0.0
2020__2020-11-07,age_banded,10-20,low,high,0.0103515807143523,111.0,0.0
2020__2020-11-07,age_banded,10-20,mid,low,0.1821836308088117,3399.0,0.0
2020__2020-11-07,age_banded,10-20,mid,mid,0.6466205713673152,12064.0,0.0
2020__2020-11-07,age_banded,10-20,mid,high,0.171195797823873,3194.0,0.0
2020__2020-11-07,age_banded,10-20,high,low,0.0102566399426703,229.0,0.0
2020__2020-11-07,age_banded,10-20,high,mid,0.2071482957853719,4625.0,0.0
2020__2020-11-07,age_banded,10-20,high,high,0.7825950642719577,17473.0,0.0
2020__2020-11-07,age_banded,20-35,low,low,0.8060810810810811,4772.0,0.0
2020__2020-11-07,age_banded,20-35,low,mid,0.1856418918918919,1099.0,0.0
2020__2020-11-07,age_banded,20-35,low,high,0.008277027027027,49.0,0.0
2020__2020-11-07,age_banded,20-35,mid,low,0.2350061199510404,1536.0,0.0
2020__2020-11-07,age_banded,20-35,mid,mid,0.6197980416156671,4051.0,0.0
2020__2020-11-07,age_banded,20-35,mid,high,0.1451958384332925,949.0,0.0
2020__2020-11-07,age_banded,20-35,high,low,0.0183118242064876,105.0,0.0
2020__2020-11-07,age_banded,20-35,high,mid,0.2373561213812347,1361.0,0.0
2020__2020-11-07,age_banded,20-35,high,high,0.7443320544122777,4268.0,0.0
2020__2020-12-06,stationary,0-5,low,low,0.6820725610421259,,0.0
2020__2020-12-06,stationary,0-5,low,mid,0.2746530329132474,,0.0
2020__2020-12-06,stationary,0-5,low,high,0.0432744060446266,,0.0
2020__2020-12-06,stationary,0-5,mid,low,0.1574284813263053,,0.0
2020__2020-12-06,stationary,0-5,mid,mid,0.5981042483218453,,0.0
2020__2020-12-06,stationary,0-5,mid,high,0.2444672703518493,,0.0
2020__2020-12-06,stationary,0-5,high,low,0.0112549582854162,,0.0
2020__2020-12-06,stationary,0-5,high,mid,0.1809529450282238,,0.0
2020__2020-12-06,stationary,0-5,high,high,0.80779209668636,,0.0
2020__2020-12-06,stationary,5-10,low,low,0.6820725610421259,,0.0
2020__2020-12-06,stationary,5-10,low,mid,0.2746530329132474,,0.0
2020__2020-12-06,stationary,5-10,low,high,0.0432744060446266,,0.0
2020__2020-12-06,stationary,5-10,mid,low,0.1574284813263053,,0.0
2020__2020-12-06,stationary,5-10,mid,mid,0.5981042483218453,,0.0
2020__2020-12-06,stationary,5-10,mid,high,0.2444672703518493,,0.0
2020__2020-12-06,stationary,5-10,high,low,0.0112549582854162,,0.0
2020__2020-12-06,stationary,5-10,high,mid,0.1809529450282238,,0.0
2020__2020-12-06,stationary,5-10,high,high,0.80779209668636,,0.0
2020__2020-12-06,stationary,10-20,low,low,0.6820725610421259,,0.0
2020__2020-12-06,stationary,10-20,low,mid,0.2746530329132474,,0.0
2020__2020-12-06,stationary,10-20,low,high,0.0432744060446266,,0.0
2020__2020-12-06,stationary,10-20,mid,low,0.1574284813263053,,0.0
2020__2020-12-06,stationary,10-20,mid,mid,0.5981042483218453,,0.0
2020__2020-12-06,stationary,10-20,mid,high,0.2444672703518493,,0.0
2020__2020-12-06,stationary,10-20,high,low,0.0112549582854162,,0.0
2020__2020-12-06,stationary,10-20,high,mid,0.1809529450282238,,0.0
2020__2020-12-06,stationary,10-20,high,high,0.80779209668636,,0.0
2020__2020-12-06,stationary,20-35,low,low,0.6820725610421259,,0.0
2020__2020-12-06,stationary,20-35,low,mid,0.2746530329132474,,0.0
2020__2020-12-06,stationary,20-35,low,high,0.0432744060446266,,0.0
2020__2020-12-06,stationary,20-35,mid,low,0.1574284813263053,,0.0
2020__2020-12-06,stationary,20-35,mid,mid,0.5981042483218453,,0.0
2020__2020-12-06,stationary,20-35,mid,high,0.2444672703518493,,0.0
2020__2020-12-06,stationary,20-35,high,low,0.0112549582854162,,0.0
2020__2020-12-06,stationary,20-35,high,mid,0.1809529450282238,,0.0
2020__2020-12-06,stationary,20-35,high,high,0.80779209668636,,0.0
2020__2020-12-06,age_banded,0-5,low,low,0.6373900079994183,35059.0,0.0
2020__2020-12-06,age_banded,0-5,low,mid,0.30445058541197,16746.0,0.0
2020__2020-12-06,age_banded,0-5,low,high,0.0581594065886117,3199.0,0.0
2020__2020-12-06,age_banded,0-5,mid,low,0.1390492249821648,6432.0,0.0
2020__2020-12-06,age_banded,0-5,mid,mid,0.5558510063341765,25712.0,0.0
2020__2020-12-06,age_banded,0-5,mid,high,0.3050997686836587,14113.0,0.0
2020__2020-12-06,age_banded,0-5,high,low,0.0137406166393932,529.0,0.0
2020__2020-12-06,age_banded,0-5,high,mid,0.1625237019143354,6257.0,0.0
2020__2020-12-06,age_banded,0-5,high,high,0.8237356814462713,31713.0,0.0
2020__2020-12-06,age_banded,5-10,low,low,0.7528723404255319,7077.0,0.0
2020__2020-12-06,age_banded,5-10,low,mid,0.2308510638297872,2170.0,0.0
2020__2020-12-06,age_banded,5-10,low,high,0.0162765957446808,153.0,0.0
2020__2020-12-06,age_banded,5-10,mid,low,0.152983485543936,3233.0,0.0
2020__2020-12-06,age_banded,5-10,mid,mid,0.6405621539771921,13537.0,0.0
2020__2020-12-06,age_banded,5-10,mid,high,0.2064543604788719,4363.0,0.0
2020__2020-12-06,age_banded,5-10,high,low,0.0080982160869189,281.0,0.0
2020__2020-12-06,age_banded,5-10,high,mid,0.1762875010807227,6117.0,0.0
2020__2020-12-06,age_banded,5-10,high,high,0.8156142828323583,28301.0,0.0
2020__2020-12-06,age_banded,10-20,low,low,0.7819029850746269,8382.0,0.0
2020__2020-12-06,age_banded,10-20,low,mid,0.2083022388059701,2233.0,0.0
2020__2020-12-06,age_banded,10-20,low,high,0.0097947761194029,105.0,0.0
2020__2020-12-06,age_banded,10-20,mid,low,0.1817202563688264,3374.0,0.0
2020__2020-12-06,age_banded,10-20,mid,mid,0.6463079657456778,12000.0,0.0
2020__2020-12-06,age_banded,10-20,mid,high,0.1719717778854957,3193.0,0.0
2020__2020-12-06,age_banded,10-20,high,low,0.0101443446395852,227.0,0.0
2020__2020-12-06,age_banded,10-20,high,mid,0.2054788398802341,4598.0,0.0
2020__2020-12-06,age_banded,10-20,high,high,0.7843768154801806,17552.0,0.0
2020__2020-12-06,age_banded,20-35,low,low,0.8055033327636302,4713.0,0.0
2020__2020-12-06,age_banded,20-35,low,mid,0.1864638523329345,1091.0,0.0
2020__2020-12-06,age_banded,20-35,low,high,0.0080328149034353,47.0,0.0
2020__2020-12-06,age_banded,20-35,mid,low,0.2329249617151608,1521.0,0.0
2020__2020-12-06,age_banded,20-35,mid,mid,0.6229709035222052,4068.0,0.0
2020__2020-12-06,age_banded,20-35,mid,high,0.144104134762634,941.0,0.0
2020__2020-12-06,age_banded,20-35,high,low,0.0179818435754189,103.0,0.0
2020__2020-12-06,age_banded,20-35,high,mid,0.2372555865921787,1359.0,0.0
2020__2020-12-06,age_banded,20-35,high,high,0.7447625698324022,4266.0,0.0
2021__2021-05-22,stationary,0-5,low,low,0.6813927653531687,,0.0
2021__2021-05-22,stationary,0-5,low,mid,0.2751379348012028,,0.0
2021__2021-05-22,stationary,0-5,low,high,0.0434692998456284,,0.0
2021__2021-05-22,stationary,0-5,mid,low,0.1578131785166646,,0.0
2021__2021-05-22,stationary,0-5,mid,mid,0.5977649604759819,,0.0
2021__2021-05-22,stationary,0-5,mid,high,0.2444218610073534,,0.0
2021__2021-05-22,stationary,0-5,high,low,0.0111076559078217,,0.0
2021__2021-05-22,stationary,0-5,high,mid,0.1813010979319785,,0.0
2021__2021-05-22,stationary,0-5,high,high,0.8075912461601997,,0.0
2021__2021-05-22,stationary,5-10,low,low,0.6813927653531687,,0.0
2021__2021-05-22,stationary,5-10,low,mid,0.2751379348012028,,0.0
2021__2021-05-22,stationary,5-10,low,high,0.0434692998456284,,0.0
2021__2021-05-22,stationary,5-10,mid,low,0.1578131785166646,,0.0
2021__2021-05-22,stationary,5-10,mid,mid,0.5977649604759819,,0.0
2021__2021-05-22,stationary,5-10,mid,high,0.2444218610073534,,0.0
2021__2021-05-22,stationary,5-10,high,low,0.0111076559078217,,0.0
2021__2021-05-22,stationary,5-10,high,mid,0.1813010979319785,,0.0
2021__2021-05-22,stationary,5-10,high,high,0.8075912461601997,,0.0
2021__2021-05-22,stationary,10-20,low,low,0.6813927653531687,,0.0
2021__2021-05-22,stationary,10-20,low,mid,0.2751379348012028,,0.0
2021__2021-05-22,stationary,10-20,low,high,0.0434692998456284,,0.0
2021__2021-05-22,stationary,10-20,mid,low,0.1578131785166646,,0.0
2021__2021-05-22,stationary,10-20,mid,mid,0.5977649604759819,,0.0
2021__2021-05-22,stationary,10-20,mid,high,0.2444218610073534,,0.0
2021__2021-05-22,stationary,10-20,high,low,0.0111076559078217,,0.0
2021__2021-05-22,stationary,10-20,high,mid,0.1813010979319785,,0.0
2021__2021-05-22,stationary,10-20,high,high,0.8075912461601997,,0.0
2021__2021-05-22,stationary,20-35,low,low,0.6813927653531687,,0.0
2021__2021-05-22,stationary,20-35,low,mid,0.2751379348012028,,0.0
2021__2021-05-22,stationary,20-35,low,high,0.0434692998456284,,0.0
2021__2021-05-22,stationary,20-35,mid,low,0.1578131785166646,,0.0
2021__2021-05-22,stationary,20-35,mid,mid,0.5977649604759819,,0.0
2021__2021-05-22,stationary,20-35,mid,high,0.2444218610073534,,0.0
2021__2021-05-22,stationary,20-35,high,low,0.0111076559078217,,0.0
2021__2021-05-22,stationary,20-35,high,mid,0.1813010979319785,,0.0
2021__2021-05-22,stationary,20-35,high,high,0.8075912461601997,,0.0
2021__2021-05-22,age_banded,0-5,low,low,0.6375992586266422,35089.0,0.0
2021__2021-05-22,age_banded,0-5,low,mid,0.3042538113495539,16744.0,0.0
2021__2021-05-22,age_banded,0-5,low,high,0.0581469300238039,3200.0,0.0
2021__2021-05-22,age_banded,0-5,mid,low,0.1392070675356733,6429.0,0.0
2021__2021-05-22,age_banded,0-5,mid,mid,0.5552042959530563,25641.0,0.0
2021__2021-05-22,age_banded,0-5,mid,high,0.3055886365112704,14113.0,0.0
2021__2021-05-22,age_banded,0-5,high,low,0.0137573004542504,530.0,0.0
2021__2021-05-22,age_banded,0-5,high,mid,0.1629331602855288,6277.0,0.0
2021__2021-05-22,age_banded,0-5,high,high,0.8233095392602207,31718.0,0.0
2021__2021-05-22,age_banded,5-10,low,low,0.7524053880692751,7038.0,0.0
2021__2021-05-22,age_banded,5-10,low,mid,0.2309172546504169,2160.0,0.0
2021__2021-05-22,age_banded,5-10,low,high,0.0166773572803078,156.0,0.0
2021__2021-05-22,age_banded,5-10,mid,low,0.1519651894243957,3213.0,0.0
2021__2021-05-22,age_banded,5-10,mid,mid,0.6413943149032777,13561.0,0.0
2021__2021-05-22,age_banded,5-10,mid,high,0.2066404956723265,4369.0,0.0
2021__2021-05-22,age_banded,5-10,high,low,0.0079612322602976,276.0,0.0
2021__2021-05-22,age_banded,5-10,high,mid,0.1759547709703472,6100.0,0.0
2021__2021-05-22,age_banded,5-10,high,high,0.8160839967693551,28292.0,0.0
2021__2021-05-22,age_banded,10-20,low,low,0.7797752808988764,8328.0,0.0
2021__2021-05-22,age_banded,10-20,low,mid,0.2098314606741573,2241.0,0.0
2021__2021-05-22,age_banded,10-20,low,high,0.0103932584269662,111.0,0.0
2021__2021-05-22,age_banded,10-20,mid,low,0.1830191719026905,3408.0,0.0
2021__2021-05-22,age_banded,10-20,mid,mid,0.645507760055851,12020.0,0.0
2021__2021-05-22,age_banded,10-20,mid,high,0.1714730680414585,3193.0,0.0
2021__2021-05-22,age_banded,10-20,high,low,0.0098280098280098,220.0,0.0
2021__2021-05-22,age_banded,10-20,high,mid,0.2070582979673888,4635.0,0.0
2021__2021-05-22,age_banded,10-20,high,high,0.7831136922046013,17530.0,0.0
2021__2021-05-22,age_banded,20-35,low,low,0.8013107968264919,4646.0,0.0
2021__2021-05-22,age_banded,20-35,low,mid,0.1904104863746119,1104.0,0.0
2021__2021-05-22,age_banded,20-35,low,high,0.0082787167988961,48.0,0.0
2021__2021-05-22,age_banded,20-35,mid,low,0.2362192701175752,1547.0,0.0
2021__2021-05-22,age_banded,20-35,mid,mid,0.621316231485723,4069.0,0.0
2021__2021-05-22,age_banded,20-35,mid,high,0.1424644983967017,933.0,0.0
2021__2021-05-22,age_banded,20-35,high,low,0.0173137460650577,99.0,0.0
2021__2021-05-22,age_banded,20-35,high,mid,0.2366211962224554,1353.0,0.0
2021__2021-05-22,age_banded,20-35,high,high,0.7460650577124869,4266.0,0.0
2021__2021-05-29,stationary,0-5,low,low,0.6813811125857794,,0.0
2021__2021-05-29,stationary,0-5,low,mid,0.2750352377130982,,0.0
2021__2021-05-29,stationary,0-5,low,high,0.0435836497011224,,0.0
2021__2021-05-29,stationary,0-5,mid,low,0.1577546990129417,,0.0
2021__2021-05-29,stationary,0-5,mid,mid,0.5977022047241259,,0.0
2021__2021-05-29,stationary,0-5,mid,high,0.2445430962629323,,0.0
2021__2021-05-29,stationary,0-5,high,low,0.0112653856342064,,0.0
2021__2021-05-29,stationary,0-5,high,mid,0.1814653392366784,,0.0
2021__2021-05-29,stationary,0-5,high,high,0.8072692751291152,,0.0
2021__2021-05-29,stationary,5-10,low,low,0.6813811125857794,,0.0
2021__2021-05-29,stationary,5-10,low,mid,0.2750352377130982,,0.0
2021__2021-05-29,stationary,5-10,low,high,0.0435836497011224,,0.0
2021__2021-05-29,stationary,5-10,mid,low,0.1577546990129417,,0.0
2021__2021-05-29,stationary,5-10,mid,mid,0.5977022047241259,,0.0
2021__2021-05-29,stationary,5-10,mid,high,0.2445430962629323,,0.0
2021__2021-05-29,stationary,5-10,high,low,0.0112653856342064,,0.0
2021__2021-05-29,stationary,5-10,high,mid,0.1814653392366784,,0.0
2021__2021-05-29,stationary,5-10,high,high,0.8072692751291152,,0.0
2021__2021-05-29,stationary,10-20,low,low,0.6813811125857794,,0.0
2021__2021-05-29,stationary,10-20,low,mid,0.2750352377130982,,0.0
2021__2021-05-29,stationary,10-20,low,high,0.0435836497011224,,0.0
2021__2021-05-29,stationary,10-20,mid,low,0.1577546990129417,,0.0
2021__2021-05-29,stationary,10-20,mid,mid,0.5977022047241259,,0.0
2021__2021-05-29,stationary,10-20,mid,high,0.2445430962629323,,0.0
2021__2021-05-29,stationary,10-20,high,low,0.0112653856342064,,0.0
2021__2021-05-29,stationary,10-20,high,mid,0.1814653392366784,,0.0
2021__2021-05-29,stationary,10-20,high,high,0.8072692751291152,,0.0
2021__2021-05-29,stationary,20-35,low,low,0.6813811125857794,,0.0
2021__2021-05-29,stationary,20-35,low,mid,0.2750352377130982,,0.0
2021__2021-05-29,stationary,20-35,low,high,0.0435836497011224,,0.0
2021__2021-05-29,stationary,20-35,mid,low,0.1577546990129417,,0.0
2021__2021-05-29,stationary,20-35,mid,mid,0.5977022047241259,,0.0
2021__2021-05-29,stationary,20-35,mid,high,0.2445430962629323,,0.0
2021__2021-05-29,stationary,20-35,high,low,0.0112653856342064,,0.0
2021__2021-05-29,stationary,20-35,high,mid,0.1814653392366784,,0.0
2021__2021-05-29,stationary,20-35,high,high,0.8072692751291152,,0.0
2021__2021-05-29,age_banded,0-5,low,low,0.6371130276895143,35089.0,0.0
2021__2021-05-29,age_banded,0-5,low,mid,0.3045120290512937,16771.0,0.0
2021__2021-05-29,age_banded,0-5,low,high,0.058374943259192,3215.0,0.0
2021__2021-05-29,age_banded,0-5,mid,low,0.1393547270248631,6440.0,0.0
2021__2021-05-29,age_banded,0-5,mid,mid,0.5549953476294549,25648.0,0.0
2021__2021-05-29,age_banded,0-5,mid,high,0.3056499253456819,14125.0,0.0
2021__2021-05-29,age_banded,0-5,high,low,0.0138341968911917,534.0,0.0
2021__2021-05-29,age_banded,0-5,high,mid,0.1631865284974093,6299.0,0.0
2021__2021-05-29,age_banded,0-5,high,high,0.822979274611399,31767.0,0.0
2021__2021-05-29,age_banded,5-10,low,low,0.7517654611598544,7026.0,0.0
2021__2021-05-29,age_banded,5-10,low,mid,0.231435908410015,2163.0,0.0
2021__2021-05-29,age_banded,5-10,low,high,0.0167986304301305,157.0,0.0
2021__2021-05-29,age_banded,5-10,mid,low,0.1523616288397112,3229.0,0.0
2021__2021-05-29,age_banded,5-10,mid,mid,0.6397867220308593,13559.0,0.0
2021__2021-05-29,age_banded,5-10,mid,high,0.2078516491294295,4405.0,0.0
2021__2021-05-29,age_banded,5-10,high,low,0.007930328459786,275.0,0.0
2021__2021-05-29,age_banded,5-10,high,mid,0.1769760936643885,6137.0,0.0
2021__2021-05-29,age_banded,5-10,high,high,0.8150935778758255,28265.0,0.0
2021__2021-05-29,age_banded,10-20,low,low,0.78039471234407,8383.0,0.0
2021__2021-05-29,age_banded,10-20,low,mid,0.2094582014522435,2250.0,0.0
2021__2021-05-29,age_banded,10-20,low,high,0.0101470862036864,109.0,0.0
2021__2021-05-29,age_banded,10-20,mid,low,0.1824950452621993,3407.0,0.0
2021__2021-05-29,age_banded,10-20,mid,mid,0.6469012801971182,12077.0,0.0
2021__2021-05-29,age_banded,10-20,mid,high,0.1706036745406824,3185.0,0.0
2021__2021-05-29,age_banded,10-20,high,low,0.0103074303128081,230.0,0.0
2021__2021-05-29,age_banded,10-20,high,mid,0.2063726808281796,4605.0,0.0
2021__2021-05-29,age_banded,10-20,high,high,0.7833198888590123,17479.0,0.0
2021__2021-05-29,age_banded,20-35,low,low,0.8042509427494001,4692.0,0.0
2021__2021-05-29,age_banded,20-35,low,mid,0.1873500171408982,1093.0,0.0
2021__2021-05-29,age_banded,20-35,low,high,0.0083990401097017,49.0,0.0
2021__2021-05-29,age_banded,20-35,mid,low,0.235013833384568,1529.0,0.0
2021__2021-05-29,age_banded,20-35,mid,mid,0.6228097141100523,4052.0,0.0
2021__2021-05-29,age_banded,20-35,mid,high,0.1421764525053796,925.0,0.0
2021__2021-05-29,age_banded,20-35,high,low,0.0178727878044506,102.0,0.0
2021__2021-05-29,age_banded,20-35,high,mid,0.2349745926055721,1341.0,0.0
2021__2021-05-29,age_banded,20-35,high,high,0.7471526195899773,4264.0,0.0
2021__2021-06-05,stationary,0-5,low,low,0.6819681375424211,,0.0
2021__2021-06-05,stationary,0-5,low,mid,0.2748605168542563,,0.0
2021__2021-06-05,stationary,0-5,low,high,0.0431713456033224,,0.0
2021__2021-06-05,stationary,0-5,mid,low,0.1573813320360711,,0.0
2021__2021-06-05,stationary,0-5,mid,mid,0.5975315982450925,,0.0
2021__2021-06-05,stationary,0-5,mid,high,0.2450870697188364,,0.0
2021__2021-06-05,stationary,0-5,high,low,0.0110719189626962,,0.0
2021__2021-06-05,stationary,0-5,high,mid,0.1812601234963781,,0.0
2021__2021-06-05,stationary,0-5,high,high,0.8076679575409257,,0.0
2021__2021-06-05,stationary,5-10,low,low,0.6819681375424211,,0.0
2021__2021-06-05,stationary,5-10,low,mid,0.2748605168542563,,0.0
2021__2021-06-05,stationary,5-10,low,high,0.0431713456033224,,0.0
2021__2021-06-05,stationary,5-10,mid,low,0.1573813320360711,,0.0
2021__2021-06-05,stationary,5-10,mid,mid,0.5975315982450925,,0.0
2021__2021-06-05,stationary,5-10,mid,high,0.2450870697188364,,0.0
2021__2021-06-05,stationary,5-10,high,low,0.0110719189626962,,0.0
2021__2021-06-05,stationary,5-10,high,mid,0.1812601234963781,,0.0
2021__2021-06-05,stationary,5-10,high,high,0.8076679575409257,,0.0
2021__2021-06-05,stationary,10-20,low,low,0.6819681375424211,,0.0
2021__2021-06-05,stationary,10-20,low,mid,0.2748605168542563,,0.0
2021__2021-06-05,stationary,10-20,low,high,0.0431713456033224,,0.0
2021__2021-06-05,stationary,10-20,mid,low,0.1573813320360711,,0.0
2021__2021-06-05,stationary,10-20,mid,mid,0.5975315982450925,,0.0
2021__2021-06-05,stationary,10-20,mid,high,0.2450870697188364,,0.0
2021__2021-06-05,stationary,10-20,high,low,0.0110719189626962,,0.0
2021__2021-06-05,stationary,10-20,high,mid,0.1812601234963781,,0.0
2021__2021-06-05,stationary,10-20,high,high,0.8076679575409257,,0.0
2021__2021-06-05,stationary,20-35,low,low,0.6819681375424211,,0.0
2021__2021-06-05,stationary,20-35,low,mid,0.2748605168542563,,0.0
2021__2021-06-05,stationary,20-35,low,high,0.0431713456033224,,0.0
2021__2021-06-05,stationary,20-35,mid,low,0.1573813320360711,,0.0
2021__2021-06-05,stationary,20-35,mid,mid,0.5975315982450925,,0.0
2021__2021-06-05,stationary,20-35,mid,high,0.2450870697188364,,0.0
2021__2021-06-05,stationary,20-35,high,low,0.0110719189626962,,0.0
2021__2021-06-05,stationary,20-35,high,mid,0.1812601234963781,,0.0
2021__2021-06-05,stationary,20-35,high,high,0.8076679575409257,,0.0
2021__2021-06-05,age_banded,0-5,low,low,0.6373426802026769,35094.0,0.0
2021__2021-06-05,age_banded,0-5,low,mid,0.3049779343660898,16793.0,0.0
2021__2021-06-05,age_banded,0-5,low,high,0.0576793854312333,3176.0,0.0
2021__2021-06-05,age_banded,0-5,mid,low,0.1383316417974907,6406.0,0.0
2021__2021-06-05,age_banded,0-5,mid,mid,0.555313222051869,25716.0,0.0
2021__2021-06-05,age_banded,0-5,mid,high,0.3063551361506402,14187.0,0.0
2021__2021-06-05,age_banded,0-5,high,low,0.013748022100594,530.0,0.0
2021__2021-06-05,age_banded,0-5,high,mid,0.1629010920598687,6280.0,0.0
2021__2021-06-05,age_banded,0-5,high,high,0.8233508858395372,31741.0,0.0
2021__2021-06-05,age_banded,5-10,low,low,0.7529838022165388,7066.0,0.0
2021__2021-06-05,age_banded,5-10,low,mid,0.2299658994032395,2158.0,0.0
2021__2021-06-05,age_banded,5-10,low,high,0.0170502983802216,160.0,0.0
2021__2021-06-05,age_banded,5-10,mid,low,0.1526410450586899,3225.0,0.0
2021__2021-06-05,age_banded,5-10,mid,mid,0.64033510034078,13529.0,0.0
2021__2021-06-05,age_banded,5-10,mid,high,0.2070238546005301,4374.0,0.0
2021__2021-06-05,age_banded,5-10,high,low,0.007830042028902,272.0,0.0
2021__2021-06-05,age_banded,5-10,high,mid,0.1764638148425355,6130.0,0.0
2021__2021-06-05,age_banded,5-10,high,high,0.8157061431285624,28336.0,0.0
2021__2021-06-05,age_banded,10-20,low,low,0.7828079693199888,8369.0,0.0
2021__2021-06-05,age_banded,10-20,low,mid,0.2065288560471424,2208.0,0.0
2021__2021-06-05,age_banded,10-20,low,high,0.0106631746328687,114.0,0.0
2021__2021-06-05,age_banded,10-20,mid,low,0.1825764098148945,3393.0,0.0
2021__2021-06-05,age_banded,10-20,mid,mid,0.6464700817907878,12014.0,0.0
2021__2021-06-05,age_banded,10-20,mid,high,0.1709535083943177,3177.0,0.0
2021__2021-06-05,age_banded,10-20,high,low,0.0101014615831582,226.0,0.0
2021__2021-06-05,age_banded,10-20,high,mid,0.20609663433603,4611.0,0.0
2021__2021-06-05,age_banded,10-20,high,high,0.7838019040808117,17536.0,0.0
2021__2021-06-05,age_banded,20-35,low,low,0.8039349871685201,4699.0,0.0
2021__2021-06-05,age_banded,20-35,low,mid,0.1881950384944397,1100.0,0.0
2021__2021-06-05,age_banded,20-35,low,high,0.0078699743370402,46.0,0.0
2021__2021-06-05,age_banded,20-35,mid,low,0.2366918685388057,1534.0,0.0
2021__2021-06-05,age_banded,20-35,mid,mid,0.6193488659157538,4014.0,0.0
2021__2021-06-05,age_banded,20-35,mid,high,0.1439592655454405,933.0,0.0
2021__2021-06-05,age_banded,20-35,high,low,0.0165202108963093,94.0,0.0
2021__2021-06-05,age_banded,20-35,high,mid,0.2372583479789103,1350.0,0.0
2021__2021-06-05,age_banded,20-35,high,high,0.7462214411247803,4246.0,0.0
2021__2021-06-22,stationary,0-5,low,low,0.6824689131915926,,0.0
2021__2021-06-22,stationary,0-5,low,mid,0.2745251812925443,,0.0
2021__2021-06-22,stationary,0-5,low,high,0.0430059055158629,,0.0
2021__2021-06-22,stationary,0-5,mid,low,0.1575050017738063,,0.0
2021__2021-06-22,stationary,0-5,mid,mid,0.597610673812315,,0.0
2021__2021-06-22,stationary,0-5,mid,high,0.2448843244138785,,0.0
2021__2021-06-22,stationary,0-5,high,low,0.0110660922234669,,0.0
2021__2021-06-22,stationary,0-5,high,mid,0.181770476054174,,0.0
2021__2021-06-22,stationary,0-5,high,high,0.807163431722359,,0.0
2021__2021-06-22,stationary,5-10,low,low,0.6824689131915926,,0.0
2021__2021-06-22,stationary,5-10,low,mid,0.2745251812925443,,0.0
2021__2021-06-22,stationary,5-10,low,high,0.0430059055158629,,0.0
2021__2021-06-22,stationary,5-10,mid,low,0.1575050017738063,,0.0
2021__2021-06-22,stationary,5-10,mid,mid,0.597610673812315,,0.0
2021__2021-06-22,stationary,5-10,mid,high,0.2448843244138785,,0.0
2021__2021-06-22,stationary,5-10,high,low,0.0110660922234669,,0.0
2021__2021-06-22,stationary,5-10,high,mid,0.181770476054174,,0.0
2021__2021-06-22,stationary,5-10,high,high,0.807163431722359,,0.0
2021__2021-06-22,stationary,10-20,low,low,0.6824689131915926,,0.0
2021__2021-06-22,stationary,10-20,low,mid,0.2745251812925443,,0.0
2021__2021-06-22,stationary,10-20,low,high,0.0430059055158629,,0.0
2021__2021-06-22,stationary,10-20,mid,low,0.1575050017738063,,0.0
2021__2021-06-22,stationary,10-20,mid,mid,0.597610673812315,,0.0
2021__2021-06-22,stationary,10-20,mid,high,0.2448843244138785,,0.0
2021__2021-06-22,stationary,10-20,high,low,0.0110660922234669,,0.0
2021__2021-06-22,stationary,10-20,high,mid,0.181770476054174,,0.0
2021__2021-06-22,stationary,10-20,high,high,0.807163431722359,,0.0
2021__2021-06-22,stationary,20-35,low,low,0.6824689131915926,,0.0
2021__2021-06-22,stationary,20-35,low,mid,0.2745251812925443,,0.0
2021__2021-06-22,stationary,20-35,low,high,0.0430059055158629,,0.0
2021__2021-06-22,stationary,20-35,mid,low,0.1575050017738063,,0.0
2021__2021-06-22,stationary,20-35,mid,mid,0.597610673812315,,0.0
2021__2021-06-22,stationary,20-35,mid,high,0.2448843244138785,,0.0
2021__2021-06-22,stationary,20-35,high,low,0.0110660922234669,,0.0
2021__2021-06-22,stationary,20-35,high,mid,0.181770476054174,,0.0
2021__2021-06-22,stationary,20-35,high,high,0.807163431722359,,0.0
2021__2021-06-22,age_banded,0-5,low,low,0.6378315402399286,35038.0,0.0
2021__2021-06-22,age_banded,0-5,low,mid,0.3043707789489014,16720.0,0.0
2021__2021-06-22,age_banded,0-5,low,high,0.0577976808111699,3175.0,0.0
2021__2021-06-22,age_banded,0-5,mid,low,0.1385689808488949,6389.0,0.0
2021__2021-06-22,age_banded,0-5,mid,mid,0.554709697009131,25576.0,0.0
2021__2021-06-22,age_banded,0-5,mid,high,0.3067213221419741,14142.0,0.0
2021__2021-06-22,age_banded,0-5,high,low,0.0135773624091381,523.0,0.0
2021__2021-06-22,age_banded,0-5,high,mid,0.1632139148494288,6287.0,0.0
2021__2021-06-22,age_banded,0-5,high,high,0.823208722741433,31710.0,0.0
2021__2021-06-22,age_banded,5-10,low,low,0.7532314923619271,7051.0,0.0
2021__2021-06-22,age_banded,5-10,low,mid,0.2303172737955346,2156.0,0.0
2021__2021-06-22,age_banded,5-10,low,high,0.0164512338425381,154.0,0.0
2021__2021-06-22,age_banded,5-10,mid,low,0.1526355707243079,3220.0,0.0
2021__2021-06-22,age_banded,5-10,mid,mid,0.6397895335608647,13497.0,0.0
2021__2021-06-22,age_banded,5-10,mid,high,0.2075748957148274,4379.0,0.0
2021__2021-06-22,age_banded,5-10,high,low,0.0078653951424702,273.0,0.0
2021__2021-06-22,age_banded,5-10,high,mid,0.1769281742487539,6141.0,0.0
2021__2021-06-22,age_banded,5-10,high,high,0.8152064306087758,28295.0,0.0
2021__2021-06-22,age_banded,10-20,low,low,0.7821874417738028,8396.0,0.0
2021__2021-06-22,age_banded,10-20,low,mid,0.2079373951928451,2232.0,0.0
2021__2021-06-22,age_banded,10-20,low,high,0.0098751630333519,106.0,0.0
2021__2021-06-22,age_banded,10-20,mid,low,0.1818861476022642,3406.0,0.0
2021__2021-06-22,age_banded,10-20,mid,mid,0.6471216490441098,12118.0,0.0
2021__2021-06-22,age_banded,10-20,mid,high,0.1709922033536259,3202.0,0.0
2021__2021-06-22,age_banded,10-20,high,low,0.0098345999105945,220.0,0.0
2021__2021-06-22,age_banded,10-20,high,mid,0.2070630308448815,4632.0,0.0
2021__2021-06-22,age_banded,10-20,high,high,0.7831023692445239,17518.0,0.0
2021__2021-06-22,age_banded,20-35,low,low,0.8035684228244403,4774.0,0.0
2021__2021-06-22,age_banded,20-35,low,mid,0.188520451102508,1120.0,0.0
2021__2021-06-22,age_banded,20-35,low,high,0.0079111260730516,47.0,0.0
2021__2021-06-22,age_banded,20-35,mid,low,0.2359160247696722,1562.0,0.0
2021__2021-06-22,age_banded,20-35,mid,mid,0.6219604289382269,4118.0,0.0
2021__2021-06-22,age_banded,20-35,mid,high,0.1421235462921009,941.0,0.0
2021__2021-06-22,age_banded,20-35,high,low,0.018369489153254,105.0,0.0
2021__2021-06-22,age_banded,20-35,high,mid,0.2372288313505948,1356.0,0.0
2021__2021-06-22,age_banded,20-35,high,high,0.7444016794961511,4255.0,0.0
2021__2021-06-26,stationary,0-5,low,low,0.6814866603844322,,0.0
2021__2021-06-26,stationary,0-5,low,mid,0.2750666220830673,,0.0
2021__2021-06-26,stationary,0-5,low,high,0.0434467175325004,,0.0
2021__2021-06-26,stationary,0-5,mid,low,0.1576593590350592,,0.0
2021__2021-06-26,stationary,0-5,mid,mid,0.5974897638186232,,0.0
2021__2021-06-26,stationary,0-5,mid,high,0.2448508771463175,,0.0
2021__2021-06-26,stationary,0-5,high,low,0.0112780432165672,,0.0
2021__2021-06-26,stationary,0-5,high,mid,0.1813576100463856,,0.0
2021__2021-06-26,stationary,0-5,high,high,0.8073643467370472,,0.0
2021__2021-06-26,stationary,5-10,low,low,0.6814866603844322,,0.0
2021__2021-06-26,stationary,5-10,low,mid,0.2750666220830673,,0.0
2021__2021-06-26,stationary,5-10,low,high,0.0434467175325004,,0.0
2021__2021-06-26,stationary,5-10,mid,low,0.1576593590350592,,0.0
2021__2021-06-26,stationary,5-10,mid,mid,0.5974897638186232,,0.0
2021__2021-06-26,stationary,5-10,mid,high,0.2448508771463175,,0.0
2021__2021-06-26,stationary,5-10,high,low,0.0112780432165672,,0.0
2021__2021-06-26,stationary,5-10,high,mid,0.1813576100463856,,0.0
2021__2021-06-26,stationary,5-10,high,high,0.8073643467370472,,0.0
2021__2021-06-26,stationary,10-20,low,low,0.6814866603844322,,0.0
2021__2021-06-26,stationary,10-20,low,mid,0.2750666220830673,,0.0
2021__2021-06-26,stationary,10-20,low,high,0.0434467175325004,,0.0
2021__2021-06-26,stationary,10-20,mid,low,0.1576593590350592,,0.0
2021__2021-06-26,stationary,10-20,mid,mid,0.5974897638186232,,0.0
2021__2021-06-26,stationary,10-20,mid,high,0.2448508771463175,,0.0
2021__2021-06-26,stationary,10-20,high,low,0.0112780432165672,,0.0
2021__2021-06-26,stationary,10-20,high,mid,0.1813576100463856,,0.0
2021__2021-06-26,stationary,10-20,high,high,0.8073643467370472,,0.0
2021__2021-06-26,stationary,20-35,low,low,0.6814866603844322,,0.0
2021__2021-06-26,stationary,20-35,low,mid,0.2750666220830673,,0.0
2021__2021-06-26,stationary,20-35,low,high,0.0434467175325004,,0.0
2021__2021-06-26,stationary,20-35,mid,low,0.1576593590350592,,0.0
2021__2021-06-26,stationary,20-35,mid,mid,0.5974897638186232,,0.0
2021__2021-06-26,stationary,20-35,mid,high,0.2448508771463175,,0.0
2021__2021-06-26,stationary,20-35,high,low,0.0112780432165672,,0.0
2021__2021-06-26,stationary,20-35,high,mid,0.1813576100463856,,0.0
2021__2021-06-26,stationary,20-35,high,high,0.8073643467370472,,0.0
2021__2021-06-26,age_banded,0-5,low,low,0.6370036004084045,35562.0,0.0
2021__2021-06-26,age_banded,0-5,low,mid,0.3047091908932953,17011.0,0.0
2021__2021-06-26,age_banded,0-5,low,high,0.0582872086983001,3254.0,0.0
2021__2021-06-26,age_banded,0-5,mid,low,0.1385706375910388,6507.0,0.0
2021__2021-06-26,age_banded,0-5,mid,mid,0.5552621491545636,26074.0,0.0
2021__2021-06-26,age_banded,0-5,mid,high,0.3061672132543975,14377.0,0.0
2021__2021-06-26,age_banded,0-5,high,low,0.0137504472729131,538.0,0.0
2021__2021-06-26,age_banded,0-5,high,mid,0.1629095741961866,6374.0,0.0
2021__2021-06-26,age_banded,0-5,high,high,0.8233399785309001,32214.0,0.0
2021__2021-06-26,age_banded,5-10,low,low,0.7509719449406326,7147.0,0.0
2021__2021-06-26,age_banded,5-10,low,mid,0.2324261847220763,2212.0,0.0
2021__2021-06-26,age_banded,5-10,low,high,0.0166018703372911,158.0,0.0
2021__2021-06-26,age_banded,5-10,mid,low,0.1529143176629548,3282.0,0.0
2021__2021-06-26,age_banded,5-10,mid,mid,0.6396589479569492,13729.0,0.0
2021__2021-06-26,age_banded,5-10,mid,high,0.2074267343800959,4452.0,0.0
2021__2021-06-26,age_banded,5-10,high,low,0.0080851063829787,285.0,0.0
2021__2021-06-26,age_banded,5-10,high,mid,0.1762836879432624,6214.0,0.0
2021__2021-06-26,age_banded,5-10,high,high,0.8156312056737589,28751.0,0.0
2021__2021-06-26,age_banded,10-20,low,low,0.7807540592606182,8511.0,0.0
2021__2021-06-26,age_banded,10-20,low,mid,0.2088799192734611,2277.0,0.0
2021__2021-06-26,age_banded,10-20,low,high,0.0103660214659205,113.0,0.0
2021__2021-06-26,age_banded,10-20,mid,low,0.1824994722398142,3458.0,0.0
2021__2021-06-26,age_banded,10-20,mid,mid,0.6466645556259236,12253.0,0.0
2021__2021-06-26,age_banded,10-20,mid,high,0.1708359721342622,3237.0,0.0
2021__2021-06-26,age_banded,10-20,high,low,0.0103201905265943,234.0,0.0
2021__2021-06-26,age_banded,10-20,high,mid,0.2075946017464937,4707.0,0.0
2021__2021-06-26,age_banded,10-20,high,high,0.7820852077269119,17733.0,0.0
2021__2021-06-26,age_banded,20-35,low,low,0.8049024512256128,4827.0,0.0
2021__2021-06-26,age_banded,20-35,low,mid,0.1870935467733867,1122.0,0.0
2021__2021-06-26,age_banded,20-35,low,high,0.0080040020010005,48.0,0.0
2021__2021-06-26,age_banded,20-35,mid,low,0.2373470312736063,1571.0,0.0
2021__2021-06-26,age_banded,20-35,mid,mid,0.6195799969783955,4101.0,0.0
2021__2021-06-26,age_banded,20-35,mid,high,0.1430729717479981,947.0,0.0
2021__2021-06-26,age_banded,20-35,high,low,0.0177006358480838,103.0,0.0
2021__2021-06-26,age_banded,20-35,high,mid,0.2338889843615741,1361.0,0.0
2021__2021-06-26,age_banded,20-35,high,high,0.748410379790342,4355.0,0.0
2021__2021-06-30,stationary,0-5,low,low,0.6817828858611137,,0.0
2021__2021-06-30,stationary,0-5,low,mid,0.2745409419058506,,0.0
2021__2021-06-30,stationary,0-5,low,high,0.0436761722330357,,0.0
2021__2021-06-30,stationary,0-5,mid,low,0.157602893494139,,0.0
2021__2021-06-30,stationary,0-5,mid,mid,0.5976761310137851,,0.0
2021__2021-06-30,stationary,0-5,mid,high,0.2447209754920758,,0.0
2021__2021-06-30,stationary,0-5,high,low,0.0112110243659952,,0.0
2021__2021-06-30,stationary,0-5,high,mid,0.1815935752649676,,0.0
2021__2021-06-30,stationary,0-5,high,high,0.8071954003690371,,0.0
2021__2021-06-30,stationary,5-10,low,low,0.6817828858611137,,0.0
2021__2021-06-30,stationary,5-10,low,mid,0.2745409419058506,,0.0
2021__2021-06-30,stationary,5-10,low,high,0.0436761722330357,,0.0
2021__2021-06-30,stationary,5-10,mid,low,0.157602893494139,,0.0
2021__2021-06-30,stationary,5-10,mid,mid,0.5976761310137851,,0.0
2021__2021-06-30,stationary,5-10,mid,high,0.2447209754920758,,0.0
2021__2021-06-30,stationary,5-10,high,low,0.0112110243659952,,0.0
2021__2021-06-30,stationary,5-10,high,mid,0.1815935752649676,,0.0
2021__2021-06-30,stationary,5-10,high,high,0.8071954003690371,,0.0
2021__2021-06-30,stationary,10-20,low,low,0.6817828858611137,,0.0
2021__2021-06-30,stationary,10-20,low,mid,0.2745409419058506,,0.0
2021__2021-06-30,stationary,10-20,low,high,0.0436761722330357,,0.0
2021__2021-06-30,stationary,10-20,mid,low,0.157602893494139,,0.0
2021__2021-06-30,stationary,10-20,mid,mid,0.5976761310137851,,0.0
2021__2021-06-30,stationary,10-20,mid,high,0.2447209754920758,,0.0
2021__2021-06-30,stationary,10-20,high,low,0.0112110243659952,,0.0
2021__2021-06-30,stationary,10-20,high,mid,0.1815935752649676,,0.0
2021__2021-06-30,stationary,10-20,high,high,0.8071954003690371,,0.0
2021__2021-06-30,stationary,20-35,low,low,0.6817828858611137,,0.0
2021__2021-06-30,stationary,20-35,low,mid,0.2745409419058506,,0.0
2021__2021-06-30,stationary,20-35,low,high,0.0436761722330357,,0.0
2021__2021-06-30,stationary,20-35,mid,low,0.157602893494139,,0.0
2021__2021-06-30,stationary,20-35,mid,mid,0.5976761310137851,,0.0
2021__2021-06-30,stationary,20-35,mid,high,0.2447209754920758,,0.0
2021__2021-06-30,stationary,20-35,high,low,0.0112110243659952,,0.0
2021__2021-06-30,stationary,20-35,high,mid,0.1815935752649676,,0.0
2021__2021-06-30,stationary,20-35,high,high,0.8071954003690371,,0.0
2021__2021-06-30,age_banded,0-5,low,low,0.6375759560455554,35045.0,0.0
2021__2021-06-30,age_banded,0-5,low,mid,0.3038423752865408,16701.0,0.0
2021__2021-06-30,age_banded,0-5,low,high,0.0585816686679038,3220.0,0.0
2021__2021-06-30,age_banded,0-5,mid,low,0.1391270459859704,6426.0,0.0
2021__2021-06-30,age_banded,0-5,mid,mid,0.5548194336191219,25626.0,0.0
2021__2021-06-30,age_banded,0-5,mid,high,0.3060535203949077,14136.0,0.0
2021__2021-06-30,age_banded,0-5,high,low,0.0138687266694317,535.0,0.0
2021__2021-06-30,age_banded,0-5,high,mid,0.1631584404811281,6294.0,0.0
2021__2021-06-30,age_banded,0-5,high,high,0.8229728328494401,31747.0,0.0
2021__2021-06-30,age_banded,5-10,low,low,0.7529726834493841,7029.0,0.0
2021__2021-06-30,age_banded,5-10,low,mid,0.2302088912694161,2149.0,0.0
2021__2021-06-30,age_banded,5-10,low,high,0.0168184252811997,157.0,0.0
2021__2021-06-30,age_banded,5-10,mid,low,0.1521790676720254,3209.0,0.0
2021__2021-06-30,age_banded,5-10,mid,mid,0.6398729074785413,13493.0,0.0
2021__2021-06-30,age_banded,5-10,mid,high,0.2079480248494333,4385.0,0.0
2021__2021-06-30,age_banded,5-10,high,low,0.0079522862823061,276.0,0.0
2021__2021-06-30,age_banded,5-10,high,mid,0.1764485550465324,6124.0,0.0
2021__2021-06-30,age_banded,5-10,high,high,0.8155991586711614,28307.0,0.0
2021__2021-06-30,age_banded,10-20,low,low,0.77924739195231,8366.0,0.0
2021__2021-06-30,age_banded,10-20,low,mid,0.2105067064083457,2260.0,0.0
2021__2021-06-30,age_banded,10-20,low,high,0.0102459016393442,110.0,0.0
2021__2021-06-30,age_banded,10-20,mid,low,0.1826291330591314,3419.0,0.0
2021__2021-06-30,age_banded,10-20,mid,mid,0.6467069066823353,12107.0,0.0
2021__2021-06-30,age_banded,10-20,mid,high,0.1706639602585332,3195.0,0.0
2021__2021-06-30,age_banded,10-20,high,low,0.0099986548894767,223.0,0.0
2021__2021-06-30,age_banded,10-20,high,mid,0.2074160426848406,4626.0,0.0
2021__2021-06-30,age_banded,10-20,high,high,0.7825853024256827,17454.0,0.0
2021__2021-06-30,age_banded,20-35,low,low,0.8040816326530612,4728.0,0.0
2021__2021-06-30,age_banded,20-35,low,mid,0.1879251700680272,1105.0,0.0
2021__2021-06-30,age_banded,20-35,low,high,0.0079931972789115,47.0,0.0
2021__2021-06-30,age_banded,20-35,mid,low,0.233470132238942,1536.0,0.0
2021__2021-06-30,age_banded,20-35,mid,mid,0.6238030095759234,4104.0,0.0
2021__2021-06-30,age_banded,20-35,mid,high,0.1427268581851345,939.0,0.0
2021__2021-06-30,age_banded,20-35,high,low,0.017819336626676,101.0,0.0
2021__2021-06-30,age_banded,20-35,high,mid,0.2369442484121383,1343.0,0.0
2021__2021-06-30,age_banded,20-35,high,high,0.7452364149611856,4224.0,0.0
2021__2021-07-04,stationary,0-5,low,low,0.6820524223351843,,0.0
2021__2021-07-04,stationary,0-5,low,mid,0.2747591664968118,,0.0
2021__2021-07-04,stationary,0-5,low,high,0.0431884111680038,,0.0
2021__2021-07-04,stationary,0-5,mid,low,0.1571607920271334,,0.0
2021__2021-07-04,stationary,0-5,mid,mid,0.598031640017796,,0.0
2021__2021-07-04,stationary,0-5,mid,high,0.2448075679550707,,0.0
2021__2021-07-04,stationary,0-5,high,low,0.0111633614103304,,0.0
2021__2021-07-04,stationary,0-5,high,mid,0.1812043666556464,,0.0
2021__2021-07-04,stationary,0-5,high,high,0.8076322719340232,,0.0
2021__2021-07-04,stationary,5-10,low,low,0.6820524223351843,,0.0
2021__2021-07-04,stationary,5-10,low,mid,0.2747591664968118,,0.0
2021__2021-07-04,stationary,5-10,low,high,0.0431884111680038,,0.0
2021__2021-07-04,stationary,5-10,mid,low,0.1571607920271334,,0.0
2021__2021-07-04,stationary,5-10,mid,mid,0.598031640017796,,0.0
2021__2021-07-04,stationary,5-10,mid,high,0.2448075679550707,,0.0
2021__2021-07-04,stationary,5-10,high,low,0.0111633614103304,,0.0
2021__2021-07-04,stationary,5-10,high,mid,0.1812043666556464,,0.0
2021__2021-07-04,stationary,5-10,high,high,0.8076322719340232,,0.0
2021__2021-07-04,stationary,10-20,low,low,0.6820524223351843,,0.0
2021__2021-07-04,stationary,10-20,low,mid,0.2747591664968118,,0.0
2021__2021-07-04,stationary,10-20,low,high,0.0431884111680038,,0.0
2021__2021-07-04,stationary,10-20,mid,low,0.1571607920271334,,0.0
2021__2021-07-04,stationary,10-20,mid,mid,0.598031640017796,,0.0
2021__2021-07-04,stationary,10-20,mid,high,0.2448075679550707,,0.0
2021__2021-07-04,stationary,10-20,high,low,0.0111633614103304,,0.0
2021__2021-07-04,stationary,10-20,high,mid,0.1812043666556464,,0.0
2021__2021-07-04,stationary,10-20,high,high,0.8076322719340232,,0.0
2021__2021-07-04,stationary,20-35,low,low,0.6820524223351843,,0.0
2021__2021-07-04,stationary,20-35,low,mid,0.2747591664968118,,0.0
2021__2021-07-04,stationary,20-35,low,high,0.0431884111680038,,0.0
2021__2021-07-04,stationary,20-35,mid,low,0.1571607920271334,,0.0
2021__2021-07-04,stationary,20-35,mid,mid,0.598031640017796,,0.0
2021__2021-07-04,stationary,20-35,mid,high,0.2448075679550707,,0.0
2021__2021-07-04,stationary,20-35,high,low,0.0111633614103304,,0.0
2021__2021-07-04,stationary,20-35,high,mid,0.1812043666556464,,0.0
2021__2021-07-04,stationary,20-35,high,high,0.8076322719340232,,0.0
2021__2021-07-04,age_banded,0-5,low,low,0.6379968723860785,35086.0,0.0
2021__2021-07-04,age_banded,0-5,low,mid,0.3040331672546096,16720.0,0.0
2021__2021-07-04,age_banded,0-5,low,high,0.0579699603593119,3188.0,0.0
2021__2021-07-04,age_banded,0-5,mid,low,0.138238283699907,6392.0,0.0
2021__2021-07-04,age_banded,0-5,mid,mid,0.5559376284089189,25706.0,0.0
2021__2021-07-04,age_banded,0-5,mid,high,0.3058240878911741,14141.0,0.0
2021__2021-07-04,age_banded,0-5,high,low,0.0137306912154782,528.0,0.0
2021__2021-07-04,age_banded,0-5,high,mid,0.1626878868258178,6256.0,0.0
2021__2021-07-04,age_banded,0-5,high,high,0.8235814219587039,31670.0,0.0
2021__2021-07-04,age_banded,5-10,low,low,0.7520537714712472,7049.0,0.0
2021__2021-07-04,age_banded,5-10,low,mid,0.2311959884775418,2167.0,0.0
2021__2021-07-04,age_banded,5-10,low,high,0.0167502400512109,157.0,0.0
2021__2021-07-04,age_banded,5-10,mid,low,0.1525399678365339,3225.0,0.0
2021__2021-07-04,age_banded,5-10,mid,mid,0.6399583766909469,13530.0,0.0
2021__2021-07-04,age_banded,5-10,mid,high,0.2075016554725191,4387.0,0.0
2021__2021-07-04,age_banded,5-10,high,low,0.0080013815335021,278.0,0.0
2021__2021-07-04,age_banded,5-10,high,mid,0.1764045590605572,6129.0,0.0
2021__2021-07-04,age_banded,5-10,high,high,0.8155940594059405,28337.0,0.0
2021__2021-07-04,age_banded,10-20,low,low,0.7801359024481057,8381.0,0.0
2021__2021-07-04,age_banded,10-20,low,mid,0.209997207483943,2256.0,0.0
2021__2021-07-04,age_banded,10-20,low,high,0.0098668900679512,106.0,0.0
2021__2021-07-04,age_banded,10-20,mid,low,0.1822136297728371,3393.0,0.0
2021__2021-07-04,age_banded,10-20,mid,mid,0.646957735889587,12047.0,0.0
2021__2021-07-04,age_banded,10-20,mid,high,0.1708286343375758,3181.0,0.0
2021__2021-07-04,age_banded,10-20,high,low,0.0100080421767491,224.0,0.0
2021__2021-07-04,age_banded,10-20,high,mid,0.206862657492628,4630.0,0.0
2021__2021-07-04,age_banded,10-20,high,high,0.7831293003306228,17528.0,0.0
2021__2021-07-04,age_banded,20-35,low,low,0.8041431261770244,4697.0,0.0
2021__2021-07-04,age_banded,20-35,low,mid,0.1881527135764424,1099.0,0.0
2021__2021-07-04,age_banded,20-35,low,high,0.0077041602465331,45.0,0.0
2021__2021-07-04,age_banded,20-35,mid,low,0.2346813725490196,1532.0,0.0
2021__2021-07-04,age_banded,20-35,mid,mid,0.6208639705882353,4053.0,0.0
2021__2021-07-04,age_banded,20-35,mid,high,0.144454656862745,943.0,0.0
2021__2021-07-04,age_banded,20-35,high,low,0.0175713291579679,101.0,0.0
2021__2021-07-04,age_banded,20-35,high,mid,0.2341684064022268,1346.0,0.0
2021__2021-07-04,age_banded,20-35,high,high,0.7482602644398052,4301.0,0.0
2021__2021-07-10,stationary,0-5,low,low,0.6823706924057068,,0.0
2021__2021-07-10,stationary,0-5,low,mid,0.2745353530987096,,0.0
2021__2021-07-10,stationary,0-5,low,high,0.0430939544955835,,0.0
2021__2021-07-10,stationary,0-5,mid,low,0.1573078368845987,,0.0
2021__2021-07-10,stationary,0-5,mid,mid,0.5980820109388686,,0.0
2021__2021-07-10,stationary,0-5,mid,high,0.2446101521765327,,0.0
2021__2021-07-10,stationary,0-5,high,low,0.011142715825417,,0.0
2021__2021-07-10,stationary,0-5,high,mid,0.1814335175389732,,0.0
2021__2021-07-10,stationary,0-5,high,high,0.8074237666356098,,0.0
2021__2021-07-10,stationary,5-10,low,low,0.6823706924057068,,0.0
2021__2021-07-10,stationary,5-10,low,mid,0.2745353530987096,,0.0
2021__2021-07-10,stationary,5-10,low,high,0.0430939544955835,,0.0
2021__2021-07-10,stationary,5-10,mid,low,0.1573078368845987,,0.0
2021__2021-07-10,stationary,5-10,mid,mid,0.5980820109388686,,0.0
2021__2021-07-10,stationary,5-10,mid,high,0.2446101521765327,,0.0
2021__2021-07-10,stationary,5-10,high,low,0.011142715825417,,0.0
2021__2021-07-10,stationary,5-10,high,mid,0.1814335175389732,,0.0
2021__2021-07-10,stationary,5-10,high,high,0.8074237666356098,,0.0
2021__2021-07-10,stationary,10-20,low,low,0.6823706924057068,,0.0
2021__2021-07-10,stationary,10-20,low,mid,0.2745353530987096,,0.0
2021__2021-07-10,stationary,10-20,low,high,0.0430939544955835,,0.0
2021__2021-07-10,stationary,10-20,mid,low,0.1573078368845987,,0.0
2021__2021-07-10,stationary,10-20,mid,mid,0.5980820109388686,,0.0
2021__2021-07-10,stationary,10-20,mid,high,0.2446101521765327,,0.0
2021__2021-07-10,stationary,10-20,high,low,0.011142715825417,,0.0
2021__2021-07-10,stationary,10-20,high,mid,0.1814335175389732,,0.0
2021__2021-07-10,stationary,10-20,high,high,0.8074237666356098,,0.0
2021__2021-07-10,stationary,20-35,low,low,0.6823706924057068,,0.0
2021__2021-07-10,stationary,20-35,low,mid,0.2745353530987096,,0.0
2021__2021-07-10,stationary,20-35,low,high,0.0430939544955835,,0.0
2021__2021-07-10,stationary,20-35,mid,low,0.1573078368845987,,0.0
2021__2021-07-10,stationary,20-35,mid,mid,0.5980820109388686,,0.0
2021__2021-07-10,stationary,20-35,mid,high,0.2446101521765327,,0.0
2021__2021-07-10,stationary,20-35,high,low,0.011142715825417,,0.0
2021__2021-07-10,stationary,20-35,high,mid,0.1814335175389732,,0.0
2021__2021-07-10,stationary,20-35,high,high,0.8074237666356098,,0.0
2021__2021-07-10,age_banded,0-5,low,low,0.6382665040680002,35067.0,0.0
2021__2021-07-10,age_banded,0-5,low,mid,0.3039078283977358,16697.0,0.0
2021__2021-07-10,age_banded,0-5,low,high,0.057825667534264,3177.0,0.0
2021__2021-07-10,age_banded,0-5,mid,low,0.138240457767085,6378.0,0.0
2021__2021-07-10,age_banded,0-5,mid,mid,0.5555411058369638,25631.0,0.0
2021__2021-07-10,age_banded,0-5,mid,high,0.3062184363959512,14128.0,0.0
2021__2021-07-10,age_banded,0-5,high,low,0.0136390848278195,524.0,0.0
2021__2021-07-10,age_banded,0-5,high,mid,0.1627580103594575,6253.0,0.0
2021__2021-07-10,age_banded,0-5,high,high,0.8236029048127229,31642.0,0.0
2021__2021-07-10,age_banded,5-10,low,low,0.7517950916300503,7015.0,0.0
2021__2021-07-10,age_banded,5-10,low,mid,0.2315936126888865,2161.0,0.0
2021__2021-07-10,age_banded,5-10,low,high,0.0166112956810631,155.0,0.0
2021__2021-07-10,age_banded,5-10,mid,low,0.1519506219374293,3225.0,0.0
2021__2021-07-10,age_banded,5-10,mid,mid,0.6420090463626084,13626.0,0.0
2021__2021-07-10,age_banded,5-10,mid,high,0.2060403316999623,4373.0,0.0
2021__2021-07-10,age_banded,5-10,high,low,0.0080202374450225,279.0,0.0
2021__2021-07-10,age_banded,5-10,high,mid,0.1763589846781843,6135.0,0.0
2021__2021-07-10,age_banded,5-10,high,high,0.8156207778767931,28373.0,0.0
2021__2021-07-10,age_banded,10-20,low,low,0.7802207997031264,8410.0,0.0
2021__2021-07-10,age_banded,10-20,low,mid,0.2094813990166063,2258.0,0.0
2021__2021-07-10,age_banded,10-20,low,high,0.0102978012802671,111.0,0.0
2021__2021-07-10,age_banded,10-20,mid,low,0.183206106870229,3432.0,0.0
2021__2021-07-10,age_banded,10-20,mid,mid,0.6452250040036299,12087.0,0.0
2021__2021-07-10,age_banded,10-20,mid,high,0.171568889126141,3214.0,0.0
2021__2021-07-10,age_banded,10-20,high,low,0.0100334448160535,225.0,0.0
2021__2021-07-10,age_banded,10-20,high,mid,0.2069565217391304,4641.0,0.0
2021__2021-07-10,age_banded,10-20,high,high,0.783010033444816,17559.0,0.0
2021__2021-07-10,age_banded,20-35,low,low,0.8042265426880811,4757.0,0.0
2021__2021-07-10,age_banded,20-35,low,mid,0.1879966187658495,1112.0,0.0
2021__2021-07-10,age_banded,20-35,low,high,0.0077768385460693,46.0,0.0
2021__2021-07-10,age_banded,20-35,mid,low,0.2346317711503347,1542.0,0.0
2021__2021-07-10,age_banded,20-35,mid,mid,0.6205112598904443,4078.0,0.0
2021__2021-07-10,age_banded,20-35,mid,high,0.1448569689592209,952.0,0.0
2021__2021-07-10,age_banded,20-35,high,low,0.0176013805004314,102.0,0.0
2021__2021-07-10,age_banded,20-35,high,mid,0.2369283865401208,1373.0,0.0
2021__2021-07-10,age_banded,20-35,high,high,0.7454702329594478,4320.0,0.0
2021__2021-07-17,stationary,0-5,low,low,0.681707082078275,,0.0
2021__2021-07-17,stationary,0-5,low,mid,0.2751351406172351,,0.0
2021__2021-07-17,stationary,0-5,low,high,0.0431577773044898,,0.0
2021__2021-07-17,stationary,0-5,mid,low,0.1576162228783727,,0.0
2021__2021-07-17,stationary,0-5,mid,mid,0.5978471169277968,,0.0
2021__2021-07-17,stationary,0-5,mid,high,0.2445366601938304,,0.0
2021__2021-07-17,stationary,0-5,high,low,0.0112356638792113,,0.0
2021__2021-07-17,stationary,0-5,high,mid,0.1812526218438668,,0.0
2021__2021-07-17,stationary,0-5,high,high,0.8075117142769218,,0.0
2021__2021-07-17,stationary,5-10,low,low,0.681707082078275,,0.0
2021__2021-07-17,stationary,5-10,low,mid,0.2751351406172351,,0.0
2021__2021-07-17,stationary,5-10,low,high,0.0431577773044898,,0.0
2021__2021-07-17,stationary,5-10,mid,low,0.1576162228783727,,0.0
2021__2021-07-17,stationary,5-10,mid,mid,0.5978471169277968,,0.0
2021__2021-07-17,stationary,5-10,mid,high,0.2445366601938304,,0.0
2021__2021-07-17,stationary,5-10,high,low,0.0112356638792113,,0.0
2021__2021-07-17,stationary,5-10,high,mid,0.1812526218438668,,0.0
2021__2021-07-17,stationary,5-10,high,high,0.8075117142769218,,0.0
2021__2021-07-17,stationary,10-20,low,low,0.681707082078275,,0.0
2021__2021-07-17,stationary,10-20,low,mid,0.2751351406172351,,0.0
2021__2021-07-17,stationary,10-20,low,high,0.0431577773044898,,0.0
2021__2021-07-17,stationary,10-20,mid,low,0.1576162228783727,,0.0
2021__2021-07-17,stationary,10-20,mid,mid,0.5978471169277968,,0.0
2021__2021-07-17,stationary,10-20,mid,high,0.2445366601938304,,0.0
2021__2021-07-17,stationary,10-20,high,low,0.0112356638792113,,0.0
2021__2021-07-17,stationary,10-20,high,mid,0.1812526218438668,,0.0
2021__2021-07-17,stationary,10-20,high,high,0.8075117142769218,,0.0
2021__2021-07-17,stationary,20-35,low,low,0.681707082078275,,0.0
2021__2021-07-17,stationary,20-35,low,mid,0.2751351406172351,,0.0
2021__2021-07-17,stationary,20-35,low,high,0.0431577773044898,,0.0
2021__2021-07-17,stationary,20-35,mid,low,0.1576162228783727,,0.0
2021__2021-07-17,stationary,20-35,mid,mid,0.5978471169277968,,0.0
2021__2021-07-17,stationary,20-35,mid,high,0.2445366601938304,,0.0
2021__2021-07-17,stationary,20-35,high,low,0.0112356638792113,,0.0
2021__2021-07-17,stationary,20-35,high,mid,0.1812526218438668,,0.0
2021__2021-07-17,stationary,20-35,high,high,0.8075117142769218,,0.0
2021__2021-07-17,age_banded,0-5,low,low,0.6373592887359288,35557.0,0.0
2021__2021-07-17,age_banded,0-5,low,mid,0.304760880476088,17002.0,0.0
2021__2021-07-17,age_banded,0-5,low,high,0.057879830787983,3229.0,0.0
2021__2021-07-17,age_banded,0-5,mid,low,0.1388800068214278,6515.0,0.0
2021__2021-07-17,age_banded,0-5,mid,mid,0.5555200272857113,26060.0,0.0
2021__2021-07-17,age_banded,0-5,mid,high,0.3055999658928609,14336.0,0.0
2021__2021-07-17,age_banded,0-5,high,low,0.0138511956577397,541.0,0.0
2021__2021-07-17,age_banded,0-5,high,mid,0.1630651851093246,6369.0,0.0
2021__2021-07-17,age_banded,0-5,high,high,0.8230836192329356,32148.0,0.0
2021__2021-07-17,age_banded,5-10,low,low,0.752519949601008,7167.0,0.0
2021__2021-07-17,age_banded,5-10,low,mid,0.2313103737925241,2203.0,0.0
2021__2021-07-17,age_banded,5-10,low,high,0.0161696766064678,154.0,0.0
2021__2021-07-17,age_banded,5-10,mid,low,0.153088379476166,3279.0,0.0
2021__2021-07-17,age_banded,5-10,mid,mid,0.6395256547924739,13698.0,0.0
2021__2021-07-17,age_banded,5-10,mid,high,0.20738596573136,4442.0,0.0
2021__2021-07-17,age_banded,5-10,high,low,0.0078907780080043,278.0,0.0
2021__2021-07-17,age_banded,5-10,high,mid,0.1763787573443842,6214.0,0.0
2021__2021-07-17,age_banded,5-10,high,high,0.8157304646476115,28739.0,0.0
2021__2021-07-17,age_banded,10-20,low,low,0.7797389225960655,8482.0,0.0
2021__2021-07-17,age_banded,10-20,low,mid,0.2097812097812098,2282.0,0.0
2021__2021-07-17,age_banded,10-20,low,high,0.0104798676227247,114.0,0.0
2021__2021-07-17,age_banded,10-20,mid,low,0.1818948700374334,3450.0,0.0
2021__2021-07-17,age_banded,10-20,mid,mid,0.6469657826751727,12271.0,0.0
2021__2021-07-17,age_banded,10-20,mid,high,0.1711393472873938,3246.0,0.0
2021__2021-07-17,age_banded,10-20,high,low,0.010148047269692,231.0,0.0
2021__2021-07-17,age_banded,10-20,high,mid,0.2058603874708957,4686.0,0.0
2021__2021-07-17,age_banded,10-20,high,high,0.7839915652594122,17846.0,0.0
2021__2021-07-17,age_banded,20-35,low,low,0.8044169315710222,4808.0,0.0
2021__2021-07-17,age_banded,20-35,low,mid,0.1873849757403379,1120.0,0.0
2021__2021-07-17,age_banded,20-35,low,high,0.0081980926886397,49.0,0.0
2021__2021-07-17,age_banded,20-35,mid,low,0.2347045624532535,1569.0,0.0
2021__2021-07-17,age_banded,20-35,mid,mid,0.6219895287958115,4158.0,0.0
2021__2021-07-17,age_banded,20-35,mid,high,0.1433059087509349,958.0,0.0
2021__2021-07-17,age_banded,20-35,high,low,0.0181227560266712,106.0,0.0
2021__2021-07-17,age_banded,20-35,high,mid,0.236279705932638,1382.0,0.0
2021__2021-07-17,age_banded,20-35,high,high,0.7455975380406907,4361.0,0.0
2021__2021-08-07,stationary,0-5,low,low,0.6813599810541706,,0.0
2021__2021-08-07,stationary,0-5,low,mid,0.2749966535899257,,0.0
2021__2021-08-07,stationary,0-5,low,high,0.0436433653559035,,0.0
2021__2021-08-07,stationary,0-5,mid,low,0.157733509924228,,0.0
2021__2021-08-07,stationary,0-5,mid,mid,0.5970880521844113,,0.0
2021__2021-08-07,stationary,0-5,mid,high,0.2451784378913605,,0.0
2021__2021-08-07,stationary,0-5,high,low,0.011263408329423,,0.0
2021__2021-08-07,stationary,0-5,high,mid,0.1817407983667152,,0.0
2021__2021-08-07,stationary,0-5,high,high,0.8069957933038618,,0.0
2021__2021-08-07,stationary,5-10,low,low,0.6813599810541706,,0.0
2021__2021-08-07,stationary,5-10,low,mid,0.2749966535899257,,0.0
2021__2021-08-07,stationary,5-10,low,high,0.0436433653559035,,0.0
2021__2021-08-07,stationary,5-10,mid,low,0.157733509924228,,0.0
2021__2021-08-07,stationary,5-10,mid,mid,0.5970880521844113,,0.0
2021__2021-08-07,stationary,5-10,mid,high,0.2451784378913605,,0.0
2021__2021-08-07,stationary,5-10,high,low,0.011263408329423,,0.0
2021__2021-08-07,stationary,5-10,high,mid,0.1817407983667152,,0.0
2021__2021-08-07,stationary,5-10,high,high,0.8069957933038618,,0.0
2021__2021-08-07,stationary,10-20,low,low,0.6813599810541706,,0.0
2021__2021-08-07,stationary,10-20,low,mid,0.2749966535899257,,0.0
2021__2021-08-07,stationary,10-20,low,high,0.0436433653559035,,0.0
2021__2021-08-07,stationary,10-20,mid,low,0.157733509924228,,0.0
2021__2021-08-07,stationary,10-20,mid,mid,0.5970880521844113,,0.0
2021__2021-08-07,stationary,10-20,mid,high,0.2451784378913605,,0.0
2021__2021-08-07,stationary,10-20,high,low,0.011263408329423,,0.0
2021__2021-08-07,stationary,10-20,high,mid,0.1817407983667152,,0.0
2021__2021-08-07,stationary,10-20,high,high,0.8069957933038618,,0.0
2021__2021-08-07,stationary,20-35,low,low,0.6813599810541706,,0.0
2021__2021-08-07,stationary,20-35,low,mid,0.2749966535899257,,0.0
2021__2021-08-07,stationary,20-35,low,high,0.0436433653559035,,0.0
2021__2021-08-07,stationary,20-35,mid,low,0.157733509924228,,0.0
2021__2021-08-07,stationary,20-35,mid,mid,0.5970880521844113,,0.0
2021__2021-08-07,stationary,20-35,mid,high,0.2451784378913605,,0.0
2021__2021-08-07,stationary,20-35,high,low,0.011263408329423,,0.0
2021__2021-08-07,stationary,20-35,high,mid,0.1817407983667152,,0.0
2021__2021-08-07,stationary,20-35,high,high,0.8069957933038618,,0.0
2021__2021-08-07,age_banded,0-5,low,low,0.6373058879150453,35048.0,0.0
2021__2021-08-07,age_banded,0-5,low,mid,0.3042150052733025,16730.0,0.0
2021__2021-08-07,age_banded,0-5,low,high,0.0584791068116521,3216.0,0.0
2021__2021-08-07,age_banded,0-5,mid,low,0.138575725445221,6404.0,0.0
2021__2021-08-07,age_banded,0-5,mid,mid,0.5543029017808841,25616.0,0.0
2021__2021-08-07,age_banded,0-5,mid,high,0.3071213727738948,14193.0,0.0
2021__2021-08-07,age_banded,0-5,high,low,0.0138662948330622,537.0,0.0
2021__2021-08-07,age_banded,0-5,high,mid,0.1634260335166679,6329.0,0.0
2021__2021-08-07,age_banded,0-5,high,high,0.8227076716502698,31861.0,0.0
2021__2021-08-07,age_banded,5-10,low,low,0.7522661832142477,7054.0,0.0
2021__2021-08-07,age_banded,5-10,low,mid,0.2307774341473819,2164.0,0.0
2021__2021-08-07,age_banded,5-10,low,high,0.0169563826383704,159.0,0.0
2021__2021-08-07,age_banded,5-10,mid,low,0.153554322568407,3238.0,0.0
2021__2021-08-07,age_banded,5-10,mid,mid,0.6388296106605966,13471.0,0.0
2021__2021-08-07,age_banded,5-10,mid,high,0.2076160667709963,4378.0,0.0
2021__2021-08-07,age_banded,5-10,high,low,0.0079264426125554,275.0,0.0
2021__2021-08-07,age_banded,5-10,high,mid,0.1770046693952844,6141.0,0.0
2021__2021-08-07,age_banded,5-10,high,high,0.81506888799216,28278.0,0.0
2021__2021-08-07,age_banded,10-20,low,low,0.7784425539870992,8327.0,0.0
2021__2021-08-07,age_banded,10-20,low,mid,0.2110872207160886,2258.0,0.0
2021__2021-08-07,age_banded,10-20,low,high,0.0104702252968121,112.0,0.0
2021__2021-08-07,age_banded,10-20,mid,low,0.1824107715323787,3414.0,0.0
2021__2021-08-07,age_banded,10-20,mid,mid,0.6473071169053216,12115.0,0.0
2021__2021-08-07,age_banded,10-20,mid,high,0.1702821115622996,3187.0,0.0
2021__2021-08-07,age_banded,10-20,high,low,0.0102781409187215,228.0,0.0
2021__2021-08-07,age_banded,10-20,high,mid,0.2075913988189154,4605.0,0.0
2021__2021-08-07,age_banded,10-20,high,high,0.7821304602623631,17350.0,0.0
2021__2021-08-07,age_banded,20-35,low,low,0.8040586630286494,4715.0,0.0
2021__2021-08-07,age_banded,20-35,low,mid,0.1882673942701228,1104.0,0.0
2021__2021-08-07,age_banded,20-35,low,high,0.0076739427012278,45.0,0.0
2021__2021-08-07,age_banded,20-35,mid,low,0.2367201976528721,1533.0,0.0
2021__2021-08-07,age_banded,20-35,mid,mid,0.6213712168004941,4024.0,0.0
2021__2021-08-07,age_banded,20-35,mid,high,0.1419085855466337,919.0,0.0
2021__2021-08-07,age_banded,20-35,high,low,0.0177841010136937,100.0,0.0
2021__2021-08-07,age_banded,20-35,high,mid,0.2351058154010314,1322.0,0.0
2021__2021-08-07,age_banded,20-35,high,high,0.7471100835852748,4201.0,0.0
2021__2021-08-14,stationary,0-5,low,low,0.6822058911246449,,0.0
2021__2021-08-14,stationary,0-5,low,mid,0.2742657690733439,,0.0
2021__2021-08-14,stationary,0-5,low,high,0.0435283398020111,,0.0
2021__2021-08-14,stationary,0-5,mid,low,0.1572813715265582,,0.0
2021__2021-08-14,stationary,0-5,mid,mid,0.5972923950379788,,0.0
2021__2021-08-14,stationary,0-5,mid,high,0.2454262334354629,,0.0
2021__2021-08-14,stationary,0-5,high,low,0.0112882494573115,,0.0
2021__2021-08-14,stationary,0-5,high,mid,0.1820388629133525,,0.0
2021__2021-08-14,stationary,0-5,high,high,0.806672887629336,,0.0
2021__2021-08-14,stationary,5-10,low,low,0.6822058911246449,,0.0
2021__2021-08-14,stationary,5-10,low,mid,0.2742657690733439,,0.0
2021__2021-08-14,stationary,5-10,low,high,0.0435283398020111,,0.0
2021__2021-08-14,stationary,5-10,mid,low,0.1572813715265582,,0.0
2021__2021-08-14,stationary,5-10,mid,mid,0.5972923950379788,,0.0
2021__2021-08-14,stationary,5-10,mid,high,0.2454262334354629,,0.0
2021__2021-08-14,stationary,5-10,high,low,0.0112882494573115,,0.0
2021__2021-08-14,stationary,5-10,high,mid,0.1820388629133525,,0.0
2021__2021-08-14,stationary,5-10,high,high,0.806672887629336,,0.0
2021__2021-08-14,stationary,10-20,low,low,0.6822058911246449,,0.0
2021__2021-08-14,stationary,10-20,low,mid,0.2742657690733439,,0.0
2021__2021-08-14,stationary,10-20,low,high,0.0435283398020111,,0.0
2021__2021-08-14,stationary,10-20,mid,low,0.1572813715265582,,0.0
2021__2021-08-14,stationary,10-20,mid,mid,0.5972923950379788,,0.0
2021__2021-08-14,stationary,10-20,mid,high,0.2454262334354629,,0.0
2021__2021-08-14,stationary,10-20,high,low,0.0112882494573115,,0.0
2021__2021-08-14,stationary,10-20,high,mid,0.1820388629133525,,0.0
2021__2021-08-14,stationary,10-20,high,high,0.806672887629336,,0.0
2021__2021-08-14,stationary,20-35,low,low,0.6822058911246449,,0.0
2021__2021-08-14,stationary,20-35,low,mid,0.2742657690733439,,0.0
2021__2021-08-14,stationary,20-35,low,high,0.0435283398020111,,0.0
2021__2021-08-14,stationary,20-35,mid,low,0.1572813715265582,,0.0
2021__2021-08-14,stationary,20-35,mid,mid,0.5972923950379788,,0.0
2021__2021-08-14,stationary,20-35,mid,high,0.2454262334354629,,0.0
2021__2021-08-14,stationary,20-35,high,low,0.0112882494573115,,0.0
2021__2021-08-14,stationary,20-35,high,mid,0.1820388629133525,,0.0
2021__2021-08-14,stationary,20-35,high,high,0.806672887629336,,0.0
2021__2021-08-14,age_banded,0-5,low,low,0.6375292857013131,35103.0,0.0
2021__2021-08-14,age_banded,0-5,low,mid,0.3040264433991391,16740.0,0.0
2021__2021-08-14,age_banded,0-5,low,high,0.0584442708995477,3218.0,0.0
2021__2021-08-14,age_banded,0-5,mid,low,0.1388420096066467,6417.0,0.0
2021__2021-08-14,age_banded,0-5,mid,mid,0.5550434895495262,25653.0,0.0
2021__2021-08-14,age_banded,0-5,mid,high,0.3061145008438271,14148.0,0.0
2021__2021-08-14,age_banded,0-5,high,low,0.0137848832689866,532.0,0.0
2021__2021-08-14,age_banded,0-5,high,mid,0.1636047987977094,6314.0,0.0
2021__2021-08-14,age_banded,0-5,high,high,0.822610317933304,31747.0,0.0
2021__2021-08-14,age_banded,5-10,low,low,0.7528875702023948,7105.0,0.0
2021__2021-08-14,age_banded,5-10,low,mid,0.2306877185546254,2177.0,0.0
2021__2021-08-14,age_banded,5-10,low,high,0.0164247112429797,155.0,0.0
2021__2021-08-14,age_banded,5-10,mid,low,0.1530708364732479,3250.0,0.0
2021__2021-08-14,age_banded,5-10,mid,mid,0.6384702336096458,13556.0,0.0
2021__2021-08-14,age_banded,5-10,mid,high,0.2084589299171062,4426.0,0.0
2021__2021-08-14,age_banded,5-10,high,low,0.0080845412022867,280.0,0.0
2021__2021-08-14,age_banded,5-10,high,mid,0.1783796269561702,6178.0,0.0
2021__2021-08-14,age_banded,5-10,high,high,0.813535831841543,28176.0,0.0
2021__2021-08-14,age_banded,10-20,low,low,0.7819029850746269,8382.0,0.0
2021__2021-08-14,age_banded,10-20,low,mid,0.208115671641791,2231.0,0.0
2021__2021-08-14,age_banded,10-20,low,high,0.009981343283582,107.0,0.0
2021__2021-08-14,age_banded,10-20,mid,low,0.1814609463314851,3371.0,0.0
2021__2021-08-14,age_banded,10-20,mid,mid,0.6463906981751628,12008.0,0.0
2021__2021-08-14,age_banded,10-20,mid,high,0.172148355493352,3198.0,0.0
2021__2021-08-14,age_banded,10-20,high,low,0.0103009673951988,230.0,0.0
2021__2021-08-14,age_banded,10-20,high,mid,0.2061089215335005,4602.0,0.0
2021__2021-08-14,age_banded,10-20,high,high,0.7835901110713006,17496.0,0.0
2021__2021-08-14,age_banded,20-35,low,low,0.8068123172200241,4690.0,0.0
2021__2021-08-14,age_banded,20-35,low,mid,0.185102356786513,1076.0,0.0
2021__2021-08-14,age_banded,20-35,low,high,0.0080853259934629,47.0,0.0
2021__2021-08-14,age_banded,20-35,mid,low,0.2330052291602583,1515.0,0.0
2021__2021-08-14,age_banded,20-35,mid,mid,0.6228852660719778,4050.0,0.0
2021__2021-08-14,age_banded,20-35,mid,high,0.1441095047677637,937.0,0.0
2021__2021-08-14,age_banded,20-35,high,low,0.0176727909011373,101.0,0.0
2021__2021-08-14,age_banded,20-35,high,mid,0.2346456692913386,1341.0,0.0
2021__2021-08-14,age_banded,20-35,high,high,0.747681539807524,4273.0,0.0
2021__2021-08-28,stationary,0-5,low,low,0.6819062103929023,,0.0
2021__2021-08-28,stationary,0-5,low,mid,0.2748370088719898,,0.0
2021__2021-08-28,stationary,0-5,low,high,0.0432567807351077,,0.0
2021__2021-08-28,stationary,0-5,mid,low,0.1573069384207398,,0.0
2021__2021-08-28,stationary,0-5,mid,mid,0.5977826854340171,,0.0
2021__2021-08-28,stationary,0-5,mid,high,0.244910376145243,,0.0
2021__2021-08-28,stationary,0-5,high,low,0.0111950510522182,,0.0
2021__2021-08-28,stationary,0-5,high,mid,0.1814090574165391,,0.0
2021__2021-08-28,stationary,0-5,high,high,0.8073958915312427,,0.0
2021__2021-08-28,stationary,5-10,low,low,0.6819062103929023,,0.0
2021__2021-08-28,stationary,5-10,low,mid,0.2748370088719898,,0.0
2021__2021-08-28,stationary,5-10,low,high,0.0432567807351077,,0.0
2021__2021-08-28,stationary,5-10,mid,low,0.1573069384207398,,0.0
2021__2021-08-28,stationary,5-10,mid,mid,0.5977826854340171,,0.0
2021__2021-08-28,stationary,5-10,mid,high,0.244910376145243,,0.0
2021__2021-08-28,stationary,5-10,high,low,0.0111950510522182,,0.0
2021__2021-08-28,stationary,5-10,high,mid,0.1814090574165391,,0.0
2021__2021-08-28,stationary,5-10,high,high,0.8073958915312427,,0.0
2021__2021-08-28,stationary,10-20,low,low,0.6819062103929023,,0.0
2021__2021-08-28,stationary,10-20,low,mid,0.2748370088719898,,0.0
2021__2021-08-28,stationary,10-20,low,high,0.0432567807351077,,0.0
2021__2021-08-28,stationary,10-20,mid,low,0.1573069384207398,,0.0
2021__2021-08-28,stationary,10-20,mid,mid,0.5977826854340171,,0.0
2021__2021-08-28,stationary,10-20,mid,high,0.244910376145243,,0.0
2021__2021-08-28,stationary,10-20,high,low,0.0111950510522182,,0.0
2021__2021-08-28,stationary,10-20,high,mid,0.1814090574165391,,0.0
2021__2021-08-28,stationary,10-20,high,high,0.8073958915312427,,0.0
2021__2021-08-28,stationary,20-35,low,low,0.6819062103929023,,0.0
2021__2021-08-28,stationary,20-35,low,mid,0.2748370088719898,,0.0
2021__2021-08-28,stationary,20-35,low,high,0.0432567807351077,,0.0
2021__2021-08-28,stationary,20-35,mid,low,0.1573069384207398,,0.0
2021__2021-08-28,stationary,20-35,mid,mid,0.5977826854340171,,0.0
2021__2021-08-28,stationary,20-35,mid,high,0.244910376145243,,0.0
2021__2021-08-28,stationary,20-35,high,low,0.0111950510522182,,0.0
2021__2021-08-28,stationary,20-35,high,mid,0.1814090574165391,,0.0
2021__2021-08-28,stationary,20-35,high,high,0.8073958915312427,,0.0
2021__2021-08-28,age_banded,0-5,low,low,0.6377628635346756,35635.0,0.0
2021__2021-08-28,age_banded,0-5,low,mid,0.3042326621923937,16999.0,0.0
2021__2021-08-28,age_banded,0-5,low,high,0.0580044742729306,3241.0,0.0
2021__2021-08-28,age_banded,0-5,mid,low,0.1387214281149479,6512.0,0.0
2021__2021-08-28,age_banded,0-5,mid,mid,0.5553117610719384,26068.0,0.0
2021__2021-08-28,age_banded,0-5,mid,high,0.3059668108131138,14363.0,0.0
2021__2021-08-28,age_banded,0-5,high,low,0.0137452646667349,537.0,0.0
2021__2021-08-28,age_banded,0-5,high,mid,0.163253813863008,6378.0,0.0
2021__2021-08-28,age_banded,0-5,high,high,0.8230009214702569,32153.0,0.0
2021__2021-08-28,age_banded,5-10,low,low,0.7532044547173776,7169.0,0.0
2021__2021-08-28,age_banded,5-10,low,mid,0.2304055473839041,2193.0,0.0
2021__2021-08-28,age_banded,5-10,low,high,0.0163899978987182,156.0,0.0
2021__2021-08-28,age_banded,5-10,mid,low,0.1525075810590156,3269.0,0.0
2021__2021-08-28,age_banded,5-10,mid,mid,0.64012129694425,13721.0,0.0
2021__2021-08-28,age_banded,5-10,mid,high,0.2073711219967343,4445.0,0.0
2021__2021-08-28,age_banded,5-10,high,low,0.0079434877585179,280.0,0.0
2021__2021-08-28,age_banded,5-10,high,mid,0.1761752106442736,6210.0,0.0
2021__2021-08-28,age_banded,5-10,high,high,0.8158813015972084,28759.0,0.0
2021__2021-08-28,age_banded,10-20,low,low,0.7796516450096765,8460.0,0.0
2021__2021-08-28,age_banded,10-20,low,mid,0.2100267256474057,2279.0,0.0
2021__2021-08-28,age_banded,10-20,low,high,0.0103216293429177,112.0,0.0
2021__2021-08-28,age_banded,10-20,mid,low,0.1814624861206577,3432.0,0.0
2021__2021-08-28,age_banded,10-20,mid,mid,0.6468037857558293,12233.0,0.0
2021__2021-08-28,age_banded,10-20,mid,high,0.1717337281235129,3248.0,0.0
2021__2021-08-28,age_banded,10-20,high,low,0.0101413644744929,231.0,0.0
2021__2021-08-28,age_banded,10-20,high,mid,0.2065589604003863,4705.0,0.0
2021__2021-08-28,age_banded,10-20,high,high,0.7832996751251208,17842.0,0.0
2021__2021-08-28,age_banded,20-35,low,low,0.8043075887598856,4780.0,0.0
2021__2021-08-28,age_banded,20-35,low,mid,0.187952212687195,1117.0,0.0
2021__2021-08-28,age_banded,20-35,low,high,0.0077401985529194,46.0,0.0
2021__2021-08-28,age_banded,20-35,mid,low,0.235073507350735,1567.0,0.0
2021__2021-08-28,age_banded,20-35,mid,mid,0.6216621662166216,4144.0,0.0
2021__2021-08-28,age_banded,20-35,mid,high,0.1432643264326432,955.0,0.0
2021__2021-08-28,age_banded,20-35,high,low,0.0178632772243215,104.0,0.0
2021__2021-08-28,age_banded,20-35,high,mid,0.2365166609412573,1377.0,0.0
2021__2021-08-28,age_banded,20-35,high,high,0.7456200618344212,4341.0,0.0
2021__2021-09-04,stationary,0-5,low,low,0.681943543320872,,0.0
2021__2021-09-04,stationary,0-5,low,mid,0.2749981977528553,,0.0
2021__2021-09-04,stationary,0-5,low,high,0.0430582589262726,,0.0
2021__2021-09-04,stationary,0-5,mid,low,0.1573204601375517,,0.0
2021__2021-09-04,stationary,0-5,mid,mid,0.5984758078596332,,0.0
2021__2021-09-04,stationary,0-5,mid,high,0.2442037320028151,,0.0
2021__2021-09-04,stationary,0-5,high,low,0.0112196958858922,,0.0
2021__2021-09-04,stationary,0-5,high,mid,0.1811085513387828,,0.0
2021__2021-09-04,stationary,0-5,high,high,0.807671752775325,,0.0
2021__2021-09-04,stationary,5-10,low,low,0.681943543320872,,0.0
2021__2021-09-04,stationary,5-10,low,mid,0.2749981977528553,,0.0
2021__2021-09-04,stationary,5-10,low,high,0.0430582589262726,,0.0
2021__2021-09-04,stationary,5-10,mid,low,0.1573204601375517,,0.0
2021__2021-09-04,stationary,5-10,mid,mid,0.5984758078596332,,0.0
2021__2021-09-04,stationary,5-10,mid,high,0.2442037320028151,,0.0
2021__2021-09-04,stationary,5-10,high,low,0.0112196958858922,,0.0
2021__2021-09-04,stationary,5-10,high,mid,0.1811085513387828,,0.0
2021__2021-09-04,stationary,5-10,high,high,0.807671752775325,,0.0
2021__2021-09-04,stationary,10-20,low,low,0.681943543320872,,0.0
2021__2021-09-04,stationary,10-20,low,mid,0.2749981977528553,,0.0
2021__2021-09-04,stationary,10-20,low,high,0.0430582589262726,,0.0
2021__2021-09-04,stationary,10-20,mid,low,0.1573204601375517,,0.0
2021__2021-09-04,stationary,10-20,mid,mid,0.5984758078596332,,0.0
2021__2021-09-04,stationary,10-20,mid,high,0.2442037320028151,,0.0
2021__2021-09-04,stationary,10-20,high,low,0.0112196958858922,,0.0
2021__2021-09-04,stationary,10-20,high,mid,0.1811085513387828,,0.0
2021__2021-09-04,stationary,10-20,high,high,0.807671752775325,,0.0
2021__2021-09-04,stationary,20-35,low,low,0.681943543320872,,0.0
2021__2021-09-04,stationary,20-35,low,mid,0.2749981977528553,,0.0
2021__2021-09-04,stationary,20-35,low,high,0.0430582589262726,,0.0
2021__2021-09-04,stationary,20-35,mid,low,0.1573204601375517,,0.0
2021__2021-09-04,stationary,20-35,mid,mid,0.5984758078596332,,0.0
2021__2021-09-04,stationary,20-35,mid,high,0.2442037320028151,,0.0
2021__2021-09-04,stationary,20-35,high,low,0.0112196958858922,,0.0
2021__2021-09-04,stationary,20-35,high,mid,0.1811085513387828,,0.0
2021__2021-09-04,stationary,20-35,high,high,0.807671752775325,,0.0
2021__2021-09-04,age_banded,0-5,low,low,0.6375722963879088,35055.0,0.0
2021__2021-09-04,age_banded,0-5,low,mid,0.3045905932850751,16747.0,0.0
2021__2021-09-04,age_banded,0-5,low,high,0.0578371103270161,3180.0,0.0
2021__2021-09-04,age_banded,0-5,mid,low,0.1389430788572419,6410.0,0.0
2021__2021-09-04,age_banded,0-5,mid,mid,0.5553821476568258,25622.0,0.0
2021__2021-09-04,age_banded,0-5,mid,high,0.3056747734859323,14102.0,0.0
2021__2021-09-04,age_banded,0-5,high,low,0.0137111041731709,527.0,0.0
2021__2021-09-04,age_banded,0-5,high,mid,0.1621396607347278,6232.0,0.0
2021__2021-09-04,age_banded,0-5,high,high,0.8241492350921011,31677.0,0.0
2021__2021-09-04,age_banded,5-10,low,low,0.7533276084156291,7018.0,0.0
2021__2021-09-04,age_banded,5-10,low,mid,0.2305710605410047,2148.0,0.0
2021__2021-09-04,age_banded,5-10,low,high,0.0161013310433662,150.0,0.0
2021__2021-09-04,age_banded,5-10,mid,low,0.1516484556075871,3206.0,0.0
2021__2021-09-04,age_banded,5-10,mid,mid,0.6412657868596566,13557.0,0.0
2021__2021-09-04,age_banded,5-10,mid,high,0.2070857575327562,4378.0,0.0
2021__2021-09-04,age_banded,5-10,high,low,0.0079944786334617,278.0,0.0
2021__2021-09-04,age_banded,5-10,high,mid,0.1764536722838902,6136.0,0.0
2021__2021-09-04,age_banded,5-10,high,high,0.815551849082648,28360.0,0.0
2021__2021-09-04,age_banded,10-20,low,low,0.7806788511749347,8372.0,0.0
2021__2021-09-04,age_banded,10-20,low,mid,0.209343528534129,2245.0,0.0
2021__2021-09-04,age_banded,10-20,low,high,0.0099776202909362,107.0,0.0
2021__2021-09-04,age_banded,10-20,mid,low,0.1814013010557747,3402.0,0.0
2021__2021-09-04,age_banded,10-20,mid,mid,0.6480750773168391,12154.0,0.0
2021__2021-09-04,age_banded,10-20,mid,high,0.1705236216273861,3198.0,0.0
2021__2021-09-04,age_banded,10-20,high,low,0.0101095573171817,227.0,0.0
2021__2021-09-04,age_banded,10-20,high,mid,0.2068673732965173,4645.0,0.0
2021__2021-09-04,age_banded,10-20,high,high,0.7830230693863008,17582.0,0.0
2021__2021-09-04,age_banded,20-35,low,low,0.803392705682782,4736.0,0.0
2021__2021-09-04,age_banded,20-35,low,mid,0.1886344359626802,1112.0,0.0
2021__2021-09-04,age_banded,20-35,low,high,0.0079728583545377,47.0,0.0
2021__2021-09-04,age_banded,20-35,mid,low,0.2359122753579043,1549.0,0.0
2021__2021-09-04,age_banded,20-35,mid,mid,0.6218397806883947,4083.0,0.0
2021__2021-09-04,age_banded,20-35,mid,high,0.1422479439537008,934.0,0.0
2021__2021-09-04,age_banded,20-35,high,low,0.0184534270650263,105.0,0.0
2021__2021-09-04,age_banded,20-35,high,mid,0.2360281195079086,1343.0,0.0
2021__2021-09-04,age_banded,20-35,high,high,0.745518453427065,4242.0,0.0
2021__2021-09-25,stationary,0-5,low,low,0.6816866859257007,,0.0
2021__2021-09-25,stationary,0-5,low,mid,0.2749967056915514,,0.0
2021__2021-09-25,stationary,0-5,low,high,0.0433166083827479,,0.0
2021__2021-09-25,stationary,0-5,mid,low,0.1578570275825499,,0.0
2021__2021-09-25,stationary,0-5,mid,mid,0.597532059637754,,0.0
2021__2021-09-25,stationary,0-5,mid,high,0.244610912779696,,0.0
2021__2021-09-25,stationary,0-5,high,low,0.0111662752229932,,0.0
2021__2021-09-25,stationary,0-5,high,mid,0.1813105501769195,,0.0
2021__2021-09-25,stationary,0-5,high,high,0.8075231746000873,,0.0
2021__2021-09-25,stationary,5-10,low,low,0.6816866859257007,,0.0
2021__2021-09-25,stationary,5-10,low,mid,0.2749967056915514,,0.0
2021__2021-09-25,stationary,5-10,low,high,0.0433166083827479,,0.0
2021__2021-09-25,stationary,5-10,mid,low,0.1578570275825499,,0.0
2021__2021-09-25,stationary,5-10,mid,mid,0.597532059637754,,0.0
2021__2021-09-25,stationary,5-10,mid,high,0.244610912779696,,0.0
2021__2021-09-25,stationary,5-10,high,low,0.0111662752229932,,0.0
2021__2021-09-25,stationary,5-10,high,mid,0.1813105501769195,,0.0
2021__2021-09-25,stationary,5-10,high,high,0.8075231746000873,,0.0
2021__2021-09-25,stationary,10-20,low,low,0.6816866859257007,,0.0
2021__2021-09-25,stationary,10-20,low,mid,0.2749967056915514,,0.0
2021__2021-09-25,stationary,10-20,low,high,0.0433166083827479,,0.0
2021__2021-09-25,stationary,10-20,mid,low,0.1578570275825499,,0.0
2021__2021-09-25,stationary,10-20,mid,mid,0.597532059637754,,0.0
2021__2021-09-25,stationary,10-20,mid,high,0.244610912779696,,0.0
2021__2021-09-25,stationary,10-20,high,low,0.0111662752229932,,0.0
2021__2021-09-25,stationary,10-20,high,mid,0.1813105501769195,,0.0
2021__2021-09-25,stationary,10-20,high,high,0.8075231746000873,,0.0
2021__2021-09-25,stationary,20-35,low,low,0.6816866859257007,,0.0
2021__2021-09-25,stationary,20-35,low,mid,0.2749967056915514,,0.0
2021__2021-09-25,stationary,20-35,low,high,0.0433166083827479,,0.0
2021__2021-09-25,stationary,20-35,mid,low,0.1578570275825499,,0.0
2021__2021-09-25,stationary,20-35,mid,mid,0.597532059637754,,0.0
2021__2021-09-25,stationary,20-35,mid,high,0.244610912779696,,0.0
2021__2021-09-25,stationary,20-35,high,low,0.0111662752229932,,0.0
2021__2021-09-25,stationary,20-35,high,mid,0.1813105501769195,,0.0
2021__2021-09-25,stationary,20-35,high,high,0.8075231746000873,,0.0
2021__2021-09-25,age_banded,0-5,low,low,0.6370570645848628,35579.0,0.0
2021__2021-09-25,age_banded,0-5,low,mid,0.3048040251392147,17023.0,0.0
2021__2021-09-25,age_banded,0-5,low,high,0.0581389102759225,3247.0,0.0
2021__2021-09-25,age_banded,0-5,mid,low,0.1390863808591255,6534.0,0.0
2021__2021-09-25,age_banded,0-5,mid,mid,0.5550257567371961,26074.0,0.0
2021__2021-09-25,age_banded,0-5,mid,high,0.3058878624036783,14370.0,0.0
2021__2021-09-25,age_banded,0-5,high,low,0.0137964450564863,541.0,0.0
2021__2021-09-25,age_banded,0-5,high,mid,0.1626756432815647,6379.0,0.0
2021__2021-09-25,age_banded,0-5,high,high,0.8235279116619488,32293.0,0.0
2021__2021-09-25,age_banded,5-10,low,low,0.7523060796645702,7177.0,0.0
2021__2021-09-25,age_banded,5-10,low,mid,0.2315513626834381,2209.0,0.0
2021__2021-09-25,age_banded,5-10,low,high,0.0161425576519916,154.0,0.0
2021__2021-09-25,age_banded,5-10,mid,low,0.153247600410027,3289.0,0.0
2021__2021-09-25,age_banded,5-10,mid,mid,0.6397819401733296,13731.0,0.0
2021__2021-09-25,age_banded,5-10,mid,high,0.2069704594166433,4442.0,0.0
2021__2021-09-25,age_banded,5-10,high,low,0.0078646262173135,277.0,0.0
2021__2021-09-25,age_banded,5-10,high,mid,0.1765140115272138,6217.0,0.0
2021__2021-09-25,age_banded,5-10,high,high,0.8156213622554725,28727.0,0.0
2021__2021-09-25,age_banded,10-20,low,low,0.7814252873563219,8498.0,0.0
2021__2021-09-25,age_banded,10-20,low,mid,0.2082758620689655,2265.0,0.0
2021__2021-09-25,age_banded,10-20,low,high,0.0102988505747126,112.0,0.0
2021__2021-09-25,age_banded,10-20,mid,low,0.1826679340937896,3459.0,0.0
2021__2021-09-25,age_banded,10-20,mid,mid,0.6468103084072666,12248.0,0.0
2021__2021-09-25,age_banded,10-20,mid,high,0.1705217574989438,3229.0,0.0
2021__2021-09-25,age_banded,10-20,high,low,0.0100384734444788,227.0,0.0
2021__2021-09-25,age_banded,10-20,high,mid,0.20718170963605,4685.0,0.0
2021__2021-09-25,age_banded,10-20,high,high,0.7827798169194711,17701.0,0.0
2021__2021-09-25,age_banded,20-35,low,low,0.8051445864156019,4789.0,0.0
2021__2021-09-25,age_banded,20-35,low,mid,0.1867854741089442,1111.0,0.0
2021__2021-09-25,age_banded,20-35,low,high,0.0080699394754539,48.0,0.0
2021__2021-09-25,age_banded,20-35,mid,low,0.2352317479551651,1553.0,0.0
2021__2021-09-25,age_banded,20-35,mid,mid,0.621326870645259,4102.0,0.0
2021__2021-09-25,age_banded,20-35,mid,high,0.1434413813995758,947.0,0.0
2021__2021-09-25,age_banded,20-35,high,low,0.0178293231781201,103.0,0.0
2021__2021-09-25,age_banded,20-35,high,mid,0.2357625064912584,1362.0,0.0
2021__2021-09-25,age_banded,20-35,high,high,0.7464081703306215,4312.0,0.0
2021__2021-09-26,stationary,0-5,low,low,0.6819089679560879,,0.0
2021__2021-09-26,stationary,0-5,low,mid,0.2746797737885949,,0.0
2021__2021-09-26,stationary,0-5,low,high,0.0434112582553171,,0.0
2021__2021-09-26,stationary,0-5,mid,low,0.1575193682982318,,0.0
2021__2021-09-26,stationary,0-5,mid,mid,0.5980685785823594,,0.0
2021__2021-09-26,stationary,0-5,mid,high,0.2444120531194087,,0.0
2021__2021-09-26,stationary,0-5,high,low,0.0111594378973798,,0.0
2021__2021-09-26,stationary,0-5,high,mid,0.1812092495849026,,0.0
2021__2021-09-26,stationary,0-5,high,high,0.8076313125177176,,0.0
2021__2021-09-26,stationary,5-10,low,low,0.6819089679560879,,0.0
2021__2021-09-26,stationary,5-10,low,mid,0.2746797737885949,,0.0
2021__2021-09-26,stationary,5-10,low,high,0.0434112582553171,,0.0
2021__2021-09-26,stationary,5-10,mid,low,0.1575193682982318,,0.0
2021__2021-09-26,stationary,5-10,mid,mid,0.5980685785823594,,0.0
2021__2021-09-26,stationary,5-10,mid,high,0.2444120531194087,,0.0
2021__2021-09-26,stationary,5-10,high,low,0.0111594378973798,,0.0
2021__2021-09-26,stationary,5-10,high,mid,0.1812092495849026,,0.0
2021__2021-09-26,stationary,5-10,high,high,0.8076313125177176,,0.0
2021__2021-09-26,stationary,10-20,low,low,0.6819089679560879,,0.0
2021__2021-09-26,stationary,10-20,low,mid,0.2746797737885949,,0.0
2021__2021-09-26,stationary,10-20,low,high,0.0434112582553171,,0.0
2021__2021-09-26,stationary,10-20,mid,low,0.1575193682982318,,0.0
2021__2021-09-26,stationary,10-20,mid,mid,0.5980685785823594,,0.0
2021__2021-09-26,stationary,10-20,mid,high,0.2444120531194087,,0.0
2021__2021-09-26,stationary,10-20,high,low,0.0111594378973798,,0.0
2021__2021-09-26,stationary,10-20,high,mid,0.1812092495849026,,0.0
2021__2021-09-26,stationary,10-20,high,high,0.8076313125177176,,0.0
2021__2021-09-26,stationary,20-35,low,low,0.6819089679560879,,0.0
2021__2021-09-26,stationary,20-35,low,mid,0.2746797737885949,,0.0
2021__2021-09-26,stationary,20-35,low,high,0.0434112582553171,,0.0
2021__2021-09-26,stationary,20-35,mid,low,0.1575193682982318,,0.0
2021__2021-09-26,stationary,20-35,mid,mid,0.5980685785823594,,0.0
2021__2021-09-26,stationary,20-35,mid,high,0.2444120531194087,,0.0
2021__2021-09-26,stationary,20-35,high,low,0.0111594378973798,,0.0
2021__2021-09-26,stationary,20-35,high,mid,0.1812092495849026,,0.0
2021__2021-09-26,stationary,20-35,high,high,0.8076313125177176,,0.0
2021__2021-09-26,age_banded,0-5,low,low,0.6376811594202898,35596.0,0.0
2021__2021-09-26,age_banded,0-5,low,mid,0.3040611956073879,16973.0,0.0
2021__2021-09-26,age_banded,0-5,low,high,0.0582576449723222,3252.0,0.0
2021__2021-09-26,age_banded,0-5,mid,low,0.1385710328368386,6503.0,0.0
2021__2021-09-26,age_banded,0-5,mid,mid,0.5554348057704191,26066.0,0.0
2021__2021-09-26,age_banded,0-5,mid,high,0.3059941613927422,14360.0,0.0
2021__2021-09-26,age_banded,0-5,high,low,0.013828536373396,541.0,0.0
2021__2021-09-26,age_banded,0-5,high,mid,0.1633607688768467,6391.0,0.0
2021__2021-09-26,age_banded,0-5,high,high,0.8228106947497572,32190.0,0.0
2021__2021-09-26,age_banded,5-10,low,low,0.752189049477793,7130.0,0.0
2021__2021-09-26,age_banded,5-10,low,mid,0.2309315328621162,2189.0,0.0
2021__2021-09-26,age_banded,5-10,low,high,0.0168794176600907,160.0,0.0
2021__2021-09-26,age_banded,5-10,mid,low,0.1519123134328358,3257.0,0.0
2021__2021-09-26,age_banded,5-10,mid,mid,0.6409981343283582,13743.0,0.0
2021__2021-09-26,age_banded,5-10,mid,high,0.2070895522388059,4440.0,0.0
2021__2021-09-26,age_banded,5-10,high,low,0.0079110783451952,279.0,0.0
2021__2021-09-26,age_banded,5-10,high,mid,0.1756316102872373,6194.0,0.0
2021__2021-09-26,age_banded,5-10,high,high,0.8164573113675674,28794.0,0.0
2021__2021-09-26,age_banded,10-20,low,low,0.7802752293577981,8505.0,0.0
2021__2021-09-26,age_banded,10-20,low,mid,0.2096330275229357,2285.0,0.0
2021__2021-09-26,age_banded,10-20,low,high,0.010091743119266,110.0,0.0
2021__2021-09-26,age_banded,10-20,mid,low,0.1830606860158311,3469.0,0.0
2021__2021-09-26,age_banded,10-20,mid,mid,0.646754617414248,12256.0,0.0
2021__2021-09-26,age_banded,10-20,mid,high,0.1701846965699208,3225.0,0.0
2021__2021-09-26,age_banded,10-20,high,low,0.0099625303063698,226.0,0.0
2021__2021-09-26,age_banded,10-20,high,mid,0.2068767908309455,4693.0,0.0
2021__2021-09-26,age_banded,10-20,high,high,0.7831606788626846,17766.0,0.0
2021__2021-09-26,age_banded,20-35,low,low,0.8038038038038038,4818.0,0.0
2021__2021-09-26,age_banded,20-35,low,mid,0.1885218551885218,1130.0,0.0
2021__2021-09-26,age_banded,20-35,low,high,0.0076743410076743,46.0,0.0
2021__2021-09-26,age_banded,20-35,mid,low,0.2362818590704647,1576.0,0.0
2021__2021-09-26,age_banded,20-35,mid,mid,0.6217391304347826,4147.0,0.0
2021__2021-09-26,age_banded,20-35,mid,high,0.1419790104947526,947.0,0.0
2021__2021-09-26,age_banded,20-35,high,low,0.0175468776879408,102.0,0.0
2021__2021-09-26,age_banded,20-35,high,mid,0.2349905384483055,1366.0,0.0
2021__2021-09-26,age_banded,20-35,high,high,0.7474625838637536,4345.0,0.0
2021__2021-10-09,stationary,0-5,low,low,0.6822178732896657,,0.0
2021__2021-10-09,stationary,0-5,low,mid,0.2747132894187178,,0.0
2021__2021-10-09,stationary,0-5,low,high,0.0430688372916165,,0.0
2021__2021-10-09,stationary,0-5,mid,low,0.157708591072718,,0.0
2021__2021-10-09,stationary,0-5,mid,mid,0.5978851414257648,,0.0
2021__2021-10-09,stationary,0-5,mid,high,0.2444062675015172,,0.0
2021__2021-10-09,stationary,0-5,high,low,0.0111877787696895,,0.0
2021__2021-10-09,stationary,0-5,high,mid,0.1812189993308705,,0.0
2021__2021-10-09,stationary,0-5,high,high,0.8075932218994399,,0.0
2021__2021-10-09,stationary,5-10,low,low,0.6822178732896657,,0.0
2021__2021-10-09,stationary,5-10,low,mid,0.2747132894187178,,0.0
2021__2021-10-09,stationary,5-10,low,high,0.0430688372916165,,0.0
2021__2021-10-09,stationary,5-10,mid,low,0.157708591072718,,0.0
2021__2021-10-09,stationary,5-10,mid,mid,0.5978851414257648,,0.0
2021__2021-10-09,stationary,5-10,mid,high,0.2444062675015172,,0.0
2021__2021-10-09,stationary,5-10,high,low,0.0111877787696895,,0.0
2021__2021-10-09,stationary,5-10,high,mid,0.1812189993308705,,0.0
2021__2021-10-09,stationary,5-10,high,high,0.8075932218994399,,0.0
2021__2021-10-09,stationary,10-20,low,low,0.6822178732896657,,0.0
2021__2021-10-09,stationary,10-20,low,mid,0.2747132894187178,,0.0
2021__2021-10-09,stationary,10-20,low,high,0.0430688372916165,,0.0
2021__2021-10-09,stationary,10-20,mid,low,0.157708591072718,,0.0
2021__2021-10-09,stationary,10-20,mid,mid,0.5978851414257648,,0.0
2021__2021-10-09,stationary,10-20,mid,high,0.2444062675015172,,0.0
2021__2021-10-09,stationary,10-20,high,low,0.0111877787696895,,0.0
2021__2021-10-09,stationary,10-20,high,mid,0.1812189993308705,,0.0
2021__2021-10-09,stationary,10-20,high,high,0.8075932218994399,,0.0
2021__2021-10-09,stationary,20-35,low,low,0.6822178732896657,,0.0
2021__2021-10-09,stationary,20-35,low,mid,0.2747132894187178,,0.0
2021__2021-10-09,stationary,20-35,low,high,0.0430688372916165,,0.0
2021__2021-10-09,stationary,20-35,mid,low,0.157708591072718,,0.0
2021__2021-10-09,stationary,20-35,mid,mid,0.5978851414257648,,0.0
2021__2021-10-09,stationary,20-35,mid,high,0.2444062675015172,,0.0
2021__2021-10-09,stationary,20-35,high,low,0.0111877787696895,,0.0
2021__2021-10-09,stationary,20-35,high,mid,0.1812189993308705,,0.0
2021__2021-10-09,stationary,20-35,high,high,0.8075932218994399,,0.0
2021__2021-10-09,age_banded,0-5,low,low,0.63813994105447,35076.0,0.0
2021__2021-10-09,age_banded,0-5,low,mid,0.3040424989993814,16712.0,0.0
2021__2021-10-09,age_banded,0-5,low,high,0.0578175599461485,3178.0,0.0
2021__2021-10-09,age_banded,0-5,mid,low,0.1390376650692803,6412.0,0.0
2021__2021-10-09,age_banded,0-5,mid,mid,0.5552182492356398,25605.0,0.0
2021__2021-10-09,age_banded,0-5,mid,high,0.3057440856950799,14100.0,0.0
2021__2021-10-09,age_banded,0-5,high,low,0.0138462339284784,532.0,0.0
2021__2021-10-09,age_banded,0-5,high,mid,0.162771328926136,6254.0,0.0
2021__2021-10-09,age_banded,0-5,high,high,0.8233824371453855,31636.0,0.0
2021__2021-10-09,age_banded,5-10,low,low,0.7516005121638925,7044.0,0.0
2021__2021-10-09,age_banded,5-10,low,mid,0.2319675629534784,2174.0,0.0
2021__2021-10-09,age_banded,5-10,low,high,0.0164319248826291,154.0,0.0
2021__2021-10-09,age_banded,5-10,mid,low,0.1528976572133168,3224.0,0.0
2021__2021-10-09,age_banded,5-10,mid,mid,0.6402352271649435,13500.0,0.0
2021__2021-10-09,age_banded,5-10,mid,high,0.2068671156217395,4362.0,0.0
2021__2021-10-09,age_banded,5-10,high,low,0.0079154913361349,275.0,0.0
2021__2021-10-09,age_banded,5-10,high,mid,0.176126878130217,6119.0,0.0
2021__2021-10-09,age_banded,5-10,high,high,0.815957630533648,28348.0,0.0
2021__2021-10-09,age_banded,10-20,low,low,0.7810408921933085,8404.0,0.0
2021__2021-10-09,age_banded,10-20,low,mid,0.2087360594795539,2246.0,0.0
2021__2021-10-09,age_banded,10-20,low,high,0.0102230483271375,110.0,0.0
2021__2021-10-09,age_banded,10-20,mid,low,0.1816046548870976,3402.0,0.0
2021__2021-10-09,age_banded,10-20,mid,mid,0.6470933646506165,12122.0,0.0
2021__2021-10-09,age_banded,10-20,mid,high,0.1713019804622858,3209.0,0.0
2021__2021-10-09,age_banded,10-20,high,low,0.0100298667142156,225.0,0.0
2021__2021-10-09,age_banded,10-20,high,mid,0.2064369455712566,4631.0,0.0
2021__2021-10-09,age_banded,10-20,high,high,0.7835331877145277,17577.0,0.0
2021__2021-10-09,age_banded,20-35,low,low,0.8026137135098439,4729.0,0.0
2021__2021-10-09,age_banded,20-35,low,mid,0.1895790902919212,1117.0,0.0
2021__2021-10-09,age_banded,20-35,low,high,0.0078071961982348,46.0,0.0
2021__2021-10-09,age_banded,20-35,mid,low,0.2355253212396069,1558.0,0.0
2021__2021-10-09,age_banded,20-35,mid,mid,0.6210128495842782,4108.0,0.0
2021__2021-10-09,age_banded,20-35,mid,high,0.1434618291761148,949.0,0.0
2021__2021-10-09,age_banded,20-35,high,low,0.0176531671858774,102.0,0.0
2021__2021-10-09,age_banded,20-35,high,mid,0.2365870543440636,1367.0,0.0
2021__2021-10-09,age_banded,20-35,high,high,0.7457597784700588,4309.0,0.0
2021__2021-10-13,stationary,0-5,low,low,0.6820333197524633,,0.0
2021__2021-10-13,stationary,0-5,low,mid,0.2746315428881848,,0.0
2021__2021-10-13,stationary,0-5,low,high,0.0433351373593518,,0.0
2021__2021-10-13,stationary,0-5,mid,low,0.1573759269013782,,0.0
2021__2021-10-13,stationary,0-5,mid,mid,0.5976489826032516,,0.0
2021__2021-10-13,stationary,0-5,mid,high,0.2449750904953701,,0.0
2021__2021-10-13,stationary,0-5,high,low,0.0111492850883373,,0.0
2021__2021-10-13,stationary,0-5,high,mid,0.1816784347265485,,0.0
2021__2021-10-13,stationary,0-5,high,high,0.8071722801851141,,0.0
2021__2021-10-13,stationary,5-10,low,low,0.6820333197524633,,0.0
2021__2021-10-13,stationary,5-10,low,mid,0.2746315428881848,,0.0
2021__2021-10-13,stationary,5-10,low,high,0.0433351373593518,,0.0
2021__2021-10-13,stationary,5-10,mid,low,0.1573759269013782,,0.0
2021__2021-10-13,stationary,5-10,mid,mid,0.5976489826032516,,0.0
2021__2021-10-13,stationary,5-10,mid,high,0.2449750904953701,,0.0
2021__2021-10-13,stationary,5-10,high,low,0.0111492850883373,,0.0
2021__2021-10-13,stationary,5-10,high,mid,0.1816784347265485,,0.0
2021__2021-10-13,stationary,5-10,high,high,0.8071722801851141,,0.0
2021__2021-10-13,stationary,10-20,low,low,0.6820333197524633,,0.0
2021__2021-10-13,stationary,10-20,low,mid,0.2746315428881848,,0.0
2021__2021-10-13,stationary,10-20,low,high,0.0433351373593518,,0.0
2021__2021-10-13,stationary,10-20,mid,low,0.1573759269013782,,0.0
2021__2021-10-13,stationary,10-20,mid,mid,0.5976489826032516,,0.0
2021__2021-10-13,stationary,10-20,mid,high,0.2449750904953701,,0.0
2021__2021-10-13,stationary,10-20,high,low,0.0111492850883373,,0.0
2021__2021-10-13,stationary,10-20,high,mid,0.1816784347265485,,0.0
2021__2021-10-13,stationary,10-20,high,high,0.8071722801851141,,0.0
2021__2021-10-13,stationary,20-35,low,low,0.6820333197524633,,0.0
2021__2021-10-13,stationary,20-35,low,mid,0.2746315428881848,,0.0
2021__2021-10-13,stationary,20-35,low,high,0.0433351373593518,,0.0
2021__2021-10-13,stationary,20-35,mid,low,0.1573759269013782,,0.0
2021__2021-10-13,stationary,20-35,mid,mid,0.5976489826032516,,0.0
2021__2021-10-13,stationary,20-35,mid,high,0.2449750904953701,,0.0
2021__2021-10-13,stationary,20-35,high,low,0.0111492850883373,,0.0
2021__2021-10-13,stationary,20-35,high,mid,0.1816784347265485,,0.0
2021__2021-10-13,stationary,20-35,high,high,0.8071722801851141,,0.0
2021__2021-10-13,age_banded,0-5,low,low,0.6377307148355681,35623.0,0.0
2021__2021-10-13,age_banded,0-5,low,mid,0.3041049786068494,16987.0,0.0
2021__2021-10-13,age_banded,0-5,low,high,0.0581643065575824,3249.0,0.0
2021__2021-10-13,age_banded,0-5,mid,low,0.1385891585277434,6499.0,0.0
2021__2021-10-13,age_banded,0-5,mid,mid,0.5551882970102785,26035.0,0.0
2021__2021-10-13,age_banded,0-5,mid,high,0.306222544461978,14360.0,0.0
2021__2021-10-13,age_banded,0-5,high,low,0.0137091411325387,536.0,0.0
2021__2021-10-13,age_banded,0-5,high,mid,0.163716814159292,6401.0,0.0
2021__2021-10-13,age_banded,0-5,high,high,0.8225740447081692,32161.0,0.0
2021__2021-10-13,age_banded,5-10,low,low,0.753046218487395,7169.0,0.0
2021__2021-10-13,age_banded,5-10,low,mid,0.2305672268907563,2195.0,0.0
2021__2021-10-13,age_banded,5-10,low,high,0.0163865546218487,156.0,0.0
2021__2021-10-13,age_banded,5-10,mid,low,0.1530327028789714,3285.0,0.0
2021__2021-10-13,age_banded,5-10,mid,mid,0.6392434547656759,13722.0,0.0
2021__2021-10-13,age_banded,5-10,mid,high,0.2077238423553526,4459.0,0.0
2021__2021-10-13,age_banded,5-10,high,low,0.0078253473206691,276.0,0.0
2021__2021-10-13,age_banded,5-10,high,mid,0.1764388999149418,6223.0,0.0
2021__2021-10-13,age_banded,5-10,high,high,0.815735752764389,28771.0,0.0
2021__2021-10-13,age_banded,10-20,low,low,0.7799412196914034,8492.0,0.0
2021__2021-10-13,age_banded,10-20,low,mid,0.2099559147685525,2286.0,0.0
2021__2021-10-13,age_banded,10-20,low,high,0.010102865540044,110.0,0.0
2021__2021-10-13,age_banded,10-20,mid,low,0.1819573479729729,3447.0,0.0
2021__2021-10-13,age_banded,10-20,mid,mid,0.6469066722972973,12255.0,0.0
2021__2021-10-13,age_banded,10-20,mid,high,0.1711359797297297,3242.0,0.0
2021__2021-10-13,age_banded,10-20,high,low,0.0100881057268722,229.0,0.0
2021__2021-10-13,age_banded,10-20,high,mid,0.2067400881057268,4693.0,0.0
2021__2021-10-13,age_banded,10-20,high,high,0.7831718061674009,17778.0,0.0
2021__2021-10-13,age_banded,20-35,low,low,0.8050705171255876,4795.0,0.0
2021__2021-10-13,age_banded,20-35,low,mid,0.1868703828072531,1113.0,0.0
2021__2021-10-13,age_banded,20-35,low,high,0.0080591000671591,48.0,0.0
2021__2021-10-13,age_banded,20-35,mid,low,0.2336182336182336,1558.0,0.0
2021__2021-10-13,age_banded,20-35,mid,mid,0.6224321487479382,4151.0,0.0
2021__2021-10-13,age_banded,20-35,mid,high,0.1439496176338281,960.0,0.0
2021__2021-10-13,age_banded,20-35,high,low,0.018203675081573,106.0,0.0
2021__2021-10-13,age_banded,20-35,high,mid,0.2363043104928731,1376.0,0.0
2021__2021-10-13,age_banded,20-35,high,high,0.7454920144255538,4341.0,0.0
2021__2021-10-16,stationary,0-5,low,low,0.681941630208365,,0.0
2021__2021-10-16,stationary,0-5,low,mid,0.2747931663249018,,0.0
2021__2021-10-16,stationary,0-5,low,high,0.0432652034667331,,0.0
2021__2021-10-16,stationary,0-5,mid,low,0.1574298171424721,,0.0
2021__2021-10-16,stationary,0-5,mid,mid,0.5978623772365161,,0.0
2021__2021-10-16,stationary,0-5,mid,high,0.2447078056210117,,0.0
2021__2021-10-16,stationary,0-5,high,low,0.0111876173306834,,0.0
2021__2021-10-16,stationary,0-5,high,mid,0.1813197403863753,,0.0
2021__2021-10-16,stationary,0-5,high,high,0.8074926422829414,,0.0
2021__2021-10-16,stationary,5-10,low,low,0.681941630208365,,0.0
2021__2021-10-16,stationary,5-10,low,mid,0.2747931663249018,,0.0
2021__2021-10-16,stationary,5-10,low,high,0.0432652034667331,,0.0
2021__2021-10-16,stationary,5-10,mid,low,0.1574298171424721,,0.0
2021__2021-10-16,stationary,5-10,mid,mid,0.5978623772365161,,0.0
2021__2021-10-16,stationary,5-10,mid,high,0.2447078056210117,,0.0
2021__2021-10-16,stationary,5-10,high,low,0.0111876173306834,,0.0
2021__2021-10-16,stationary,5-10,high,mid,0.1813197403863753,,0.0
2021__2021-10-16,stationary,5-10,high,high,0.8074926422829414,,0.0
2021__2021-10-16,stationary,10-20,low,low,0.681941630208365,,0.0
2021__2021-10-16,stationary,10-20,low,mid,0.2747931663249018,,0.0
2021__2021-10-16,stationary,10-20,low,high,0.0432652034667331,,0.0
2021__2021-10-16,stationary,10-20,mid,low,0.1574298171424721,,0.0
2021__2021-10-16,stationary,10-20,mid,mid,0.5978623772365161,,0.0
2021__2021-10-16,stationary,10-20,mid,high,0.2447078056210117,,0.0
2021__2021-10-16,stationary,10-20,high,low,0.0111876173306834,,0.0
2021__2021-10-16,stationary,10-20,high,mid,0.1813197403863753,,0.0
2021__2021-10-16,stationary,10-20,high,high,0.8074926422829414,,0.0
2021__2021-10-16,stationary,20-35,low,low,0.681941630208365,,0.0
2021__2021-10-16,stationary,20-35,low,mid,0.2747931663249018,,0.0
2021__2021-10-16,stationary,20-35,low,high,0.0432652034667331,,0.0
2021__2021-10-16,stationary,20-35,mid,low,0.1574298171424721,,0.0
2021__2021-10-16,stationary,20-35,mid,mid,0.5978623772365161,,0.0
2021__2021-10-16,stationary,20-35,mid,high,0.2447078056210117,,0.0
2021__2021-10-16,stationary,20-35,high,low,0.0111876173306834,,0.0
2021__2021-10-16,stationary,20-35,high,mid,0.1813197403863753,,0.0
2021__2021-10-16,stationary,20-35,high,high,0.8074926422829414,,0.0
2021__2021-10-16,age_banded,0-5,low,low,0.6375752364574376,35592.0,0.0
2021__2021-10-16,age_banded,0-5,low,mid,0.3043493837775867,16990.0,0.0
2021__2021-10-16,age_banded,0-5,low,high,0.0580753797649756,3242.0,0.0
2021__2021-10-16,age_banded,0-5,mid,low,0.1390825922845627,6522.0,0.0
2021__2021-10-16,age_banded,0-5,mid,mid,0.554709658157934,26012.0,0.0
2021__2021-10-16,age_banded,0-5,mid,high,0.3062077495575032,14359.0,0.0
2021__2021-10-16,age_banded,0-5,high,low,0.013706336623536,536.0,0.0
2021__2021-10-16,age_banded,0-5,high,mid,0.1628138904515931,6367.0,0.0
2021__2021-10-16,age_banded,0-5,high,high,0.8234797729248708,32203.0,0.0
2021__2021-10-16,age_banded,5-10,low,low,0.7521583491261318,7144.0,0.0
2021__2021-10-16,age_banded,5-10,low,mid,0.2315224257738471,2199.0,0.0
2021__2021-10-16,age_banded,5-10,low,high,0.016319225100021,155.0,0.0
2021__2021-10-16,age_banded,5-10,mid,low,0.1519884376894027,3260.0,0.0
2021__2021-10-16,age_banded,5-10,mid,mid,0.6407757937432981,13744.0,0.0
2021__2021-10-16,age_banded,5-10,mid,high,0.2072357685672991,4445.0,0.0
2021__2021-10-16,age_banded,5-10,high,low,0.0080519406878171,284.0,0.0
2021__2021-10-16,age_banded,5-10,high,mid,0.1764338975362195,6223.0,0.0
2021__2021-10-16,age_banded,5-10,high,high,0.8155141617759633,28764.0,0.0
2021__2021-10-16,age_banded,10-20,low,low,0.7809830041341296,8501.0,0.0
2021__2021-10-16,age_banded,10-20,low,mid,0.2089113458888378,2274.0,0.0
2021__2021-10-16,age_banded,10-20,low,high,0.0101056499770326,110.0,0.0
2021__2021-10-16,age_banded,10-20,mid,low,0.1819809383392133,3456.0,0.0
2021__2021-10-16,age_banded,10-20,mid,mid,0.6475172450107946,12297.0,0.0
2021__2021-10-16,age_banded,10-20,mid,high,0.1705018166499921,3238.0,0.0
2021__2021-10-16,age_banded,10-20,high,low,0.0099210723576877,225.0,0.0
2021__2021-10-16,age_banded,10-20,high,mid,0.206534679659597,4684.0,0.0
2021__2021-10-16,age_banded,10-20,high,high,0.7835442479827153,17770.0,0.0
2021__2021-10-16,age_banded,20-35,low,low,0.8046613011401744,4799.0,0.0
2021__2021-10-16,age_banded,20-35,low,mid,0.187290409121395,1117.0,0.0
2021__2021-10-16,age_banded,20-35,low,high,0.0080482897384305,48.0,0.0
2021__2021-10-16,age_banded,20-35,mid,low,0.2340585146286571,1560.0,0.0
2021__2021-10-16,age_banded,20-35,mid,mid,0.6219054763690923,4145.0,0.0
2021__2021-10-16,age_banded,20-35,mid,high,0.1440360090022505,960.0,0.0
2021__2021-10-16,age_banded,20-35,high,low,0.0181506849315068,106.0,0.0
2021__2021-10-16,age_banded,20-35,high,mid,0.2368150684931506,1383.0,0.0
2021__2021-10-16,age_banded,20-35,high,high,0.7450342465753425,4351.0,0.0
2021__2021-10-17,stationary,0-5,low,low,0.6817325456650868,,0.0
2021__2021-10-17,stationary,0-5,low,mid,0.2748138819430502,,0.0
2021__2021-10-17,stationary,0-5,low,high,0.0434535723918629,,0.0
2021__2021-10-17,stationary,0-5,mid,low,0.1576463658894429,,0.0
2021__2021-10-17,stationary,0-5,mid,mid,0.5975184193672572,,0.0
2021__2021-10-17,stationary,0-5,mid,high,0.2448352147432997,,0.0
2021__2021-10-17,stationary,0-5,high,low,0.0112295471078772,,0.0
2021__2021-10-17,stationary,0-5,high,mid,0.1815051902833877,,0.0
2021__2021-10-17,stationary,0-5,high,high,0.8072652626087351,,0.0
2021__2021-10-17,stationary,5-10,low,low,0.6817325456650868,,0.0
2021__2021-10-17,stationary,5-10,low,mid,0.2748138819430502,,0.0
2021__2021-10-17,stationary,5-10,low,high,0.0434535723918629,,0.0
2021__2021-10-17,stationary,5-10,mid,low,0.1576463658894429,,0.0
2021__2021-10-17,stationary,5-10,mid,mid,0.5975184193672572,,0.0
2021__2021-10-17,stationary,5-10,mid,high,0.2448352147432997,,0.0
2021__2021-10-17,stationary,5-10,high,low,0.0112295471078772,,0.0
2021__2021-10-17,stationary,5-10,high,mid,0.1815051902833877,,0.0
2021__2021-10-17,stationary,5-10,high,high,0.8072652626087351,,0.0
2021__2021-10-17,stationary,10-20,low,low,0.6817325456650868,,0.0
2021__2021-10-17,stationary,10-20,low,mid,0.2748138819430502,,0.0
2021__2021-10-17,stationary,10-20,low,high,0.0434535723918629,,0.0
2021__2021-10-17,stationary,10-20,mid,low,0.1576463658894429,,0.0
2021__2021-10-17,stationary,10-20,mid,mid,0.5975184193672572,,0.0
2021__2021-10-17,stationary,10-20,mid,high,0.2448352147432997,,0.0
2021__2021-10-17,stationary,10-20,high,low,0.0112295471078772,,0.0
2021__2021-10-17,stationary,10-20,high,mid,0.1815051902833877,,0.0
2021__2021-10-17,stationary,10-20,high,high,0.8072652626087351,,0.0
2021__2021-10-17,stationary,20-35,low,low,0.6817325456650868,,0.0
2021__2021-10-17,stationary,20-35,low,mid,0.2748138819430502,,0.0
2021__2021-10-17,stationary,20-35,low,high,0.0434535723918629,,0.0
2021__2021-10-17,stationary,20-35,mid,low,0.1576463658894429,,0.0
2021__2021-10-17,stationary,20-35,mid,mid,0.5975184193672572,,0.0
2021__2021-10-17,stationary,20-35,mid,high,0.2448352147432997,,0.0
2021__2021-10-17,stationary,20-35,high,low,0.0112295471078772,,0.0
2021__2021-10-17,stationary,20-35,high,mid,0.1815051902833877,,0.0
2021__2021-10-17,stationary,20-35,high,high,0.8072652626087351,,0.0
2021__2021-10-17,age_banded,0-5,low,low,0.6374484859344204,35576.0,0.0
2021__2021-10-17,age_banded,0-5,low,mid,0.3042286328614944,16979.0,0.0
2021__2021-10-17,age_banded,0-5,low,high,0.0583228812040852,3255.0,0.0
2021__2021-10-17,age_banded,0-5,mid,low,0.1388593091110448,6520.0,0.0
2021__2021-10-17,age_banded,0-5,mid,mid,0.5549473953230821,26057.0,0.0
2021__2021-10-17,age_banded,0-5,mid,high,0.306193295565873,14377.0,0.0
2021__2021-10-17,age_banded,0-5,high,low,0.0137563166760247,539.0,0.0
2021__2021-10-17,age_banded,0-5,high,mid,0.1632382216323822,6396.0,0.0
2021__2021-10-17,age_banded,0-5,high,high,0.823005461691593,32247.0,0.0
2021__2021-10-17,age_banded,5-10,low,low,0.7520496110994325,7155.0,0.0
2021__2021-10-17,age_banded,5-10,low,mid,0.2314483918435989,2202.0,0.0
2021__2021-10-17,age_banded,5-10,low,high,0.0165019970569686,157.0,0.0
2021__2021-10-17,age_banded,5-10,mid,low,0.1530169396612067,3279.0,0.0
2021__2021-10-17,age_banded,5-10,mid,mid,0.6389938867889309,13693.0,0.0
2021__2021-10-17,age_banded,5-10,mid,high,0.2079891735498623,4457.0,0.0
2021__2021-10-17,age_banded,5-10,high,low,0.0079048023799405,279.0,0.0
2021__2021-10-17,age_banded,5-10,high,mid,0.1768805779855503,6243.0,0.0
2021__2021-10-17,age_banded,5-10,high,high,0.8152146196345091,28773.0,0.0
2021__2021-10-17,age_banded,10-20,low,low,0.7805101853551111,8506.0,0.0
2021__2021-10-17,age_banded,10-20,low,mid,0.2093044595338594,2281.0,0.0
2021__2021-10-17,age_banded,10-20,low,high,0.0101853551110295,111.0,0.0
2021__2021-10-17,age_banded,10-20,mid,low,0.1824427884361291,3452.0,0.0
2021__2021-10-17,age_banded,10-20,mid,mid,0.6473759315046773,12249.0,0.0
2021__2021-10-17,age_banded,10-20,mid,high,0.1701812800591935,3220.0,0.0
2021__2021-10-17,age_banded,10-20,high,low,0.0102983425414364,233.0,0.0
2021__2021-10-17,age_banded,10-20,high,mid,0.2064972375690607,4672.0,0.0
2021__2021-10-17,age_banded,10-20,high,high,0.7832044198895027,17720.0,0.0
2021__2021-10-17,age_banded,20-35,low,low,0.8035564502600235,4790.0,0.0
2021__2021-10-17,age_banded,20-35,low,mid,0.1883912095286025,1123.0,0.0
2021__2021-10-17,age_banded,20-35,low,high,0.0080523402113739,48.0,0.0
2021__2021-10-17,age_banded,20-35,mid,low,0.2347538021382322,1559.0,0.0
2021__2021-10-17,age_banded,20-35,mid,mid,0.6226471916879988,4135.0,0.0
2021__2021-10-17,age_banded,20-35,mid,high,0.142599006173769,947.0,0.0
2021__2021-10-17,age_banded,20-35,high,low,0.0180367672563302,104.0,0.0
2021__2021-10-17,age_banded,20-35,high,mid,0.235865417967395,1360.0,0.0
2021__2021-10-17,age_banded,20-35,high,high,0.7460978147762747,4302.0,0.0
2021__2021-11-07,stationary,0-5,low,low,0.6817474884179865,,0.0
2021__2021-11-07,stationary,0-5,low,mid,0.2749546298184575,,0.0
2021__2021-11-07,stationary,0-5,low,high,0.0432978817635559,,0.0
2021__2021-11-07,stationary,0-5,mid,low,0.1578115065749541,,0.0
2021__2021-11-07,stationary,0-5,mid,mid,0.5973617332447186,,0.0
2021__2021-11-07,stationary,0-5,mid,high,0.2448267601803272,,0.0
2021__2021-11-07,stationary,0-5,high,low,0.0111094106631253,,0.0
2021__2021-11-07,stationary,0-5,high,mid,0.1814580957505805,,0.0
2021__2021-11-07,stationary,0-5,high,high,0.8074324935862942,,0.0
2021__2021-11-07,stationary,5-10,low,low,0.6817474884179865,,0.0
2021__2021-11-07,stationary,5-10,low,mid,0.2749546298184575,,0.0
2021__2021-11-07,stationary,5-10,low,high,0.0432978817635559,,0.0
2021__2021-11-07,stationary,5-10,mid,low,0.1578115065749541,,0.0
2021__2021-11-07,stationary,5-10,mid,mid,0.5973617332447186,,0.0
2021__2021-11-07,stationary,5-10,mid,high,0.2448267601803272,,0.0
2021__2021-11-07,stationary,5-10,high,low,0.0111094106631253,,0.0
2021__2021-11-07,stationary,5-10,high,mid,0.1814580957505805,,0.0
2021__2021-11-07,stationary,5-10,high,high,0.8074324935862942,,0.0
2021__2021-11-07,stationary,10-20,low,low,0.6817474884179865,,0.0
2021__2021-11-07,stationary,10-20,low,mid,0.2749546298184575,,0.0
2021__2021-11-07,stationary,10-20,low,high,0.0432978817635559,,0.0
2021__2021-11-07,stationary,10-20,mid,low,0.1578115065749541,,0.0
2021__2021-11-07,stationary,10-20,mid,mid,0.5973617332447186,,0.0
2021__2021-11-07,stationary,10-20,mid,high,0.2448267601803272,,0.0
2021__2021-11-07,stationary,10-20,high,low,0.0111094106631253,,0.0
2021__2021-11-07,stationary,10-20,high,mid,0.1814580957505805,,0.0
2021__2021-11-07,stationary,10-20,high,high,0.8074324935862942,,0.0
2021__2021-11-07,stationary,20-35,low,low,0.6817474884179865,,0.0
2021__2021-11-07,stationary,20-35,low,mid,0.2749546298184575,,0.0
2021__2021-11-07,stationary,20-35,low,high,0.0432978817635559,,0.0
2021__2021-11-07,stationary,20-35,mid,low,0.1578115065749541,,0.0
2021__2021-11-07,stationary,20-35,mid,mid,0.5973617332447186,,0.0
2021__2021-11-07,stationary,20-35,mid,high,0.2448267601803272,,0.0
2021__2021-11-07,stationary,20-35,high,low,0.0111094106631253,,0.0
2021__2021-11-07,stationary,20-35,high,mid,0.1814580957505805,,0.0
2021__2021-11-07,stationary,20-35,high,high,0.8074324935862942,,0.0
2021__2021-11-07,age_banded,0-5,low,low,0.637331634510375,35015.0,0.0
2021__2021-11-07,age_banded,0-5,low,mid,0.3045868219876229,16734.0,0.0
2021__2021-11-07,age_banded,0-5,low,high,0.0580815435020021,3191.0,0.0
2021__2021-11-07,age_banded,0-5,mid,low,0.1387477019573915,6415.0,0.0
2021__2021-11-07,age_banded,0-5,mid,mid,0.5546663782848491,25645.0,0.0
2021__2021-11-07,age_banded,0-5,mid,high,0.3065859197577593,14175.0,0.0
2021__2021-11-07,age_banded,0-5,high,low,0.0136234136234136,526.0,0.0
2021__2021-11-07,age_banded,0-5,high,mid,0.1627557627557627,6284.0,0.0
2021__2021-11-07,age_banded,0-5,high,high,0.8236208236208237,31800.0,0.0
2021__2021-11-07,age_banded,5-10,low,low,0.7519794564519581,7028.0,0.0
2021__2021-11-07,age_banded,5-10,low,mid,0.2316499037021185,2165.0,0.0
2021__2021-11-07,age_banded,5-10,low,high,0.0163706398459233,153.0,0.0
2021__2021-11-07,age_banded,5-10,mid,low,0.1533506985555292,3238.0,0.0
2021__2021-11-07,age_banded,5-10,mid,mid,0.6389770305470045,13492.0,0.0
2021__2021-11-07,age_banded,5-10,mid,high,0.2076722708974662,4385.0,0.0
2021__2021-11-07,age_banded,5-10,high,low,0.0078228357779695,272.0,0.0
2021__2021-11-07,age_banded,5-10,high,mid,0.1767903364969801,6147.0,0.0
2021__2021-11-07,age_banded,5-10,high,high,0.8153868277250503,28351.0,0.0
2021__2021-11-07,age_banded,10-20,low,low,0.7808690797431841,8392.0,0.0
2021__2021-11-07,age_banded,10-20,low,mid,0.2086163580534102,2242.0,0.0
2021__2021-11-07,age_banded,10-20,low,high,0.0105145622034056,113.0,0.0
2021__2021-11-07,age_banded,10-20,mid,low,0.1830721339630742,3411.0,0.0
2021__2021-11-07,age_banded,10-20,mid,mid,0.6470588235294118,12056.0,0.0
2021__2021-11-07,age_banded,10-20,mid,high,0.1698690425075139,3165.0,0.0
2021__2021-11-07,age_banded,10-20,high,low,0.0101714748638552,226.0,0.0
2021__2021-11-07,age_banded,10-20,high,mid,0.206669967145236,4592.0,0.0
2021__2021-11-07,age_banded,10-20,high,high,0.7831585579909087,17401.0,0.0
2021__2021-11-07,age_banded,20-35,low,low,0.8040851063829787,4724.0,0.0
2021__2021-11-07,age_banded,20-35,low,mid,0.1880851063829787,1105.0,0.0
2021__2021-11-07,age_banded,20-35,low,high,0.0078297872340425,46.0,0.0
2021__2021-11-07,age_banded,20-35,mid,low,0.2348542652220357,1539.0,0.0
2021__2021-11-07,age_banded,20-35,mid,mid,0.623226003357241,4084.0,0.0
2021__2021-11-07,age_banded,20-35,mid,high,0.1419197314207233,930.0,0.0
2021__2021-11-07,age_banded,20-35,high,low,0.0177785601126562,101.0,0.0
2021__2021-11-07,age_banded,20-35,high,mid,0.2385143460658335,1355.0,0.0
2021__2021-11-07,age_banded,20-35,high,high,0.7437070938215103,4225.0,0.0
2021__2021-11-13,stationary,0-5,low,low,0.6816868040748637,,0.0
2021__2021-11-13,stationary,0-5,low,mid,0.2749997424883862,,0.0
2021__2021-11-13,stationary,0-5,low,high,0.0433134534367499,,0.0
2021__2021-11-13,stationary,0-5,mid,low,0.1573540037153354,,0.0
2021__2021-11-13,stationary,0-5,mid,mid,0.5978428712227273,,0.0
2021__2021-11-13,stationary,0-5,mid,high,0.2448031250619372,,0.0
2021__2021-11-13,stationary,0-5,high,low,0.0110974552358764,,0.0
2021__2021-11-13,stationary,0-5,high,mid,0.181137781199973,,0.0
2021__2021-11-13,stationary,0-5,high,high,0.8077647635641506,,0.0
2021__2021-11-13,stationary,5-10,low,low,0.6816868040748637,,0.0
2021__2021-11-13,stationary,5-10,low,mid,0.2749997424883862,,0.0
2021__2021-11-13,stationary,5-10,low,high,0.0433134534367499,,0.0
2021__2021-11-13,stationary,5-10,mid,low,0.1573540037153354,,0.0
2021__2021-11-13,stationary,5-10,mid,mid,0.5978428712227273,,0.0
2021__2021-11-13,stationary,5-10,mid,high,0.2448031250619372,,0.0
2021__2021-11-13,stationary,5-10,high,low,0.0110974552358764,,0.0
2021__2021-11-13,stationary,5-10,high,mid,0.181137781199973,,0.0
2021__2021-11-13,stationary,5-10,high,high,0.8077647635641506,,0.0
2021__2021-11-13,stationary,10-20,low,low,0.6816868040748637,,0.0
2021__2021-11-13,stationary,10-20,low,mid,0.2749997424883862,,0.0
2021__2021-11-13,stationary,10-20,low,high,0.0433134534367499,,0.0
2021__2021-11-13,stationary,10-20,mid,low,0.1573540037153354,,0.0
2021__2021-11-13,stationary,10-20,mid,mid,0.5978428712227273,,0.0
2021__2021-11-13,stationary,10-20,mid,high,0.2448031250619372,,0.0
2021__2021-11-13,stationary,10-20,high,low,0.0110974552358764,,0.0
2021__2021-11-13,stationary,10-20,high,mid,0.181137781199973,,0.0
2021__2021-11-13,stationary,10-20,high,high,0.8077647635641506,,0.0
2021__2021-11-13,stationary,20-35,low,low,0.6816868040748637,,0.0
2021__2021-11-13,stationary,20-35,low,mid,0.2749997424883862,,0.0
2021__2021-11-13,stationary,20-35,low,high,0.0433134534367499,,0.0
2021__2021-11-13,stationary,20-35,mid,low,0.1573540037153354,,0.0
2021__2021-11-13,stationary,20-35,mid,mid,0.5978428712227273,,0.0
2021__2021-11-13,stationary,20-35,mid,high,0.2448031250619372,,0.0
2021__2021-11-13,stationary,20-35,high,low,0.0110974552358764,,0.0
2021__2021-11-13,stationary,20-35,high,mid,0.181137781199973,,0.0
2021__2021-11-13,stationary,20-35,high,high,0.8077647635641506,,0.0
2021__2021-11-13,age_banded,0-5,low,low,0.6373880013812405,35071.0,0.0
2021__2021-11-13,age_banded,0-5,low,mid,0.3044908492812097,16754.0,0.0
2021__2021-11-13,age_banded,0-5,low,high,0.0581211493375497,3198.0,0.0
2021__2021-11-13,age_banded,0-5,mid,low,0.1386177189982467,6404.0,0.0
2021__2021-11-13,age_banded,0-5,mid,mid,0.5548172038355809,25632.0,0.0
2021__2021-11-13,age_banded,0-5,mid,high,0.3065650771661724,14163.0,0.0
2021__2021-11-13,age_banded,0-5,high,low,0.0136929567985918,529.0,0.0
2021__2021-11-13,age_banded,0-5,high,mid,0.162115290037015,6263.0,0.0
2021__2021-11-13,age_banded,0-5,high,high,0.8241917531643931,31841.0,0.0
2021__2021-11-13,age_banded,5-10,low,low,0.7529637936558795,7050.0,0.0
2021__2021-11-13,age_banded,5-10,low,mid,0.2305884865961764,2159.0,0.0
2021__2021-11-13,age_banded,5-10,low,high,0.016447719747944,154.0,0.0
2021__2021-11-13,age_banded,5-10,mid,low,0.1520926933081106,3216.0,0.0
2021__2021-11-13,age_banded,5-10,mid,mid,0.6412390636084181,13559.0,0.0
2021__2021-11-13,age_banded,5-10,mid,high,0.2066682430834712,4370.0,0.0
2021__2021-11-13,age_banded,5-10,high,low,0.0078241859394776,272.0,0.0
2021__2021-11-13,age_banded,5-10,high,mid,0.1766770222068806,6142.0,0.0
2021__2021-11-13,age_banded,5-10,high,high,0.8154987918536417,28350.0,0.0
2021__2021-11-13,age_banded,10-20,low,low,0.7805950598802395,8343.0,0.0
2021__2021-11-13,age_banded,10-20,low,mid,0.2093937125748503,2238.0,0.0
2021__2021-11-13,age_banded,10-20,low,high,0.0100112275449101,107.0,0.0
2021__2021-11-13,age_banded,10-20,mid,low,0.1821740762589156,3397.0,0.0
2021__2021-11-13,age_banded,10-20,mid,mid,0.647235480238108,12069.0,0.0
2021__2021-11-13,age_banded,10-20,mid,high,0.1705904435029763,3181.0,0.0
2021__2021-11-13,age_banded,10-20,high,low,0.0101477257419963,226.0,0.0
2021__2021-11-13,age_banded,10-20,high,mid,0.2069058416775178,4608.0,0.0
2021__2021-11-13,age_banded,10-20,high,high,0.7829464325804858,17437.0,0.0
2021__2021-11-13,age_banded,20-35,low,low,0.8040494166094715,4686.0,0.0
2021__2021-11-13,age_banded,20-35,low,mid,0.1882292381606039,1097.0,0.0
2021__2021-11-13,age_banded,20-35,low,high,0.0077213452299245,45.0,0.0
2021__2021-11-13,age_banded,20-35,mid,low,0.2363245236631837,1538.0,0.0
2021__2021-11-13,age_banded,20-35,mid,mid,0.6207744314689613,4040.0,0.0
2021__2021-11-13,age_banded,20-35,mid,high,0.1429010448678549,930.0,0.0
2021__2021-11-13,age_banded,20-35,high,low,0.0172260699698099,97.0,0.0
2021__2021-11-13,age_banded,20-35,high,mid,0.2372580358728467,1336.0,0.0
2021__2021-11-13,age_banded,20-35,high,high,0.7455158941573433,4198.0,0.0
